v,psi_fine,psi_control
0.0,1.0,1.0
0.0001220703125,0.9999999082801123,0.9999999082801123
0.000244140625,0.9999996331205948,0.9999996331205948
0.0003662109375,0.9999991745218805,0.9999991745218805
0.00048828125,0.9999985324846925,0.9999985324846925
0.0006103515625,0.9999977070100438,0.9999977070100438
0.000732421875,0.999996698099235,0.999996698099235
0.0008544921875,0.999995505753857,0.999995505753857
0.0009765625,0.9999941299757895,0.9999941299757893
0.0010986328125,0.999992570767201,0.9999925707672013
0.001220703125,0.9999908281305495,0.99999082813055
0.0013427734375,0.9999889020685823,0.999988902068582
0.00146484375,0.9999867925843343,0.9999867925843343
0.0015869140625,0.9999844996811312,0.999984499681131
0.001708984375,0.9999820233625859,0.9999820233625859
0.0018310546875,0.9999793636326006,0.9999793636326006
0.001953125,0.999976520495367,0.999976520495367
0.0020751953125,0.9999734939553646,0.9999734939553646
0.002197265625,0.9999702840173614,0.9999702840173617
0.0023193359375,0.9999668906864152,0.9999668906864152
0.00244140625,0.9999633139678696,0.9999633139678697
0.0025634765625,0.9999595538673595,0.9999595538673595
0.002685546875,0.9999556103908054,0.9999556103908056
0.0028076171875,0.999951483544418,0.999951483544418
0.0029296875,0.9999471733346947,0.9999471733346947
0.0030517578125,0.9999426797684208,0.9999426797684209
0.003173828125,0.9999380028526704,0.9999380028526704
0.0032958984375,0.999933142594804,0.999933142594804
0.00341796875,0.9999280990024701,0.9999280990024703
0.0035400390625,0.9999228720836052,0.9999228720836052
0.003662109375,0.9999174618464316,0.9999174618464316
0.0037841796875,0.9999118682994601,0.9999118682994601
0.00390625,0.999906091451488,0.999906091451488
0.0040283203125,0.9999001313115986,0.9999001313115984
0.004150390625,0.9998939878891628,0.9998939878891628
0.0042724609375,0.999887661193838,0.999887661193838
0.00439453125,0.9998811512355666,0.9998811512355668
0.0045166015625,0.9998744580245794,0.9998744580245794
0.004638671875,0.9998675815713911,0.9998675815713911
0.0047607421875,0.9998605218868023,0.9998605218868027
0.0048828125,0.9998532789819008,0.9998532789819008
0.0050048828125,0.9998458528680578,0.999845852868058
0.005126953125,0.9998382435569318,0.9998382435569316
0.0052490234375,0.9998304510604639,0.9998304510604639
0.00537109375,0.9998224753908818,0.999822475390882
0.0054931640625,0.9998143165606971,0.9998143165606971
0.005615234375,0.9998059745827058,0.9998059745827058
0.0057373046875,0.9997974494699882,0.9997974494699884
0.005859375,0.9997887412359081,0.9997887412359081
0.0059814453125,0.9997798498941135,0.9997798498941133
0.006103515625,0.9997707754585352,0.9997707754585352
0.0062255859375,0.9997615179433877,0.9997615179433879
0.00634765625,0.9997520773631688,0.9997520773631688
0.0064697265625,0.9997424537326584,0.9997424537326584
0.006591796875,0.9997326470669186,0.9997326470669186
0.0067138671875,0.9997226573812945,0.9997226573812943
0.0068359375,0.9997124846914125,0.9997124846914125
0.0069580078125,0.9997021290131812,0.9997021290131812
0.007080078125,0.9996915903627901,0.9996915903627905
0.0072021484375,0.9996808687567109,0.9996808687567109
0.00732421875,0.9996699642116949,0.9996699642116944
0.0074462890625,0.9996588767447737,0.9996588767447735
0.007568359375,0.9996476063732606,0.9996476063732603
0.0076904296875,0.9996361531147475,0.9996361531147477
0.0078125,0.9996245169871082,0.9996245169871081
0.0079345703125,0.9996126980084926,0.9996126980084926
0.008056640625,0.9996006961973325,0.9996006961973326
0.0081787109375,0.9995885115723374,0.9995885115723373
0.00830078125,0.9995761441524946,0.9995761441524946
0.0084228515625,0.9995635939570708,0.9995635939570708
0.008544921875,0.9995508610056095,0.9995508610056095
0.0086669921875,0.9995379453179327,0.9995379453179327
0.0087890625,0.9995248469141386,0.9995248469141386
0.0089111328125,0.9995115658146027,0.9995115658146027
0.009033203125,0.9994981020399769,0.9994981020399769
0.0091552734375,0.9994844556111896,0.9994844556111896
0.00927734375,0.9994706265494437,0.999470626549444
0.0093994140625,0.9994566148762196,0.9994566148762196
0.009521484375,0.9994424206132713,0.9994424206132713
0.0096435546875,0.9994280437826277,0.9994280437826277
0.009765625,0.9994134844065926,0.9994134844065926
0.0098876953125,0.9993987425077434,0.9993987425077434
0.010009765625,0.9993838181089312,0.9993838181089312
0.0101318359375,0.9993687112332805,0.9993687112332803
0.01025390625,0.9993534219041886,0.9993534219041886
0.0103759765625,0.9993379501453252,0.9993379501453252
0.010498046875,0.9993222959806326,0.9993222959806324
0.0106201171875,0.9993064594343237,0.9993064594343237
0.0107421875,0.9992904405308839,0.9992904405308839
0.0108642578125,0.9992742392950693,0.9992742392950693
0.010986328125,0.999257855751906,0.999257855751906
0.0111083984375,0.9992412899266906,0.9992412899266906
0.01123046875,0.9992245418449895,0.9992245418449898
0.0113525390625,0.9992076115326386,0.9992076115326386
0.011474609375,0.9991904990157419,0.9991904990157419
0.0115966796875,0.9991732043206724,0.9991732043206724
0.01171875,0.9991557274740714,0.9991557274740717
0.0118408203125,0.9991380685028475,0.9991380685028475
0.011962890625,0.9991202274341766,0.9991202274341766
0.0120849609375,0.9991022042955013,0.9991022042955013
0.01220703125,0.9990839991145304,0.9990839991145304
0.0123291015625,0.999065611919239,0.999065611919239
0.012451171875,0.9990470427378673,0.9990470427378673
0.0125732421875,0.9990282915989211,0.9990282915989208
0.0126953125,0.9990093585311698,0.9990093585311698
0.0128173828125,0.9989902435636471,0.9989902435636471
0.012939453125,0.9989709467256516,0.9989709467256516
0.0130615234375,0.9989514680467438,0.9989514680467438
0.01318359375,0.9989318075567472,0.9989318075567472
0.0133056640625,0.9989119652857472,0.9989119652857472
0.013427734375,0.9988919412640923,0.9988919412640923
0.0135498046875,0.9988717355223908,0.9988717355223911
0.013671875,0.9988513480915133,0.9988513480915133
0.0137939453125,0.9988307790025899,0.9988307790025899
0.013916015625,0.9988100282870104,0.9988100282870104
0.0140380859375,0.9987890959764245,0.9987890959764245
0.01416015625,0.9987679821027409,0.9987679821027409
0.0142822265625,0.9987466866981263,0.9987466866981263
0.014404296875,0.9987252097950059,0.9987252097950061
0.0145263671875,0.998703551426062,0.9987035514260623
0.0146484375,0.9986817116242344,0.9986817116242341
0.0147705078125,0.9986596904227178,0.9986596904227178
0.014892578125,0.9986374878549651,0.9986374878549651
0.0150146484375,0.9986151039546831,0.9986151039546831
0.01513671875,0.9985925387558341,0.9985925387558341
0.0152587890625,0.9985697922926348,0.9985697922926348
0.015380859375,0.9985468645995561,0.9985468645995559
0.0155029296875,0.9985237557113217,0.9985237557113217
0.015625,0.9985004656629085,0.9985004656629085
0.0157470703125,0.9984769944895461,0.9984769944895461
0.015869140625,0.9984533422267153,0.9984533422267153
0.0159912109375,0.9984295089101488,0.998429508910149
0.01611328125,0.9984054945758299,0.9984054945758299
0.0162353515625,0.9983812992599925,0.9983812992599924
0.016357421875,0.9983569229991198,0.9983569229991198
0.0164794921875,0.9983323658299443,0.9983323658299443
0.0166015625,0.9983076277894474,0.9983076277894471
0.0167236328125,0.9982827089148579,0.9982827089148579
0.016845703125,0.9982576092436535,0.9982576092436533
0.0169677734375,0.9982323288135582,0.9982323288135584
0.01708984375,0.998206867662542,0.9982068676625422
0.0172119140625,0.9981812258288222,0.998181225828822
0.017333984375,0.9981554033508601,0.9981554033508601
0.0174560546875,0.9981294002673625,0.9981294002673625
0.017578125,0.9981032166172813,0.9981032166172813
0.0177001953125,0.9980768524398101,0.9980768524398101
0.017822265625,0.9980503077743883,0.9980503077743883
0.0179443359375,0.9980235826606959,0.9980235826606957
0.01806640625,0.9979966771386553,0.997996677138655
0.0181884765625,0.9979695912484313,0.9979695912484313
0.018310546875,0.9979423250304288,0.9979423250304292
0.0184326171875,0.9979148785252944,0.9979148785252944
0.0185546875,0.9978872517739122,0.9978872517739122
0.0186767578125,0.9978594448174075,0.9978594448174075
0.018798828125,0.9978314576971438,0.9978314576971433
0.0189208984375,0.9978032904547216,0.9978032904547214
0.01904296875,0.9977749431319808,0.9977749431319808
0.0191650390625,0.9977464157709969,0.9977464157709969
0.019287109375,0.9977177084140821,0.9977177084140821
0.0194091796875,0.9976888211037845,0.9976888211037848
0.01953125,0.9976597538828877,0.9976597538828877
0.0196533203125,0.9976305067944087,0.9976305067944087
0.019775390625,0.9976010798815997,0.9976010798815997
0.0198974609375,0.9975714731879467,0.9975714731879464
0.02001953125,0.9975416867571665,0.9975416867571667
0.0201416015625,0.9975117206332107,0.9975117206332109
0.020263671875,0.9974815748602608,0.997481574860261
0.0203857421875,0.9974512494827301,0.9974512494827301
0.0205078125,0.9974207445452622,0.9974207445452624
0.0206298828125,0.997390060092731,0.9973900600927309
0.020751953125,0.9973591961702384,0.9973591961702386
0.0208740234375,0.9973281528231172,0.9973281528231172
0.02099609375,0.9972969300969258,0.9972969300969258
0.0211181640625,0.9972655280374522,0.9972655280374522
0.021240234375,0.9972339466907097,0.9972339466907097
0.0213623046875,0.9972021861029392,0.997202186102939
0.021484375,0.9971702463206065,0.9971702463206067
0.0216064453125,0.9971381273904025,0.9971381273904026
0.021728515625,0.9971058293592427,0.9971058293592427
0.0218505859375,0.997073352274267,0.997073352274267
0.02197265625,0.9970406961828375,0.9970406961828375
0.0220947265625,0.9970078611325397,0.9970078611325395
0.022216796875,0.9969748471711808,0.9969748471711808
0.0223388671875,0.9969416543467897,0.9969416543467899
0.0224609375,0.9969082827076164,0.9969082827076164
0.0225830078125,0.9968747323021302,0.9968747323021302
0.022705078125,0.9968410031790202,0.9968410031790206
0.0228271484375,0.9968070953871956,0.9968070953871956
0.02294921875,0.9967730089757822,0.9967730089757825
0.0230712890625,0.9967387439941251,0.9967387439941253
0.023193359375,0.9967043004917855,0.9967043004917855
0.0233154296875,0.9966696785185418,0.9966696785185418
0.0234375,0.9966348781243871,0.9966348781243871
0.0235595703125,0.9965998993595315,0.9965998993595315
0.023681640625,0.9965647422743982,0.9965647422743986
0.0238037109375,0.9965294069196258,0.9965294069196258
0.02392578125,0.9964938933460651,0.9964938933460651
0.0240478515625,0.99645820160478,0.99645820160478
0.024169921875,0.9964223317470465,0.9964223317470465
0.0242919921875,0.9963862838243529,0.9963862838243529
0.0244140625,0.9963500578883974,0.9963500578883974
0.0245361328125,0.9963136539910891,0.9963136539910891
0.024658203125,0.9962770721845464,0.9962770721845463
0.0247802734375,0.9962403125210965,0.9962403125210962
0.02490234375,0.9962033750532757,0.9962033750532759
0.0250244140625,0.9961662598338282,0.996166259833828
0.025146484375,0.996128966915704,0.9961289669157039
0.0252685546875,0.9960914963520606,0.9960914963520608
0.025390625,0.996053848196262,0.9960538481962615
0.0255126953125,0.9960160225018756,0.9960160225018756
0.025634765625,0.9959780193226754,0.9959780193226754
0.0257568359375,0.9959398387126382,0.9959398387126382
0.02587890625,0.9959014807259446,0.9959014807259442
0.0260009765625,0.9958629454169774,0.9958629454169774
0.026123046875,0.9958242328403223,0.9958242328403223
0.0262451171875,0.995785343050766,0.9957853430507658
0.0263671875,0.9957462761032965,0.9957462761032965
0.0264892578125,0.995707032053101,0.9957070320531007
0.026611328125,0.9956676109555673,0.9956676109555673
0.0267333984375,0.9956280128662821,0.9956280128662819
0.02685546875,0.9955882378410295,0.9955882378410297
0.0269775390625,0.9955482859357919,0.995548285935792
0.027099609375,0.9955081572067495,0.995508157206749
0.0272216796875,0.9954678517102767,0.9954678517102767
0.02734375,0.9954273695029465,0.9954273695029465
0.0274658203125,0.9953867106415252,0.9953867106415252
0.027587890625,0.9953458751829733,0.9953458751829736
0.0277099609375,0.9953048631844478,0.9953048631844478
0.02783203125,0.9952636747032954,0.9952636747032956
0.0279541015625,0.9952223097970578,0.9952223097970578
0.028076171875,0.9951807685234682,0.9951807685234682
0.0281982421875,0.9951390509404505,0.9951390509404505
0.0283203125,0.9950971571061202,0.9950971571061202
0.0284423828125,0.9950550870787824,0.9950550870787824
0.028564453125,0.9950128409169317,0.9950128409169317
0.0286865234375,0.9949704186792515,0.9949704186792515
0.02880859375,0.9949278204246138,0.9949278204246136
0.0289306640625,0.9948850462120774,0.9948850462120772
0.029052734375,0.9948420961008883,0.9948420961008883
0.0291748046875,0.9947989701504794,0.9947989701504794
0.029296875,0.9947556684204686,0.9947556684204688
0.0294189453125,0.9947121909706594,0.9947121909706592
0.029541015625,0.9946685378610385,0.9946685378610387
0.0296630859375,0.9946247091517777,0.9946247091517777
0.02978515625,0.9945807049032314,0.9945807049032314
0.0299072265625,0.9945365251759364,0.9945365251759364
0.030029296875,0.9944921700306114,0.9944921700306114
0.0301513671875,0.9944476395281567,0.9944476395281567
0.0302734375,0.9944029337296528,0.994402933729653
0.0303955078125,0.9943580526963605,0.9943580526963605
0.030517578125,0.9943129964897194,0.9943129964897194
0.0306396484375,0.9942677651713485,0.9942677651713485
0.03076171875,0.9942223588030443,0.9942223588030443
0.0308837890625,0.9941767774467816,0.9941767774467818
0.031005859375,0.9941310211647111,0.9941310211647111
0.0311279296875,0.9940850900191601,0.9940850900191601
0.03125,0.9940389840726317,0.9940389840726317
0.0313720703125,0.9939927033878035,0.9939927033878035
0.031494140625,0.9939462480275282,0.9939462480275282
0.0316162109375,0.993899618054831,0.993899618054831
0.03173828125,0.9938528135329114,0.9938528135329112
0.0318603515625,0.9938058345251403,0.9938058345251403
0.031982421875,0.9937586810950617,0.9937586810950615
0.0321044921875,0.9937113533063892,0.9937113533063896
0.0322265625,0.9936638512230086,0.9936638512230086
0.0323486328125,0.9936161749089747,0.9936161749089747
0.032470703125,0.9935683244285114,0.9935683244285114
0.0325927734375,0.993520299846012,0.9935202998460122
0.03271484375,0.9934721012260378,0.9934721012260382
0.0328369140625,0.9934237286333178,0.9934237286333176
0.032958984375,0.9933751821327467,0.9933751821327467
0.0330810546875,0.9933264617893864,0.9933264617893864
0.033203125,0.9932775676684644,0.9932775676684644
0.0333251953125,0.9932284998353729,0.9932284998353729
0.033447265625,0.9931792583556689,0.9931792583556689
0.0335693359375,0.9931298432950723,0.9931298432950725
0.03369140625,0.9930802547194673,0.9930802547194673
0.0338134765625,0.9930304926948994,0.9930304926948994
0.033935546875,0.9929805572875772,0.9929805572875772
0.0340576171875,0.9929304485638697,0.9929304485638695
0.0341796875,0.9928801665903073,0.9928801665903073
0.0343017578125,0.9928297114335792,0.9928297114335795
0.034423828125,0.9927790831605362,0.9927790831605362
0.0345458984375,0.992728281838186,0.992728281838186
0.03466796875,0.9926773075336955,0.9926773075336955
0.0347900390625,0.9926261603143886,0.9926261603143886
0.034912109375,0.9925748402477472,0.9925748402477472
0.0350341796875,0.9925233474014082,0.9925233474014085
0.03515625,0.9924716818431659,0.9924716818431661
0.0352783203125,0.992419843640969,0.9924198436409688
0.035400390625,0.9923678328629201,0.9923678328629201
0.0355224609375,0.9923156495772768,0.9923156495772768
0.03564453125,0.99226329385245,0.9922632938524498
0.0357666015625,0.992210765757003,0.992210765757003
0.035888671875,0.9921580653596513,0.9921580653596513
0.0360107421875,0.9921051927292627,0.9921051927292627
0.0361328125,0.992052147934854,0.9920521479348544
0.0362548828125,0.9919989310455953,0.9919989310455953
0.036376953125,0.9919455421308037,0.9919455421308037
0.0364990234375,0.9918919812599475,0.9918919812599475
0.03662109375,0.9918382485026421,0.9918382485026421
0.0367431640625,0.9917843439286519,0.9917843439286521
0.036865234375,0.9917302676078882,0.9917302676078882
0.0369873046875,0.9916760196104095,0.9916760196104095
0.037109375,0.9916216000064197,0.9916216000064194
0.0372314453125,0.9915670088662689,0.9915670088662691
0.037353515625,0.9915122462604524,0.9915122462604524
0.0374755859375,0.9914573122596093,0.9914573122596091
0.03759765625,0.9914022069345229,0.9914022069345229
0.0377197265625,0.9913469303561199,0.9913469303561194
0.037841796875,0.9912914825954687,0.9912914825954685
0.0379638671875,0.9912358637237816,0.9912358637237816
0.0380859375,0.9911800738124102,0.9911800738124099
0.0382080078125,0.9911241129328486,0.9911241129328486
0.038330078125,0.9910679811567306,0.9910679811567306
0.0384521484375,0.9910116785558297,0.9910116785558297
0.03857421875,0.9909552052020589,0.9909552052020589
0.0386962890625,0.9908985611674689,0.9908985611674689
0.038818359375,0.9908417465242494,0.9908417465242494
0.0389404296875,0.9907847613447269,0.9907847613447269
0.0390625,0.9907276057013646,0.9907276057013646
0.0391845703125,0.9906702796667625,0.9906702796667629
0.039306640625,0.9906127833136561,0.9906127833136561
0.0394287109375,0.9905551167149156,0.9905551167149156
0.03955078125,0.9904972799435457,0.990497279943546
0.0396728515625,0.9904392730726862,0.9904392730726864
0.039794921875,0.9903810961756085,0.9903810961756088
0.0399169921875,0.9903227493257181,0.9903227493257181
0.0400390625,0.9902642325965524,0.9902642325965524
0.0401611328125,0.99020554606178,0.9902055460617798
0.040283203125,0.9901466897952013,0.9901466897952008
0.0404052734375,0.9900876638707463,0.9900876638707463
0.04052734375,0.9900284683624764,0.9900284683624764
0.0406494140625,0.9899691033445809,0.9899691033445809
0.040771484375,0.9899095688913789,0.9899095688913789
0.0408935546875,0.9898498650773175,0.9898498650773173
0.041015625,0.9897899919769713,0.9897899919769713
0.0411376953125,0.9897299496650421,0.9897299496650419
0.041259765625,0.9896697382163581,0.9896697382163583
0.0413818359375,0.9896093577058748,0.9896093577058748
0.04150390625,0.9895488082086715,0.9895488082086715
0.0416259765625,0.9894880897999533,0.9894880897999531
0.041748046875,0.989427202555049,0.9894272025550495
0.0418701171875,0.9893661465494128,0.9893661465494128
0.0419921875,0.9893049218586202,0.98930492185862
0.0421142578125,0.98924352855837,0.98924352855837
0.042236328125,0.9891819667244842,0.9891819667244842
0.0423583984375,0.9891202364329057,0.9891202364329057
0.04248046875,0.9890583377596975,0.9890583377596975
0.0426025390625,0.9889962707810446,0.9889962707810446
0.042724609375,0.9889340355732512,0.9889340355732512
0.0428466796875,0.9888716322127413,0.9888716322127413
0.04296875,0.9888090607760576,0.9888090607760576
0.0430908203125,0.9887463213398611,0.988746321339861
0.043212890625,0.9886834139809304,0.9886834139809304
0.0433349609375,0.9886203387761621,0.9886203387761618
0.04345703125,0.9885570958025686,0.9885570958025683
0.0435791015625,0.9884936851372786,0.9884936851372786
0.043701171875,0.9884301068575377,0.9884301068575377
0.0438232421875,0.9883663610407046,0.9883663610407046
0.0439453125,0.9883024477642547,0.9883024477642549
0.0440673828125,0.9882383671057762,0.9882383671057757
0.044189453125,0.9881741191429703,0.9881741191429702
0.0443115234375,0.9881097039536529,0.9881097039536529
0.04443359375,0.9880451216157504,0.9880451216157506
0.0445556640625,0.9879803722073033,0.9879803722073033
0.044677734375,0.9879154558064616,0.9879154558064616
0.0447998046875,0.987850372491487,0.9878503724914871
0.044921875,0.9877851223407519,0.9877851223407514
0.0450439453125,0.9877197054327376,0.9877197054327371
0.045166015625,0.9876541218460353,0.9876541218460351
0.0452880859375,0.9875883716593451,0.9875883716593451
0.04541015625,0.9875224549514755,0.9875224549514755
0.0455322265625,0.9874563718013425,0.9874563718013425
0.045654296875,0.9873901222879691,0.9873901222879691
0.0457763671875,0.9873237064904852,0.9873237064904852
0.0458984375,0.9872571244881272,0.9872571244881272
0.0460205078125,0.9871903763602369,0.9871903763602369
0.046142578125,0.9871234621862613,0.9871234621862616
0.0462646484375,0.9870563820457525,0.9870563820457525
0.04638671875,0.9869891360183667,0.9869891360183667
0.0465087890625,0.9869217241838625,0.9869217241838627
0.046630859375,0.9868541466221036,0.9868541466221038
0.0467529296875,0.9867864034130556,0.9867864034130556
0.046875,0.9867184946367852,0.986718494636785
0.0469970703125,0.9866504203734625,0.9866504203734623
0.047119140625,0.9865821807033573,0.9865821807033573
0.0472412109375,0.9865137757068414,0.9865137757068414
0.04736328125,0.9864452054643854,0.9864452054643856
0.0474853515625,0.9863764700565603,0.9863764700565605
0.047607421875,0.9863075695640364,0.9863075695640362
0.0477294921875,0.9862385040675823,0.9862385040675821
0.0478515625,0.9861692736480647,0.9861692736480647
0.0479736328125,0.9860998783864481,0.9860998783864483
0.048095703125,0.9860303183637947,0.9860303183637947
0.0482177734375,0.9859605936612625,0.9859605936612625
0.04833984375,0.9858907043601065,0.9858907043601065
0.0484619140625,0.9858206505416769,0.9858206505416769
0.048583984375,0.9857504322874192,0.9857504322874194
0.0487060546875,0.9856800496788739,0.9856800496788739
0.048828125,0.9856095027976757,0.9856095027976759
0.0489501953125,0.985538791725553,0.985538791725553
0.049072265625,0.9854679165443272,0.9854679165443276
0.0491943359375,0.9853968773359136,0.9853968773359136
0.04931640625,0.9853256741823185,0.9853256741823185
0.0494384765625,0.9852543071656407,0.9852543071656407
0.049560546875,0.9851827763680707,0.9851827763680705
0.0496826171875,0.985111081871889,0.9851110818718892
0.0498046875,0.9850392237594678,0.9850392237594678
0.0499267578125,0.9849672021132686,0.9849672021132686
0.050048828125,0.984895017015842,0.984895017015842
0.0501708984375,0.9848226685498284,0.9848226685498281
0.05029296875,0.9847501567979562,0.9847501567979562
0.0504150390625,0.9846774818430423,0.9846774818430423
0.050537109375,0.9846046437679908,0.9846046437679908
0.0506591796875,0.9845316426557936,0.9845316426557936
0.05078125,0.9844584785895287,0.9844584785895287
0.0509033203125,0.9843851516523612,0.9843851516523612
0.051025390625,0.9843116619275405,0.9843116619275403
0.0511474609375,0.9842380094984025,0.9842380094984027
0.05126953125,0.984164194448368,0.9841641944483682
0.0513916015625,0.9840902168609419,0.9840902168609419
0.051513671875,0.9840160768197126,0.984016076819713
0.0516357421875,0.9839417744083534,0.9839417744083532
0.0517578125,0.9838673097106186,0.9838673097106186
0.0518798828125,0.9837926828103467,0.9837926828103467
0.052001953125,0.9837178937914577,0.9837178937914577
0.0521240234375,0.9836429427379538,0.9836429427379539
0.05224609375,0.9835678297339184,0.9835678297339184
0.0523681640625,0.9834925548635145,0.9834925548635147
0.052490234375,0.9834171182109872,0.9834171182109872
0.0526123046875,0.9833415198606603,0.9833415198606605
0.052734375,0.9832657598969378,0.9832657598969378
0.0528564453125,0.9831898384043022,0.983189838404302
0.052978515625,0.9831137554673149,0.9831137554673147
0.0531005859375,0.9830375111706152,0.9830375111706152
0.05322265625,0.9829611055989207,0.9829611055989207
0.0533447265625,0.9828845388370259,0.9828845388370256
0.053466796875,0.9828078109698011,0.9828078109698013
0.0535888671875,0.9827309220821956,0.9827309220821956
0.0537109375,0.9826538722592321,0.9826538722592321
0.0538330078125,0.9825766615860102,0.9825766615860102
0.053955078125,0.9824992901477043,0.9824992901477043
0.0540771484375,0.9824217580295633,0.9824217580295633
0.05419921875,0.9823440653169109,0.9823440653169109
0.0543212890625,0.9822662120951444,0.9822662120951444
0.054443359375,0.9821881984497336,0.9821881984497342
0.0545654296875,0.9821100244662233,0.9821100244662232
0.0546875,0.9820316902302287,0.9820316902302287
0.0548095703125,0.9819531958274389,0.9819531958274385
0.054931640625,0.9818745413436131,0.9818745413436128
0.0550537109375,0.9817957268645832,0.9817957268645832
0.05517578125,0.9817167524762516,0.9817167524762516
0.0552978515625,0.9816376182645906,0.9816376182645904
0.055419921875,0.9815583243156433,0.9815583243156432
0.0555419921875,0.9814788707155219,0.9814788707155221
0.0556640625,0.9813992575504086,0.9813992575504086
0.0557861328125,0.9813194849065532,0.9813194849065532
0.055908203125,0.9812395528702753,0.9812395528702753
0.0560302734375,0.9811594615279616,0.9811594615279614
0.05615234375,0.9810792109660663,0.9810792109660663
0.0562744140625,0.9809988012711117,0.9809988012711117
0.056396484375,0.9809182325296861,0.9809182325296861
0.0565185546875,0.980837504828444,0.980837504828444
0.056640625,0.980756618254107,0.980756618254107
0.0567626953125,0.9806755728934612,0.9806755728934612
0.056884765625,0.980594368833358,0.980594368833358
0.0570068359375,0.9805130061607142,0.9805130061607145
0.05712890625,0.980431484962511,0.980431484962511
0.0572509765625,0.9803498053257924,0.9803498053257924
0.057373046875,0.9802679673376675,0.9802679673376675
0.0574951171875,0.9801859710853077,0.9801859710853075
0.0576171875,0.9801038166559473,0.9801038166559473
0.0577392578125,0.9800215041368827,0.9800215041368829
0.057861328125,0.9799390336154742,0.979939033615474
0.0579833984375,0.9798564051791413,0.9798564051791411
0.05810546875,0.9797736189153655,0.9797736189153653
0.0582275390625,0.97969067491169,0.97969067491169
0.058349609375,0.9796075732557182,0.979607573255718
0.0584716796875,0.9795243140351126,0.9795243140351126
0.05859375,0.979440897337597,0.979440897337597
0.0587158203125,0.9793573232509528,0.9793573232509531
0.058837890625,0.9792735918630222,0.979273591863022
0.0589599609375,0.9791897032617037,0.9791897032617037
0.05908203125,0.9791056575349563,0.9791056575349563
0.0592041015625,0.9790214547707957,0.9790214547707957
0.059326171875,0.9789370950572951,0.9789370950572951
0.0594482421875,0.978852578482585,0.978852578482585
0.0595703125,0.9787679051348519,0.9787679051348521
0.0596923828125,0.97868307510234,0.97868307510234
0.059814453125,0.978598088473348,0.978598088473348
0.0599365234375,0.9785129453362308,0.9785129453362308
0.06005859375,0.9784276457793989,0.9784276457793989
0.0601806640625,0.9783421898913173,0.9783421898913173
0.060302734375,0.9782565777605049,0.9782565777605053
0.0604248046875,0.9781708094755365,0.9781708094755363
0.060546875,0.9780848851250379,0.9780848851250381
0.0606689453125,0.977998804797691,0.9779988047976907
0.060791015625,0.9779125685822292,0.977912568582229
0.0609130859375,0.9778261765674388,0.9778261765674388
0.06103515625,0.9777396288421587,0.9777396288421587
0.0611572265625,0.9776529254952802,0.9776529254952799
0.061279296875,0.9775660666157449,0.9775660666157445
0.0614013671875,0.9774790522925462,0.9774790522925464
0.0615234375,0.9773918826147293,0.9773918826147293
0.0616455078125,0.9773045576713889,0.9773045576713889
0.061767578125,0.9772170775516703,0.9772170775516703
0.0618896484375,0.9771294423447687,0.9771294423447687
0.06201171875,0.9770416521399281,0.9770416521399282
0.0621337890625,0.9769537070264429,0.9769537070264429
0.062255859375,0.9768656070936549,0.9768656070936548
0.0623779296875,0.9767773524309549,0.9767773524309553
0.0625,0.976688943127783,0.976688943127783
0.0626220703125,0.976600379273625,0.9766003792736251
0.062744140625,0.9765116609580154,0.9765116609580154
0.0628662109375,0.9764227882705356,0.9764227882705357
0.06298828125,0.9763337613008135,0.9763337613008137
0.0631103515625,0.9762445801385232,0.9762445801385232
0.063232421875,0.9761552448733858,0.9761552448733857
0.0633544921875,0.9760657555951668,0.9760657555951671
0.0634765625,0.9759761123936783,0.9759761123936783
0.0635986328125,0.9758863153587767,0.9758863153587767
0.063720703125,0.9757963645803635,0.9757963645803635
0.0638427734375,0.9757062601483842,0.9757062601483842
0.06396484375,0.9756160021528287,0.9756160021528287
0.0640869140625,0.9755255906837303,0.9755255906837303
0.064208984375,0.9754350258311665,0.9754350258311665
0.0643310546875,0.9753443076852565,0.9753443076852565
0.064453125,0.9752534363361635,0.9752534363361635
0.0645751953125,0.9751624118740924,0.9751624118740924
0.064697265625,0.9750712343892907,0.9750712343892907
0.0648193359375,0.9749799039720473,0.974979903972047
0.06494140625,0.9748884207126923,0.9748884207126923
0.0650634765625,0.9747967847015974,0.9747967847015976
0.065185546875,0.9747049960291755,0.9747049960291755
0.0653076171875,0.974613054785879,0.9746130547858788
0.0654296875,0.9745209610622008,0.9745209610622003
0.0655517578125,0.9744287149486736,0.9744287149486736
0.065673828125,0.9743363165358705,0.9743363165358703
0.0657958984375,0.9742437659144024,0.9742437659144026
0.06591796875,0.9741510631749204,0.9741510631749204
0.0660400390625,0.9740582084081139,0.9740582084081134
0.066162109375,0.9739652017047089,0.9739652017047089
0.0662841796875,0.9738720431554724,0.9738720431554724
0.06640625,0.9737787328512064,0.9737787328512064
0.0665283203125,0.9736852708827518,0.9736852708827518
0.066650390625,0.9735916573409862,0.9735916573409862
0.0667724609375,0.9734978923168234,0.9734978923168234
0.06689453125,0.9734039759012141,0.9734039759012141
0.0670166015625,0.9733099081851454,0.9733099081851454
0.067138671875,0.9732156892596395,0.9732156892596395
0.0672607421875,0.973121319215755,0.973121319215755
0.0673828125,0.9730267981445849,0.9730267981445849
0.0675048828125,0.9729321261372574,0.9729321261372574
0.067626953125,0.9728373032849358,0.972837303284936
0.0677490234375,0.9727423296788175,0.9727423296788175
0.06787109375,0.9726472054101333,0.9726472054101335
0.0679931640625,0.9725519305701487,0.9725519305701484
0.068115234375,0.9724565052501615,0.9724565052501619
0.0682373046875,0.9723609295415044,0.9723609295415044
0.068359375,0.9722652035355416,0.9722652035355416
0.0684814453125,0.9721693273236697,0.9721693273236695
0.068603515625,0.9720733009973184,0.9720733009973184
0.0687255859375,0.9719771246479487,0.9719771246479489
0.06884765625,0.9718807983670547,0.9718807983670547
0.0689697265625,0.9717843222461598,0.9717843222461598
0.069091796875,0.9716876963768201,0.9716876963768203
0.0692138671875,0.9715909208506223,0.9715909208506223
0.0693359375,0.971493995759183,0.971493995759183
0.0694580078125,0.9713969211941498,0.9713969211941496
0.069580078125,0.9712996972471999,0.9712996972471999
0.0697021484375,0.9712023240100405,0.97120232401004
0.06982421875,0.9711048015744073,0.9711048015744075
0.0699462890625,0.9710071300320668,0.9710071300320673
0.070068359375,0.9709093094748135,0.9709093094748135
0.0701904296875,0.9708113399944701,0.9708113399944701
0.0703125,0.9707132216828883,0.9707132216828883
0.0704345703125,0.9706149546319477,0.9706149546319479
0.070556640625,0.9705165389335552,0.9705165389335549
0.0706787109375,0.9704179746796454,0.9704179746796454
0.07080078125,0.9703192619621811,0.9703192619621811
0.0709228515625,0.9702204008731505,0.9702204008731505
0.071044921875,0.9701213915045698,0.9701213915045698
0.0711669921875,0.9700222339484805,0.9700222339484805
0.0712890625,0.9699229282969519,0.9699229282969517
0.0714111328125,0.9698234746420767,0.9698234746420767
0.071533203125,0.969723873075976,0.969723873075976
0.0716552734375,0.9696241236907942,0.9696241236907942
0.07177734375,0.9695242265787014,0.9695242265787014
0.0718994140625,0.9694241818318928,0.9694241818318928
0.072021484375,0.969323989542588,0.969323989542588
0.0721435546875,0.9692236498030311,0.9692236498030313
0.072265625,0.9691231627054899,0.9691231627054899
0.0723876953125,0.9690225283422563,0.9690225283422561
0.072509765625,0.968921746805645,0.9689217468056452
0.0726318359375,0.9688208181879953,0.9688208181879953
0.07275390625,0.9687197425816683,0.968719742581668
0.0728759765625,0.9686185200790485,0.9686185200790485
0.072998046875,0.9685171507725424,0.9685171507725422
0.0731201171875,0.9684156347545793,0.9684156347545793
0.0732421875,0.9683139721176102,0.9683139721176102
0.0733642578125,0.9682121629541082,0.9682121629541082
0.073486328125,0.9681102073565669,0.9681102073565669
0.0736083984375,0.9680081054175026,0.9680081054175026
0.07373046875,0.9679058572294514,0.9679058572294514
0.0738525390625,0.9678034628849712,0.9678034628849712
0.073974609375,0.9677009224766389,0.9677009224766389
0.0740966796875,0.9675982360970531,0.9675982360970531
0.07421875,0.9674954038388311,0.9674954038388311
0.0743408203125,0.9673924257946122,0.967392425794612
0.074462890625,0.9672893020570523,0.9672893020570523
0.0745849609375,0.9671860327188286,0.9671860327188287
0.07470703125,0.9670826178726372,0.9670826178726372
0.0748291015625,0.9669790576111919,0.9669790576111919
0.074951171875,0.9668753520272254,0.9668753520272256
0.0750732421875,0.9667715012134904,0.9667715012134904
0.0751953125,0.9666675052627548,0.9666675052627546
0.0753173828125,0.9665633642678068,0.9665633642678065
0.075439453125,0.9664590783214503,0.9664590783214505
0.0755615234375,0.9663546475165089,0.9663546475165089
0.07568359375,0.9662500719458208,0.9662500719458208
0.0758056640625,0.9661453517022426,0.9661453517022424
0.075927734375,0.9660404868786475,0.9660404868786475
0.0760498046875,0.9659354775679244,0.9659354775679244
0.076171875,0.9658303238629792,0.9658303238629792
0.0762939453125,0.965725025856733,0.9657250258567333
0.076416015625,0.9656195836421242,0.9656195836421242
0.0765380859375,0.9655139973121044,0.9655139973121044
0.07666015625,0.9654082669596423,0.9654082669596421
0.0767822265625,0.9653023926777206,0.9653023926777206
0.076904296875,0.965196374559338,0.9651963745593378
0.0770263671875,0.9650902126975066,0.9650902126975066
0.0771484375,0.9649839071852535,0.9649839071852535
0.0772705078125,0.9648774581156202,0.9648774581156202
0.077392578125,0.9647708655816614,0.9647708655816614
0.0775146484375,0.9646641296764462,0.9646641296764462
0.07763671875,0.9645572504930564,0.9645572504930566
0.0777587890625,0.9644502281245885,0.9644502281245885
0.077880859375,0.9643430626641512,0.9643430626641512
0.0780029296875,0.9642357542048648,0.9642357542048648
0.078125,0.9641283028398646,0.9641283028398648
0.0782470703125,0.9640207086622969,0.964020708662297
0.078369140625,0.9639129717653206,0.9639129717653204
0.0784912109375,0.9638050922421059,0.9638050922421059
0.07861328125,0.9636970701858358,0.9636970701858358
0.0787353515625,0.9635889056897043,0.9635889056897046
0.078857421875,0.9634805988469168,0.9634805988469168
0.0789794921875,0.96337214975069,0.96337214975069
0.0791015625,0.9632635584942509,0.9632635584942509
0.0792236328125,0.9631548251708384,0.9631548251708382
0.079345703125,0.9630459498737002,0.9630459498737002
0.0794677734375,0.9629369326960963,0.9629369326960961
0.07958984375,0.9628277737312949,0.9628277737312949
0.0797119140625,0.9627184730725754,0.9627184730725754
0.079833984375,0.9626090308132266,0.9626090308132266
0.0799560546875,0.9624994470465461,0.9624994470465461
0.080078125,0.9623897218658414,0.9623897218658414
0.0802001953125,0.9622798553644288,0.9622798553644288
0.080322265625,0.9621698476356338,0.9621698476356338
0.0804443359375,0.9620596987727902,0.9620596987727902
0.08056640625,0.9619494088692403,0.9619494088692403
0.0806884765625,0.9618389780183347,0.9618389780183347
0.080810546875,0.9617284063134324,0.9617284063134324
0.0809326171875,0.9616176938478994,0.9616176938478994
0.0810546875,0.9615068407151103,0.9615068407151103
0.0811767578125,0.9613958470084466,0.9613958470084464
0.081298828125,0.9612847128212971,0.9612847128212969
0.0814208984375,0.9611734382470581,0.9611734382470579
0.08154296875,0.961062023379132,0.961062023379132
0.0816650390625,0.9609504683109288,0.9609504683109288
0.081787109375,0.9608387731358644,0.9608387731358644
0.0819091796875,0.9607269379473609,0.9607269379473611
0.08203125,0.9606149628388466,0.9606149628388471
0.0821533203125,0.9605028479037568,0.9605028479037566
0.082275390625,0.9603905932355308,0.9603905932355308
0.0823974609375,0.9602781989276138,0.9602781989276138
0.08251953125,0.9601656650734575,0.9601656650734575
0.0826416015625,0.9600529917665177,0.9600529917665177
0.082763671875,0.9599401791002552,0.9599401791002552
0.0828857421875,0.9598272271681366,0.9598272271681365
0.0830078125,0.9597141360636315,0.9597141360636315
0.0831298828125,0.9596009058802156,0.9596009058802154
0.083251953125,0.9594875367113669,0.9594875367113669
0.0833740234375,0.9593740286505694,0.9593740286505692
0.08349609375,0.9592603817913098,0.9592603817913098
0.0836181640625,0.9591465962270789,0.9591465962270789
0.083740234375,0.9590326720513702,0.9590326720513704
0.0838623046875,0.9589186093576825,0.9589186093576825
0.083984375,0.9588044082395153,0.9588044082395151
0.0841064453125,0.9586900687903724,0.9586900687903724
0.084228515625,0.9585755911037604,0.9585755911037602
0.0843505859375,0.9584609752731881,0.9584609752731881
0.08447265625,0.9583462213921667,0.958346221392167
0.0845947265625,0.9582313295542105,0.9582313295542105
0.084716796875,0.9581162998528345,0.9581162998528345
0.0848388671875,0.958001132381557,0.958001132381557
0.0849609375,0.9578858272338963,0.9578858272338963
0.0850830078125,0.9577703845033744,0.9577703845033744
0.085205078125,0.9576548042835129,0.9576548042835127
0.0853271484375,0.9575390866678354,0.9575390866678354
0.08544921875,0.9574232317498664,0.9574232317498664
0.0855712890625,0.9573072396231315,0.9573072396231315
0.085693359375,0.9571911103811563,0.9571911103811563
0.0858154296875,0.9570748441174677,0.9570748441174677
0.0859375,0.9569584409255929,0.9569584409255929
0.0860595703125,0.9568419008990583,0.9568419008990585
0.086181640625,0.956725224131392,0.9567252241313923
0.0863037109375,0.9566084107161205,0.9566084107161205
0.08642578125,0.9564914607467702,0.9564914607467702
0.0865478515625,0.956374374316868,0.956374374316868
0.086669921875,0.9562571515199392,0.9562571515199388
0.0867919921875,0.9561397924495081,0.9561397924495083
0.0869140625,0.9560222971990995,0.9560222971990995
0.0870361328125,0.9559046658622354,0.9559046658622354
0.087158203125,0.9557868985324374,0.9557868985324371
0.0872802734375,0.9556689953032252,0.9556689953032252
0.08740234375,0.9555509562681174,0.9555509562681176
0.0875244140625,0.9554327815206308,0.9554327815206308
0.087646484375,0.9553144711542794,0.9553144711542794
0.0877685546875,0.9551960252625764,0.9551960252625764
0.087890625,0.9550774439390316,0.9550774439390318
0.0880126953125,0.9549587272771536,0.9549587272771536
0.088134765625,0.9548398753704469,0.9548398753704469
0.0882568359375,0.9547208883124142,0.9547208883124144
0.08837890625,0.954601766196556,0.954601766196556
0.0885009765625,0.9544825091163682,0.9544825091163682
0.088623046875,0.9543631171653449,0.9543631171653449
0.0887451171875,0.9542435904369759,0.9542435904369759
0.0888671875,0.9541239290247485,0.9541239290247485
0.0889892578125,0.9540041330221447,0.9540041330221447
0.089111328125,0.9538842025226449,0.9538842025226449
0.0892333984375,0.9537641376197239,0.9537641376197239
0.08935546875,0.9536439384068534,0.9536439384068534
0.0894775390625,0.9535236049775,0.9535236049775
0.089599609375,0.9534031374251262,0.9534031374251262
0.0897216796875,0.9532825358431903,0.9532825358431903
0.08984375,0.9531618003251462,0.9531618003251462
0.0899658203125,0.9530409309644418,0.9530409309644418
0.090087890625,0.9529199278545212,0.9529199278545212
0.0902099609375,0.952798791088822,0.9527987910888223
0.09033203125,0.9526775207607787,0.9526775207607787
0.0904541015625,0.9525561169638183,0.9525561169638183
0.090576171875,0.9524345797913629,0.9524345797913629
0.0906982421875,0.9523129093368299,0.9523129093368297
0.0908203125,0.952191105693629,0.952191105693629
0.0909423828125,0.9520691689551655,0.9520691689551657
0.091064453125,0.9519470992148378,0.9519470992148378
0.0911865234375,0.9518248965660385,0.9518248965660383
0.09130859375,0.9517025611021535,0.9517025611021535
0.0914306640625,0.9515800929165613,0.9515800929165613
0.091552734375,0.9514574921026356,0.9514574921026356
0.0916748046875,0.9513347587537422,0.9513347587537424
0.091796875,0.9512118929632396,0.9512118929632396
0.0919189453125,0.9510888948244793,0.9510888948244796
0.092041015625,0.9509657644308065,0.9509657644308067
0.0921630859375,0.9508425018755585,0.9508425018755584
0.09228515625,0.9507191072520644,0.9507191072520647
0.0924072265625,0.9505955806536467,0.9505955806536467
0.092529296875,0.9504719221736193,0.9504719221736193
0.0926513671875,0.9503481319052888,0.9503481319052888
0.0927734375,0.9502242099419533,0.9502242099419533
0.0928955078125,0.9501001563769033,0.9501001563769033
0.093017578125,0.9499759713034198,0.9499759713034198
0.0931396484375,0.9498516548147772,0.9498516548147772
0.09326171875,0.9497272070042395,0.9497272070042397
0.0933837890625,0.9496026279650633,0.9496026279650633
0.093505859375,0.9494779177904958,0.9494779177904958
0.0936279296875,0.9493530765737754,0.9493530765737757
0.09375,0.9492281044081309,0.9492281044081309
0.0938720703125,0.949103001386783,0.949103001386783
0.093994140625,0.9489777676029414,0.9489777676029414
0.0941162109375,0.9488524031498079,0.9488524031498079
0.09423828125,0.9487269081205745,0.9487269081205745
0.0943603515625,0.9486012826084217,0.9486012826084219
0.094482421875,0.9484755267065228,0.9484755267065228
0.0946044921875,0.9483496405080396,0.9483496405080396
0.0947265625,0.9482236241061237,0.9482236241061237
0.0948486328125,0.948097477593917,0.9480974775939168
0.094970703125,0.9479712010645507,0.9479712010645507
0.0950927734375,0.9478447946111458,0.9478447946111458
0.09521484375,0.9477182583268124,0.9477182583268124
0.0953369140625,0.9475915923046507,0.9475915923046507
0.095458984375,0.9474647966377492,0.9474647966377492
0.0955810546875,0.9473378714191851,0.9473378714191851
0.095703125,0.947210816742026,0.947210816742026
0.0958251953125,0.9470836326993268,0.9470836326993268
0.095947265625,0.9469563193841322,0.9469563193841322
0.0960693359375,0.9468288768894746,0.9468288768894746
0.09619140625,0.9467013053083753,0.9467013053083753
0.0963134765625,0.946573604733844,0.946573604733844
0.096435546875,0.9464457752588786,0.9464457752588786
0.0965576171875,0.9463178169764648,0.9463178169764648
0.0966796875,0.9461897299795766,0.9461897299795766
0.0968017578125,0.9460615143611757,0.9460615143611755
0.096923828125,0.9459331702142113,0.9459331702142113
0.0970458984375,0.9458046976316211,0.9458046976316211
0.09716796875,0.9456760967063296,0.9456760967063293
0.0972900390625,0.9455473675312481,0.9455473675312486
0.097412109375,0.9454185101992774,0.9454185101992771
0.0975341796875,0.9452895248033029,0.9452895248033031
0.09765625,0.9451604114361987,0.9451604114361987
0.0977783203125,0.9450311701908254,0.9450311701908254
0.097900390625,0.9449018011600304,0.9449018011600302
0.0980224609375,0.9447723044366481,0.9447723044366481
0.09814453125,0.944642680113499,0.944642680113499
0.0982666015625,0.9445129282833904,0.9445129282833904
0.098388671875,0.9443830490391167,0.9443830490391164
0.0985107421875,0.9442530424734574,0.9442530424734574
0.0986328125,0.9441229086791788,0.9441229086791788
0.0987548828125,0.9439926477490337,0.9439926477490337
0.098876953125,0.9438622597757602,0.9438622597757602
0.0989990234375,0.9437317448520823,0.9437317448520824
0.09912109375,0.9436011030707105,0.9436011030707108
0.0992431640625,0.9434703345243405,0.9434703345243405
0.099365234375,0.9433394393056531,0.9433394393056529
0.0994873046875,0.9432084175073151,0.9432084175073151
0.099609375,0.9430772692219787,0.9430772692219789
0.0997314453125,0.9429459945422816,0.9429459945422813
0.099853515625,0.9428145935608453,0.9428145935608453
0.0999755859375,0.9426830663702783,0.9426830663702783
0.10009765625,0.9425514130631725,0.9425514130631725
0.1002197265625,0.9424196337321054,0.9424196337321054
0.100341796875,0.9422877284696389,0.9422877284696389
0.1004638671875,0.9421556973683197,0.9421556973683197
0.1005859375,0.9420235405206792,0.9420235405206789
0.1007080078125,0.9418912580192327,0.9418912580192327
0.100830078125,0.9417588499564805,0.9417588499564803
0.1009521484375,0.9416263164249069,0.9416263164249069
0.10107421875,0.9414936575169799,0.9414936575169801
0.1011962890625,0.9413608733251523,0.9413608733251523
0.101318359375,0.9412279639418603,0.9412279639418603
0.1014404296875,0.9410949294595241,0.9410949294595241
0.1015625,0.9409617699705477,0.9409617699705477
0.1016845703125,0.9408284855673192,0.9408284855673192
0.101806640625,0.9406950763422092,0.9406950763422092
0.1019287109375,0.9405615423875724,0.9405615423875726
0.10205078125,0.940427883795747,0.940427883795747
0.1021728515625,0.9402941006590547,0.9402941006590547
0.102294921875,0.9401601930697995,0.9401601930697995
0.1024169921875,0.940026161120269,0.9400261611202693
0.1025390625,0.9398920049027345,0.9398920049027345
0.1026611328125,0.9397577245094487,0.9397577245094485
0.102783203125,0.9396233200326477,0.9396233200326479
0.1029052734375,0.9394887915645517,0.9394887915645517
0.10302734375,0.9393541391973613,0.9393541391973613
0.1031494140625,0.9392193630232611,0.9392193630232615
0.103271484375,0.9390844631344181,0.9390844631344181
0.1033935546875,0.9389494396229808,0.938949439622981
0.103515625,0.9388142925810807,0.938814292581081
0.1036376953125,0.9386790221008315,0.9386790221008315
0.103759765625,0.9385436282743282,0.9385436282743282
0.1038818359375,0.938408111193649,0.938408111193649
0.10400390625,0.938272470950853,0.938272470950853
0.1041259765625,0.9381367076379813,0.9381367076379813
0.104248046875,0.9380008213470574,0.9380008213470574
0.1043701171875,0.9378648121700861,0.9378648121700858
0.1044921875,0.937728680199053,0.9377286801990526
0.1046142578125,0.9375924255259265,0.937592425525926
0.104736328125,0.9374560482426552,0.9374560482426552
0.1048583984375,0.9373195484411702,0.9373195484411702
0.10498046875,0.9371829262133825,0.9371829262133825
0.1051025390625,0.9370461816511855,0.9370461816511855
0.105224609375,0.936909314846453,0.936909314846453
0.1053466796875,0.9367723258910395,0.9367723258910395
0.10546875,0.9366352148767813,0.936635214876781
0.1055908203125,0.9364979818954946,0.9364979818954946
0.105712890625,0.9363606270389765,0.9363606270389765
0.1058349609375,0.9362231503990056,0.9362231503990056
0.10595703125,0.9360855520673397,0.9360855520673397
0.1060791015625,0.9359478321357183,0.9359478321357183
0.106201171875,0.9358099906958606,0.9358099906958606
0.1063232421875,0.9356720278394665,0.9356720278394663
0.1064453125,0.9355339436582154,0.9355339436582155
0.1065673828125,0.935395738243768,0.935395738243768
0.106689453125,0.9352574116877646,0.9352574116877646
0.1068115234375,0.9351189640818247,0.9351189640818247
0.10693359375,0.9349803955175492,0.9349803955175492
0.1070556640625,0.9348417060865178,0.9348417060865176
0.107177734375,0.9347028958802902,0.93470289588029
0.1072998046875,0.9345639649904058,0.9345639649904058
0.107421875,0.934424913508384,0.9344249135083836
0.1075439453125,0.934285741525723,0.934285741525723
0.107666015625,0.9341464491339011,0.9341464491339009
0.1077880859375,0.9340070364243758,0.9340070364243758
0.10791015625,0.9338675034885839,0.9338675034885837
0.1080322265625,0.9337278504179413,0.9337278504179413
0.108154296875,0.9335880773038435,0.9335880773038433
0.1082763671875,0.9334481842376642,0.9334481842376642
0.1083984375,0.9333081713107576,0.9333081713107576
0.1085205078125,0.9331680386144551,0.9331680386144549
0.108642578125,0.9330277862400681,0.9330277862400681
0.1087646484375,0.9328874142788868,0.9328874142788868
0.10888671875,0.9327469228221795,0.9327469228221796
0.1090087890625,0.9326063119611937,0.9326063119611937
0.109130859375,0.9324655817871553,0.9324655817871551
0.1092529296875,0.9323247323912683,0.9323247323912686
0.109375,0.9321837638647162,0.9321837638647164
0.1094970703125,0.9320426762986597,0.9320426762986599
0.109619140625,0.9319014697842385,0.9319014697842385
0.1097412109375,0.9317601444125704,0.9317601444125704
0.10986328125,0.9316187002747508,0.931618700274751
0.1099853515625,0.9314771374618545,0.9314771374618545
0.110107421875,0.9313354560649327,0.931335456064933
0.1102294921875,0.9311936561750163,0.9311936561750163
0.1103515625,0.9310517378831124,0.9310517378831121
0.1104736328125,0.9309097012802067,0.9309097012802067
0.110595703125,0.9307675464572628,0.9307675464572628
0.1107177734375,0.9306252735052222,0.9306252735052222
0.11083984375,0.930482882515003,0.930482882515003
0.1109619140625,0.9303403735775014,0.9303403735775015
0.111083984375,0.9301977467835918,0.9301977467835921
0.1112060546875,0.9300550022241253,0.9300550022241253
0.111328125,0.9299121399899302,0.9299121399899298
0.1114501953125,0.9297691601718117,0.9297691601718119
0.111572265625,0.9296260628605538,0.9296260628605538
0.1116943359375,0.9294828481469166,0.9294828481469165
0.11181640625,0.929339516121637,0.929339516121637
0.1119384765625,0.9291960668754295,0.9291960668754298
0.112060546875,0.9290525004989856,0.9290525004989856
0.1121826171875,0.9289088170829735,0.9289088170829735
0.1123046875,0.9287650167180378,0.9287650167180375
0.1124267578125,0.9286210994948005,0.9286210994948005
0.112548828125,0.9284770655038604,0.9284770655038608
0.1126708984375,0.928332914835793,0.9283329148357933
0.11279296875,0.9281886475811495,0.9281886475811495
0.1129150390625,0.9280442638304585,0.9280442638304585
0.113037109375,0.927899763674225,0.927899763674225
0.1131591796875,0.92775514720293,0.92775514720293
0.11328125,0.927610414507031,0.927610414507031
0.1134033203125,0.9274655656769623,0.927465565676962
0.113525390625,0.9273206008031333,0.9273206008031335
0.1136474609375,0.9271755199759312,0.9271755199759312
0.11376953125,0.9270303232857178,0.927030323285718
0.1138916015625,0.9268850108228319,0.9268850108228319
0.114013671875,0.9267395826775878,0.9267395826775878
0.1141357421875,0.9265940389402761,0.9265940389402761
0.1142578125,0.9264483797011627,0.9264483797011627
0.1143798828125,0.9263026050504902,0.9263026050504902
0.114501953125,0.9261567150784763,0.9261567150784763
0.1146240234375,0.9260107098753143,0.9260107098753143
0.11474609375,0.9258645895311742,0.9258645895311742
0.1148681640625,0.9257183541362003,0.9257183541362003
0.114990234375,0.9255720037805131,0.9255720037805131
0.1151123046875,0.9254255385542085,0.9254255385542087
0.115234375,0.9252789585473583,0.9252789585473583
0.1153564453125,0.9251322638500087,0.9251322638500087
0.115478515625,0.9249854545521818,0.9249854545521818
0.1156005859375,0.9248385307438753,0.9248385307438753
0.11572265625,0.9246914925150614,0.9246914925150614
0.1158447265625,0.9245443399556879,0.9245443399556879
0.115966796875,0.9243970731556778,0.9243970731556778
0.1160888671875,0.9242496922049286,0.9242496922049289
0.1162109375,0.9241021971933135,0.9241021971933137
0.1163330078125,0.9239545882106803,0.9239545882106803
0.116455078125,0.923806865346852,0.923806865346852
0.1165771484375,0.9236590286916253,0.9236590286916253
0.11669921875,0.9235110783347734,0.9235110783347734
0.1168212890625,0.9233630143660431,0.9233630143660431
0.116943359375,0.9232148368751565,0.9232148368751565
0.1170654296875,0.9230665459518098,0.9230665459518098
0.1171875,0.9229181416856741,0.9229181416856741
0.1173095703125,0.9227696241663952,0.9227696241663952
0.117431640625,0.9226209934835928,0.9226209934835928
0.1175537109375,0.9224722497268617,0.9224722497268619
0.11767578125,0.922323392985771,0.922323392985771
0.1177978515625,0.9221744233498638,0.9221744233498638
0.117919921875,0.9220253409086576,0.9220253409086576
0.1180419921875,0.9218761457516444,0.9218761457516444
0.1181640625,0.9217268379682901,0.9217268379682901
0.1182861328125,0.9215774176480349,0.9215774176480351
0.118408203125,0.9214278848802934,0.9214278848802934
0.1185302734375,0.9212782397544533,0.9212782397544533
0.11865234375,0.9211284823598774,0.9211284823598774
0.1187744140625,0.920978612785902,0.920978612785902
0.118896484375,0.9208286311218373,0.9208286311218373
0.1190185546875,0.9206785374569674,0.9206785374569674
0.119140625,0.9205283318805499,0.92052833188055
0.1192626953125,0.9203780144818171,0.9203780144818171
0.119384765625,0.920227585349974,0.9202275853499737
0.1195068359375,0.9200770445741996,0.9200770445741996
0.11962890625,0.9199263922436474,0.9199263922436469
0.1197509765625,0.9197756284474428,0.9197756284474428
0.119873046875,0.9196247532746864,0.9196247532746863
0.1199951171875,0.9194737668144511,0.9194737668144511
0.1201171875,0.9193226691557845,0.9193226691557845
0.1202392578125,0.9191714603877061,0.9191714603877064
0.120361328125,0.9190201405992108,0.9190201405992103
0.1204833984375,0.9188687098792638,0.9188687098792638
0.12060546875,0.9187171683168069,0.918717168316807
0.1207275390625,0.9185655160007532,0.9185655160007534
0.120849609375,0.9184137530199894,0.9184137530199894
0.1209716796875,0.9182618794633755,0.9182618794633755
0.12109375,0.9181098954197447,0.9181098954197445
0.1212158203125,0.9179578009779029,0.9179578009779027
0.121337890625,0.9178055962266289,0.9178055962266292
0.1214599609375,0.9176532812546757,0.9176532812546759
0.12158203125,0.9175008561507683,0.9175008561507683
0.1217041015625,0.9173483210036042,0.9173483210036042
0.121826171875,0.9171956759018547,0.9171956759018547
0.1219482421875,0.9170429209341637,0.9170429209341635
0.1220703125,0.9168900561891474,0.9168900561891474
0.1221923828125,0.9167370817553951,0.9167370817553951
0.122314453125,0.916583997721469,0.916583997721469
0.1224365234375,0.9164308041759038,0.916430804175904
0.12255859375,0.9162775012072071,0.9162775012072071
0.1226806640625,0.9161240889038583,0.9161240889038583
0.122802734375,0.9159705673543103,0.9159705673543103
0.1229248046875,0.9158169366469879,0.9158169366469879
0.123046875,0.9156631968702887,0.9156631968702887
0.1231689453125,0.9155093481125828,0.9155093481125828
0.123291015625,0.9153553904622124,0.9153553904622125
0.1234130859375,0.9152013240074921,0.9152013240074924
0.12353515625,0.9150471488367095,0.9150471488367095
0.1236572265625,0.9148928650381234,0.9148928650381234
0.123779296875,0.9147384726999659,0.9147384726999659
0.1239013671875,0.9145839719104402,0.9145839719104404
0.1240234375,0.9144293627577232,0.9144293627577232
0.1241455078125,0.9142746453299626,0.9142746453299626
0.124267578125,0.9141198197152789,0.9141198197152789
0.1243896484375,0.9139648860017641,0.9139648860017641
0.12451171875,0.9138098442774834,0.9138098442774834
0.1246337890625,0.9136546946304726,0.9136546946304723
0.124755859375,0.9134994371487402,0.9134994371487402
0.1248779296875,0.9133440719202668,0.913344071920267
0.125,0.9131885990330049,0.9131885990330049
0.1251220703125,0.9130330185748782,0.9130330185748782
0.125244140625,0.9128773306337828,0.912877330633783
0.1253662109375,0.9127215352975867,0.9127215352975867
0.12548828125,0.9125656326541296,0.9125656326541296
0.1256103515625,0.9124096227912224,0.9124096227912224
0.125732421875,0.9122535057966488,0.9122535057966484
0.1258544921875,0.9120972817581622,0.9120972817581623
0.1259765625,0.9119409507634906,0.9119409507634906
0.1260986328125,0.9117845129003307,0.9117845129003307
0.126220703125,0.9116279682563526,0.9116279682563526
0.1263427734375,0.9114713169191972,0.9114713169191972
0.12646484375,0.9113145589764771,0.9113145589764773
0.1265869140625,0.9111576945157767,0.9111576945157767
0.126708984375,0.9110007236246509,0.9110007236246511
0.1268310546875,0.910843646390627,0.910843646390627
0.126953125,0.9106864629012035,0.9106864629012035
0.1270751953125,0.9105291732438495,0.9105291732438495
0.127197265625,0.9103717775060068,0.9103717775060066
0.1273193359375,0.9102142757750872,0.9102142757750872
0.12744140625,0.9100566681384739,0.9100566681384739
0.1275634765625,0.9098989546835224,0.9098989546835224
0.127685546875,0.9097411354975584,0.9097411354975586
0.1278076171875,0.9095832106678796,0.9095832106678794
0.1279296875,0.9094251802817533,0.9094251802817533
0.1280517578125,0.90926704442642,0.90926704442642
0.128173828125,0.9091088031890898,0.9091088031890896
0.1282958984375,0.9089504566569439,0.908950456656944
0.12841796875,0.908792004917136,0.9087920049171356
0.1285400390625,0.9086334480567885,0.9086334480567884
0.128662109375,0.9084747861629968,0.9084747861629968
0.1287841796875,0.9083160193228264,0.9083160193228264
0.12890625,0.9081571476233138,0.9081571476233138
0.1290283203125,0.9079981711514663,0.9079981711514663
0.129150390625,0.9078390899942619,0.9078390899942619
0.1292724609375,0.9076799042386505,0.9076799042386505
0.12939453125,0.907520613971551,0.9075206139715513
0.1295166015625,0.907361219279855,0.9073612192798548
0.129638671875,0.907201720250423,0.907201720250423
0.1297607421875,0.9070421169700881,0.9070421169700881
0.1298828125,0.9068824095256525,0.9068824095256525
0.1300048828125,0.9067225980038905,0.9067225980038903
0.130126953125,0.9065626824915456,0.9065626824915456
0.1302490234375,0.9064026630753332,0.9064026630753331
0.13037109375,0.9062425398419384,0.9062425398419384
0.1304931640625,0.9060823128780175,0.9060823128780175
0.130615234375,0.9059219822701972,0.9059219822701972
0.1307373046875,0.9057615481050741,0.9057615481050741
0.130859375,0.9056010104692161,0.9056010104692164
0.1309814453125,0.9054403694491617,0.9054403694491617
0.131103515625,0.9052796251314194,0.9052796251314191
0.1312255859375,0.9051187776024675,0.9051187776024677
0.13134765625,0.9049578269487561,0.9049578269487561
0.1314697265625,0.9047967732567049,0.9047967732567049
0.131591796875,0.9046356166127039,0.9046356166127039
0.1317138671875,0.9044743571031137,0.9044743571031137
0.1318359375,0.9043129948142651,0.9043129948142651
0.1319580078125,0.9041515298324593,0.9041515298324593
0.132080078125,0.9039899622439674,0.9039899622439675
0.1322021484375,0.9038282921350312,0.9038282921350312
0.13232421875,0.9036665195918625,0.903666519591863
0.1324462890625,0.9035046447006437,0.9035046447006435
0.132568359375,0.9033426675475269,0.9033426675475269
0.1326904296875,0.903180588218634,0.9031805882186338
0.1328125,0.9030184068000576,0.9030184068000576
0.1329345703125,0.9028561233778609,0.9028561233778609
0.133056640625,0.9026937380380765,0.9026937380380765
0.1331787109375,0.9025312508667069,0.9025312508667072
0.13330078125,0.9023686619497253,0.9023686619497253
0.1334228515625,0.9022059713730741,0.9022059713730741
0.133544921875,0.9020431792226666,0.9020431792226665
0.1336669921875,0.9018802855843856,0.9018802855843858
0.1337890625,0.9017172905440841,0.9017172905440841
0.1339111328125,0.9015541941875845,0.9015541941875845
0.134033203125,0.90139099660068,0.90139099660068
0.1341552734375,0.9012276978691328,0.9012276978691328
0.13427734375,0.9010642980786759,0.9010642980786759
0.1343994140625,0.9009007973150112,0.9009007973150112
0.134521484375,0.9007371956638117,0.9007371956638117
0.1346435546875,0.9005734932107187,0.9005734932107187
0.134765625,0.9004096900413444,0.9004096900413444
0.1348876953125,0.9002457862412705,0.9002457862412705
0.135009765625,0.9000817818960483,0.9000817818960485
0.1351318359375,0.8999176770911992,0.8999176770911996
0.13525390625,0.8997534719122146,0.8997534719122146
0.1353759765625,0.8995891664445543,0.8995891664445543
0.135498046875,0.8994247607736493,0.8994247607736493
0.1356201171875,0.8992602549848994,0.8992602549848994
0.1357421875,0.8990956491636745,0.8990956491636742
0.1358642578125,0.8989309433953134,0.8989309433953134
0.135986328125,0.8987661377651258,0.898766137765126
0.1361083984375,0.8986012323583906,0.8986012323583906
0.13623046875,0.8984362272603548,0.898436227260355
0.1363525390625,0.8982711225562373,0.8982711225562373
0.136474609375,0.8981059183312249,0.8981059183312249
0.1365966796875,0.8979406146704748,0.8979406146704749
0.13671875,0.8977752116591134,0.8977752116591132
0.1368408203125,0.8976097093822364,0.8976097093822366
0.136962890625,0.8974441079249094,0.8974441079249093
0.1370849609375,0.8972784073721676,0.8972784073721674
0.13720703125,0.8971126078090146,0.8971126078090146
0.1373291015625,0.8969467093204252,0.8969467093204252
0.137451171875,0.8967807119913419,0.8967807119913419
0.1375732421875,0.8966146159066781,0.8966146159066781
0.1376953125,0.8964484211513155,0.8964484211513155
0.1378173828125,0.8962821278101054,0.8962821278101054
0.137939453125,0.8961157359678691,0.8961157359678691
0.1380615234375,0.8959492457093964,0.8959492457093964
0.13818359375,0.8957826571194472,0.8957826571194472
0.1383056640625,0.8956159702827503,0.8956159702827503
0.138427734375,0.8954491852840034,0.8954491852840034
0.1385498046875,0.8952823022078749,0.8952823022078749
0.138671875,0.8951153211390012,0.8951153211390012
0.1387939453125,0.8949482421619881,0.8949482421619879
0.138916015625,0.8947810653614112,0.8947810653614112
0.1390380859375,0.894613790821815,0.894613790821815
0.13916015625,0.8944464186277135,0.8944464186277132
0.1392822265625,0.8942789488635889,0.8942789488635892
0.139404296875,0.8941113816138945,0.8941113816138945
0.1395263671875,0.8939437169630513,0.8939437169630511
0.1396484375,0.8937759549954497,0.8937759549954497
0.1397705078125,0.8936080957954494,0.8936080957954494
0.139892578125,0.89344013944738,0.8934401394473798
0.1400146484375,0.8932720860355385,0.8932720860355385
0.14013671875,0.8931039356441929,0.8931039356441929
0.1402587890625,0.892935688357579,0.8929356883575792
0.140380859375,0.8927673442599028,0.8927673442599028
0.1405029296875,0.8925989034353382,0.8925989034353382
0.140625,0.8924303659680292,0.892430365968029
0.1407470703125,0.8922617319420879,0.8922617319420879
0.140869140625,0.8920930014415964,0.8920930014415964
0.1409912109375,0.8919241745506054,0.8919241745506056
0.14111328125,0.8917552513531347,0.8917552513531347
0.1412353515625,0.891586231933173,0.891586231933173
0.141357421875,0.8914171163746782,0.8914171163746782
0.1414794921875,0.891247904761577,0.891247904761577
0.1416015625,0.891078597177765,0.891078597177765
0.1417236328125,0.8909091937071076,0.8909091937071073
0.141845703125,0.8907396944334377,0.8907396944334377
0.1419677734375,0.8905700994405589,0.8905700994405589
0.14208984375,0.8904004088122423,0.8904004088122423
0.1422119140625,0.8902306226322284,0.8902306226322284
0.142333984375,0.890060740984227,0.890060740984227
0.1424560546875,0.8898907639519166,0.8898907639519166
0.142578125,0.8897206916189444,0.8897206916189444
0.1427001953125,0.8895505240689267,0.8895505240689267
0.142822265625,0.8893802613854481,0.8893802613854483
0.1429443359375,0.8892099036520636,0.8892099036520635
0.14306640625,0.8890394509522954,0.8890394509522952
0.1431884765625,0.8888689033696353,0.8888689033696353
0.143310546875,0.8886982609875441,0.8886982609875441
0.1434326171875,0.888527523889451,0.8885275238894508
0.1435546875,0.8883566921587543,0.8883566921587543
0.1436767578125,0.8881857658788217,0.8881857658788215
0.143798828125,0.8880147451329877,0.888014745132988
0.1439208984375,0.8878436300045587,0.8878436300045587
0.14404296875,0.8876724205768073,0.8876724205768073
0.1441650390625,0.8875011169329758,0.8875011169329756
0.144287109375,0.8873297191562755,0.8873297191562755
0.1444091796875,0.8871582273298863,0.8871582273298864
0.14453125,0.8869866415369565,0.8869866415369567
0.1446533203125,0.8868149618606042,0.8868149618606042
0.144775390625,0.8866431883839149,0.8866431883839149
0.1448974609375,0.8864713211899438,0.8864713211899435
0.14501953125,0.8862993603617144,0.8862993603617144
0.1451416015625,0.8861273059822192,0.8861273059822192
0.145263671875,0.8859551581344193,0.8859551581344193
0.1453857421875,0.8857829169012442,0.8857829169012442
0.1455078125,0.885610582365593,0.885610582365593
0.1456298828125,0.8854381546103325,0.8854381546103325
0.145751953125,0.8852656337182988,0.8852656337182986
0.1458740234375,0.8850930197722962,0.8850930197722962
0.14599609375,0.8849203128550984,0.8849203128550986
0.1461181640625,0.8847475130494474,0.8847475130494473
0.146240234375,0.8845746204380536,0.8845746204380535
0.1463623046875,0.8844016351035959,0.8844016351035963
0.146484375,0.8842285571287237,0.8842285571287234
0.1466064453125,0.8840553865960521,0.8840553865960519
0.146728515625,0.8838821235881669,0.8838821235881669
0.1468505859375,0.8837087681876222,0.8837087681876222
0.14697265625,0.8835353204769406,0.8835353204769406
0.1470947265625,0.8833617805386128,0.8833617805386128
0.147216796875,0.8831881484550989,0.8831881484550991
0.1473388671875,0.8830144243088278,0.8830144243088278
0.1474609375,0.8828406081821956,0.8828406081821958
0.1475830078125,0.8826667001575688,0.8826667001575688
0.147705078125,0.8824927003172812,0.8824927003172813
0.1478271484375,0.8823186087436358,0.8823186087436358
0.14794921875,0.8821444255189043,0.882144425518904
0.1480712890625,0.8819701507253261,0.8819701507253263
0.148193359375,0.8817957844451105,0.8817957844451105
0.1483154296875,0.8816213267604343,0.8816213267604345
0.1484375,0.8814467777534437,0.8814467777534435
0.1485595703125,0.8812721375062528,0.8812721375062527
0.148681640625,0.8810974061009444,0.8810974061009444
0.1488037109375,0.8809225836195704,0.8809225836195704
0.14892578125,0.8807476701441505,0.8807476701441505
0.1490478515625,0.8805726657566735,0.8805726657566735
0.149169921875,0.8803975705390968,0.8803975705390968
0.1492919921875,0.8802223845733458,0.8802223845733458
0.1494140625,0.880047107941315,0.880047107941315
0.1495361328125,0.8798717407248672,0.8798717407248672
0.149658203125,0.8796962830058339,0.8796962830058339
0.1497802734375,0.8795207348660146,0.8795207348660148
0.14990234375,0.8793450963871781,0.8793450963871781
0.1500244140625,0.8791693676510616,0.8791693676510615
0.150146484375,0.8789935487393697,0.8789935487393697
0.1502685546875,0.8788176397337778,0.8788176397337776
0.150390625,0.8786416407159273,0.8786416407159273
0.1505126953125,0.8784655517674299,0.8784655517674299
0.150634765625,0.878289372969865,0.878289372969865
0.1507568359375,0.8781131044047809,0.8781131044047809
0.15087890625,0.877936746153694,0.8779367461536938
0.1510009765625,0.8777602982980895,0.8777602982980895
0.151123046875,0.8775837609194215,0.8775837609194215
0.1512451171875,0.8774071340991114,0.8774071340991114
0.1513671875,0.8772304179185504,0.8772304179185504
0.1514892578125,0.8770536124590977,0.8770536124590977
0.151611328125,0.8768767178020811,0.8768767178020811
0.1517333984375,0.8766997340287962,0.8766997340287962
0.15185546875,0.8765226612205081,0.8765226612205084
0.1519775390625,0.8763454994584503,0.8763454994584503
0.152099609375,0.8761682488238239,0.8761682488238239
0.1522216796875,0.8759909093977997,0.8759909093977997
0.15234375,0.8758134812615156,0.8758134812615156
0.1524658203125,0.8756359644960795,0.8756359644960795
0.152587890625,0.8754583591825668,0.8754583591825668
0.1527099609375,0.8752806654020217,0.8752806654020217
0.15283203125,0.8751028832354568,0.8751028832354568
0.1529541015625,0.8749250127638535,0.8749250127638533
0.153076171875,0.8747470540681607,0.8747470540681609
0.1531982421875,0.8745690072292973,0.8745690072292975
0.1533203125,0.8743908723281499,0.8743908723281502
0.1534423828125,0.8742126494455733,0.8742126494455733
0.153564453125,0.8740343386623912,0.8740343386623912
0.1536865234375,0.8738559400593957,0.8738559400593957
0.15380859375,0.8736774537173475,0.8736774537173473
0.1539306640625,0.873498879716975,0.8734988797169753
0.154052734375,0.8733202181389768,0.8733202181389766
0.1541748046875,0.8731414690640185,0.8731414690640185
0.154296875,0.8729626325727343,0.8729626325727344
0.1544189453125,0.8727837087457277,0.8727837087457277
0.154541015625,0.87260469766357,0.87260469766357
0.1546630859375,0.8724255994068012,0.8724255994068014
0.15478515625,0.8722464140559298,0.8722464140559301
0.1549072265625,0.8720671416914334,0.8720671416914332
0.155029296875,0.8718877823937563,0.8718877823937564
0.1551513671875,0.8717083362433136,0.8717083362433133
0.1552734375,0.8715288033204868,0.8715288033204868
0.1553955078125,0.8713491837056275,0.8713491837056275
0.155517578125,0.8711694774790553,0.8711694774790553
0.1556396484375,0.8709896847210576,0.8709896847210576
0.15576171875,0.8708098055118917,0.8708098055118917
0.1558837890625,0.8706298399317819,0.8706298399317818
0.156005859375,0.8704497880609215,0.8704497880609215
0.1561279296875,0.8702696499794731,0.8702696499794732
0.15625,0.870089425767567,0.870089425767567
0.1563720703125,0.8699091155053019,0.869909115505302
0.156494140625,0.8697287192727456,0.8697287192727456
0.1566162109375,0.869548237149934,0.8695482371499342
0.15673828125,0.8693676692168718,0.8693676692168718
0.1568603515625,0.8691870155535316,0.8691870155535318
0.156982421875,0.8690062762398557,0.8690062762398556
0.1571044921875,0.8688254513557534,0.8688254513557534
0.1572265625,0.8686445409811039,0.8686445409811039
0.1573486328125,0.868463545195754,0.8684635451957536
0.157470703125,0.8682824640795194,0.8682824640795194
0.1575927734375,0.8681012977121839,0.868101297712184
0.15771484375,0.8679200461735012,0.8679200461735012
0.1578369140625,0.8677387095431917,0.8677387095431917
0.157958984375,0.8675572879009454,0.8675572879009453
0.1580810546875,0.8673757813264207,0.8673757813264207
0.158203125,0.8671941898992443,0.8671941898992443
0.1583251953125,0.867012513699012,0.867012513699012
0.158447265625,0.8668307528052874,0.8668307528052874
0.1585693359375,0.8666489072976034,0.8666489072976034
0.15869140625,0.8664669772554603,0.8664669772554603
0.1588134765625,0.8662849627583282,0.8662849627583282
0.158935546875,0.8661028638856454,0.8661028638856454
0.1590576171875,0.8659206807168186,0.8659206807168186
0.1591796875,0.8657384133312231,0.8657384133312231
0.1593017578125,0.8655560618082028,0.8655560618082025
0.159423828125,0.8653736262270698,0.8653736262270696
0.1595458984375,0.8651911066671053,0.8651911066671053
0.15966796875,0.8650085032075593,0.8650085032075595
0.1597900390625,0.8648258159276497,0.8648258159276497
0.159912109375,0.8646430449065634,0.8646430449065635
0.1600341796875,0.8644601902234557,0.8644601902234557
0.16015625,0.8642772519574506,0.8642772519574505
0.1602783203125,0.8640942301876408,0.8640942301876408
0.160400390625,0.8639111249930872,0.8639111249930872
0.1605224609375,0.8637279364528201,0.8637279364528199
0.16064453125,0.8635446646458373,0.8635446646458373
0.1607666015625,0.8633613096511064,0.8633613096511064
0.160888671875,0.8631778715475626,0.8631778715475629
0.1610107421875,0.8629943504141108,0.8629943504141105
0.1611328125,0.8628107463296228,0.8628107463296232
0.1612548828125,0.8626270593729417,0.8626270593729417
0.161376953125,0.8624432896228766,0.8624432896228766
0.1614990234375,0.8622594371582065,0.8622594371582065
0.16162109375,0.8620755020576794,0.8620755020576791
0.1617431640625,0.8618914844000105,0.8618914844000106
0.161865234375,0.8617073842638857,0.8617073842638857
0.1619873046875,0.8615232017279578,0.8615232017279578
0.162109375,0.861338936870849,0.861338936870849
0.1622314453125,0.8611545897711504,0.8611545897711502
0.162353515625,0.8609701605074211,0.8609701605074211
0.1624755859375,0.8607856491581896,0.8607856491581898
0.16259765625,0.8606010558019529,0.8606010558019529
0.1627197265625,0.8604163805171763,0.8604163805171763
0.162841796875,0.8602316233822941,0.8602316233822941
0.1629638671875,0.8600467844757095,0.8600467844757095
0.1630859375,0.8598618638757938,0.8598618638757938
0.1632080078125,0.8596768616608877,0.859676861660888
0.163330078125,0.8594917779093008,0.8594917779093005
0.1634521484375,0.8593066126993101,0.8593066126993101
0.16357421875,0.8591213661091627,0.8591213661091627
0.1636962890625,0.8589360382170739,0.8589360382170736
0.163818359375,0.8587506291012276,0.8587506291012275
0.1639404296875,0.858565138839777,0.858565138839777
0.1640625,0.8583795675108432,0.8583795675108432
0.1641845703125,0.8581939151925172,0.8581939151925175
0.164306640625,0.858008181962858,0.858008181962858
0.1644287109375,0.8578223678998932,0.8578223678998934
0.16455078125,0.8576364730816198,0.8576364730816198
0.1646728515625,0.8574504975860032,0.8574504975860032
0.164794921875,0.8572644414909778,0.8572644414909778
0.1649169921875,0.8570783048744467,0.8570783048744467
0.1650390625,0.8568920878142817,0.8568920878142817
0.1651611328125,0.8567057903883236,0.8567057903883236
0.165283203125,0.856519412674382,0.856519412674382
0.1654052734375,0.8563329547502354,0.8563329547502354
0.16552734375,0.8561464166936303,0.8561464166936308
0.1656494140625,0.8559597985822842,0.8559597985822842
0.165771484375,0.8557731004938808,0.8557731004938807
0.1658935546875,0.8555863225060742,0.8555863225060742
0.166015625,0.8553994646964873,0.8553994646964873
0.1661376953125,0.8552125271427115,0.8552125271427116
0.166259765625,0.855025509922307,0.8550255099223072
0.1663818359375,0.8548384131128034,0.8548384131128034
0.16650390625,0.8546512367916987,0.8546512367916984
0.1666259765625,0.8544639810364595,0.8544639810364598
0.166748046875,0.8542766459245229,0.8542766459245228
0.1668701171875,0.854089231533293,0.8540892315332929
0.1669921875,0.8539017379401437,0.8539017379401437
0.1671142578125,0.8537141652224177,0.8537141652224177
0.167236328125,0.8535265134574271,0.8535265134574271
0.1673583984375,0.8533387827224523,0.8533387827224523
0.16748046875,0.853150973094743,0.853150973094743
0.1676025390625,0.8529630846515175,0.8529630846515173
0.167724609375,0.8527751174699633,0.8527751174699633
0.1678466796875,0.852587071627237,0.852587071627237
0.16796875,0.8523989472004643,0.8523989472004643
0.1680908203125,0.8522107442667396,0.8522107442667396
0.168212890625,0.8520224629031262,0.8520224629031262
0.1683349609375,0.8518341031866568,0.8518341031866568
0.16845703125,0.8516456651943323,0.8516456651943323
0.1685791015625,0.8514571490031239,0.8514571490031239
0.168701171875,0.8512685546899709,0.8512685546899709
0.1688232421875,0.8510798823317818,0.8510798823317818
0.1689453125,0.8508911320054343,0.8508911320054343
0.1690673828125,0.8507023037877752,0.8507023037877752
0.169189453125,0.8505133977556204,0.8505133977556204
0.1693115234375,0.8503244139857542,0.8503244139857542
0.16943359375,0.8501353525549312,0.850135352554931
0.1695556640625,0.8499462135398737,0.8499462135398737
0.169677734375,0.8497569970172741,0.8497569970172745
0.1697998046875,0.8495677030637939,0.8495677030637939
0.169921875,0.8493783317560633,0.8493783317560633
0.1700439453125,0.8491888831706813,0.8491888831706813
0.170166015625,0.848999357384217,0.848999357384217
0.1702880859375,0.8488097544732077,0.8488097544732077
0.17041015625,0.848620074514161,0.848620074514161
0.1705322265625,0.8484303175835521,0.8484303175835524
0.170654296875,0.8482404837578268,0.8482404837578268
0.1707763671875,0.8480505731133992,0.8480505731133992
0.1708984375,0.847860585726653,0.8478605857266528
0.1710205078125,0.8476705216739407,0.8476705216739407
0.171142578125,0.8474803810315845,0.8474803810315845
0.1712646484375,0.8472901638758756,0.8472901638758755
0.17138671875,0.8470998702830745,0.8470998702830745
0.1715087890625,0.8469095003294108,0.8469095003294108
0.171630859375,0.8467190540910832,0.8467190540910832
0.1717529296875,0.8465285316442599,0.8465285316442599
0.171875,0.8463379330650784,0.8463379330650783
0.1719970703125,0.8461472584296452,0.8461472584296452
0.172119140625,0.8459565078140365,0.8459565078140365
0.1722412109375,0.8457656812942975,0.8457656812942975
0.17236328125,0.8455747789464422,0.8455747789464425
0.1724853515625,0.8453838008464553,0.8453838008464553
0.172607421875,0.8451927470702896,0.8451927470702896
0.1727294921875,0.8450016176938673,0.8450016176938673
0.1728515625,0.8448104127930802,0.8448104127930804
0.1729736328125,0.84461913244379,0.84461913244379
0.173095703125,0.8444277767218271,0.8444277767218272
0.1732177734375,0.8442363457029912,0.844236345702991
0.17333984375,0.8440448394630515,0.8440448394630515
0.1734619140625,0.8438532580777467,0.8438532580777468
0.173583984375,0.8436616016227851,0.8436616016227851
0.1737060546875,0.8434698701738439,0.8434698701738439
0.173828125,0.8432780638065701,0.8432780638065701
0.1739501953125,0.84308618259658,0.84308618259658
0.174072265625,0.8428942266194593,0.8428942266194593
0.1741943359375,0.8427021959507631,0.8427021959507631
0.17431640625,0.8425100906660162,0.8425100906660162
0.1744384765625,0.8423179108407126,0.8423179108407127
0.174560546875,0.842125656550316,0.8421256565503162
0.1746826171875,0.8419333278702595,0.8419333278702597
0.1748046875,0.8417409248759455,0.8417409248759458
0.1749267578125,0.8415484476427465,0.8415484476427465
0.175048828125,0.8413558962460033,0.8413558962460033
0.1751708984375,0.8411632707610276,0.8411632707610278
0.17529296875,0.8409705712631003,0.8409705712631003
0.1754150390625,0.8407777978274709,0.8407777978274712
0.175537109375,0.84058495052936,0.8405849505293602
0.1756591796875,0.8403920294439564,0.8403920294439564
0.17578125,0.8401990346464193,0.8401990346464191
0.1759033203125,0.840005966211877,0.8400059662118768
0.176025390625,0.8398128242154277,0.8398128242154277
0.1761474609375,0.8396196087321393,0.8396196087321393
0.17626953125,0.839426319837049,0.839426319837049
0.1763916015625,0.8392329576051641,0.8392329576051641
0.176513671875,0.8390395221114608,0.8390395221114608
0.1766357421875,0.8388460134308859,0.8388460134308862
0.1767578125,0.8386524316383555,0.8386524316383552
0.1768798828125,0.8384587768087544,0.8384587768087547
0.177001953125,0.8382650490169388,0.8382650490169388
0.1771240234375,0.8380712483377334,0.8380712483377336
0.17724609375,0.8378773748459333,0.8378773748459333
0.1773681640625,0.8376834286163026,0.8376834286163025
0.177490234375,0.8374894097235759,0.8374894097235759
0.1776123046875,0.8372953182424568,0.8372953182424568
0.177734375,0.8371011542476194,0.837101154247619
0.1778564453125,0.8369069178137067,0.8369069178137067
0.177978515625,0.8367126090153328,0.8367126090153328
0.1781005859375,0.8365182279270802,0.8365182279270802
0.17822265625,0.8363237746235017,0.8363237746235019
0.1783447265625,0.8361292491791208,0.8361292491791209
0.178466796875,0.8359346516684291,0.8359346516684292
0.1785888671875,0.8357399821658895,0.8357399821658895
0.1787109375,0.8355452407459341,0.8355452407459341
0.1788330078125,0.8353504274829651,0.8353504274829651
0.178955078125,0.8351555424513544,0.8351555424513544
0.1790771484375,0.8349605857254436,0.8349605857254436
0.17919921875,0.8347655573795448,0.8347655573795448
0.1793212890625,0.8345704574879395,0.8345704574879396
0.179443359375,0.8343752861248793,0.8343752861248793
0.1795654296875,0.8341800433645855,0.8341800433645854
0.1796875,0.83398472928125,0.83398472928125
0.1798095703125,0.8337893439490338,0.8337893439490337
0.179931640625,0.8335938874420683,0.8335938874420683
0.1800537109375,0.8333983598344549,0.833398359834455
0.18017578125,0.8332027612002652,0.8332027612002652
0.1802978515625,0.8330070916135404,0.8330070916135403
0.180419921875,0.8328113511482915,0.8328113511482915
0.1805419921875,0.8326155398785005,0.8326155398785005
0.1806640625,0.8324196578781182,0.8324196578781182
0.1807861328125,0.8322237052210665,0.8322237052210667
0.180908203125,0.8320276819812368,0.8320276819812368
0.1810302734375,0.8318315882324906,0.8318315882324909
0.18115234375,0.83163542404866,0.83163542404866
0.1812744140625,0.8314391895035467,0.8314391895035467
0.181396484375,0.8312428846709221,0.8312428846709221
0.1815185546875,0.8310465096245288,0.8310465096245288
0.181640625,0.8308500644380785,0.8308500644380787
0.1817626953125,0.830653549185254,0.8306535491852544
0.181884765625,0.8304569639397078,0.8304569639397078
0.1820068359375,0.8302603087750619,0.8302603087750619
0.18212890625,0.8300635837649101,0.8300635837649101
0.1822509765625,0.8298667889828145,0.8298667889828145
0.182373046875,0.8296699245023089,0.8296699245023091
0.1824951171875,0.8294729903968966,0.8294729903968966
0.1826171875,0.8292759867400518,0.8292759867400518
0.1827392578125,0.8290789136052176,0.8290789136052176
0.182861328125,0.8288817710658092,0.828881771065809
0.1829833984375,0.8286845591952101,0.8286845591952099
0.18310546875,0.8284872780667756,0.8284872780667758
0.1832275390625,0.828289927753831,0.8282899277538309
0.183349609375,0.8280925083296717,0.8280925083296713
0.1834716796875,0.8278950198675624,0.8278950198675624
0.18359375,0.8276974624407405,0.8276974624407405
0.1837158203125,0.8274998361224114,0.8274998361224118
0.183837890625,0.8273021409857528,0.8273021409857528
0.1839599609375,0.8271043771039114,0.8271043771039113
0.18408203125,0.8269065445500046,0.8269065445500046
0.1842041015625,0.8267086433971202,0.8267086433971205
0.184326171875,0.8265106737183173,0.8265106737183172
0.1844482421875,0.8263126355866238,0.8263126355866236
0.1845703125,0.8261145290750392,0.8261145290750395
0.1846923828125,0.8259163542565335,0.8259163542565338
0.184814453125,0.8257181112040469,0.8257181112040468
0.1849365234375,0.8255197999904893,0.8255197999904893
0.18505859375,0.8253214206887424,0.8253214206887425
0.1851806640625,0.8251229733716577,0.8251229733716577
0.185302734375,0.8249244581120572,0.8249244581120572
0.1854248046875,0.8247258749827339,0.8247258749827339
0.185546875,0.8245272240564507,0.8245272240564505
0.1856689453125,0.8243285054059414,0.8243285054059414
0.185791015625,0.8241297191039103,0.8241297191039103
0.1859130859375,0.8239308652230326,0.8239308652230326
0.18603515625,0.8237319438359536,0.8237319438359536
0.1861572265625,0.8235329550152896,0.8235329550152896
0.186279296875,0.8233338988336273,0.8233338988336271
0.1864013671875,0.8231347753635236,0.8231347753635236
0.1865234375,0.8229355846775075,0.8229355846775075
0.1866455078125,0.8227363268480768,0.8227363268480768
0.186767578125,0.8225370019477019,0.8225370019477016
0.1868896484375,0.8223376100488218,0.8223376100488218
0.18701171875,0.8221381512238477,0.822138151223848
0.1871337890625,0.8219386255451615,0.8219386255451615
0.187255859375,0.8217390330851151,0.8217390330851151
0.1873779296875,0.8215393739160315,0.8215393739160315
0.1875,0.8213396481102043,0.8213396481102043
0.1876220703125,0.8211398557398981,0.8211398557398981
0.187744140625,0.8209399968773484,0.8209399968773484
0.1878662109375,0.820740071594761,0.8207400715947611
0.18798828125,0.8205400799643132,0.8205400799643132
0.1881103515625,0.820340022058152,0.8203400220581523
0.188232421875,0.8201398979483968,0.8201398979483973
0.1883544921875,0.8199397077071371,0.819939707707137
0.1884765625,0.819739451406432,0.8197394514064322
0.1885986328125,0.8195391291183142,0.8195391291183142
0.188720703125,0.8193387409147848,0.819338740914785
0.1888427734375,0.819138286867817,0.819138286867817
0.18896484375,0.8189377670493548,0.8189377670493548
0.1890869140625,0.818737181531313,0.818737181531313
0.189208984375,0.8185365303855776,0.8185365303855776
0.1893310546875,0.8183358136840048,0.8183358136840048
0.189453125,0.818135031498423,0.8181350314984228
0.1895751953125,0.8179341839006302,0.8179341839006304
0.189697265625,0.817733270962397,0.817733270962397
0.1898193359375,0.8175322927554635,0.8175322927554635
0.18994140625,0.8173312493515418,0.8173312493515418
0.1900634765625,0.8171301408223147,0.8171301408223145
0.190185546875,0.8169289672394356,0.8169289672394359
0.1903076171875,0.8167277286745305,0.8167277286745305
0.1904296875,0.8165264251991945,0.8165264251991945
0.1905517578125,0.8163250568849952,0.8163250568849953
0.190673828125,0.8161236238034709,0.8161236238034711
0.1907958984375,0.8159221260261311,0.8159221260261311
0.19091796875,0.815720563624456,0.8157205636244562
0.1910400390625,0.8155189366698978,0.8155189366698978
0.191162109375,0.8153172452338789,0.8153172452338788
0.1912841796875,0.8151154893877938,0.8151154893877938
0.19140625,0.8149136692030076,0.8149136692030076
0.1915283203125,0.8147117847508567,0.8147117847508567
0.191650390625,0.8145098361026492,0.8145098361026489
0.1917724609375,0.8143078233296636,0.8143078233296636
0.19189453125,0.8141057465031505,0.8141057465031505
0.1920166015625,0.8139036056943313,0.8139036056943312
0.192138671875,0.8137014009743989,0.8137014009743989
0.1922607421875,0.8134991324145173,0.8134991324145174
0.1923828125,0.8132968000858221,0.8132968000858218
0.1925048828125,0.8130944040594197,0.8130944040594196
0.192626953125,0.8128919444063883,0.8128919444063883
0.1927490234375,0.812689421197778,0.8126894211977779
0.19287109375,0.8124868345046089,0.8124868345046087
0.1929931640625,0.8122841843978732,0.8122841843978732
0.193115234375,0.8120814709485351,0.8120814709485351
0.1932373046875,0.8118786942275292,0.8118786942275292
0.193359375,0.8116758543057621,0.8116758543057621
0.1934814453125,0.8114729512541119,0.8114729512541119
0.193603515625,0.8112699851434276,0.8112699851434276
0.1937255859375,0.8110669560445303,0.8110669560445303
0.19384765625,0.8108638640282125,0.8108638640282125
0.1939697265625,0.8106607091652379,0.8106607091652379
0.194091796875,0.8104574915263419,0.8104574915263419
0.1942138671875,0.8102542111822314,0.8102542111822314
0.1943359375,0.8100508682035846,0.8100508682035847
0.1944580078125,0.8098474626610521,0.8098474626610521
0.194580078125,0.8096439946252548,0.8096439946252548
0.1947021484375,0.8094404641667866,0.8094404641667866
0.19482421875,0.809236871356212,0.8092368713562121
0.1949462890625,0.8090332162640672,0.8090332162640672
0.195068359375,0.8088294989608606,0.8088294989608606
0.1951904296875,0.8086257195170719,0.8086257195170719
0.1953125,0.8084218780031521,0.8084218780031521
0.1954345703125,0.8082179744895245,0.8082179744895245
0.195556640625,0.8080140090465838,0.8080140090465836
0.1956787109375,0.8078099817446964,0.8078099817446964
0.19580078125,0.807605892654201,0.8076058926542009
0.1959228515625,0.8074017418454068,0.8074017418454068
0.196044921875,0.8071975293885957,0.8071975293885959
0.1961669921875,0.8069932553540217,0.8069932553540217
0.1962890625,0.8067889198119091,0.8067889198119091
0.1964111328125,0.8065845228324555,0.8065845228324555
0.196533203125,0.8063800644858297,0.8063800644858297
0.1966552734375,0.8061755448421725,0.8061755448421722
0.19677734375,0.8059709639715958,0.8059709639715958
0.1968994140625,0.8057663219441847,0.8057663219441847
0.197021484375,0.805561618829995,0.805561618829995
0.1971435546875,0.8053568546990553,0.8053568546990553
0.197265625,0.8051520296213649,0.8051520296213649
0.1973876953125,0.8049471436668966,0.8049471436668965
0.197509765625,0.8047421969055936,0.8047421969055936
0.1976318359375,0.8045371894073721,0.8045371894073721
0.19775390625,0.8043321212421198,0.8043321212421195
0.1978759765625,0.8041269924796964,0.8041269924796964
0.197998046875,0.8039218031899338,0.8039218031899338
0.1981201171875,0.8037165534426358,0.8037165534426358
0.1982421875,0.8035112433075781,0.8035112433075781
0.1983642578125,0.8033058728545084,0.8033058728545086
0.198486328125,0.8031004421531469,0.8031004421531472
0.1986083984375,0.8028949512731857,0.8028949512731854
0.19873046875,0.8026894002842883,0.8026894002842883
0.1988525390625,0.8024837892560911,0.8024837892560911
0.198974609375,0.8022781182582025,0.8022781182582025
0.1990966796875,0.8020723873602026,0.8020723873602027
0.19921875,0.8018665966316442,0.8018665966316442
0.1993408203125,0.801660746142052,0.8016607461420517
0.199462890625,0.8014548359609225,0.8014548359609225
0.1995849609375,0.801248866157725,0.801248866157725
0.19970703125,0.8010428368019008,0.8010428368019008
0.1998291015625,0.8008367479628631,0.8008367479628631
0.199951171875,0.800630599709998,0.800630599709998
0.2000732421875,0.8004243921126634,0.8004243921126631
0.2001953125,0.8002181252401892,0.8002181252401892
0.2003173828125,0.800011799161878,0.800011799161878
0.200439453125,0.7998054139470047,0.7998054139470047
0.2005615234375,0.7995989696648167,0.7995989696648167
0.20068359375,0.7993924663845328,0.799392466384533
0.2008056640625,0.7991859041753452,0.7991859041753452
0.200927734375,0.7989792831064183,0.7989792831064181
0.2010498046875,0.7987726032468878,0.7987726032468878
0.201171875,0.7985658646658631,0.7985658646658631
0.2012939453125,0.7983590674324255,0.7983590674324257
0.201416015625,0.7981522116156288,0.7981522116156288
0.2015380859375,0.7979452972844989,0.7979452972844987
0.20166015625,0.7977383245080343,0.7977383245080343
0.2017822265625,0.7975312933552064,0.7975312933552063
0.201904296875,0.7973242038949586,0.7973242038949586
0.2020263671875,0.7971170561962068,0.7971170561962069
0.2021484375,0.7969098503278397,0.7969098503278398
0.2022705078125,0.7967025863587184,0.7967025863587184
0.202392578125,0.7964952643576765,0.7964952643576765
0.2025146484375,0.7962878843935197,0.7962878843935199
0.20263671875,0.7960804465350276,0.7960804465350276
0.2027587890625,0.7958729508509506,0.7958729508509506
0.202880859375,0.7956653974100135,0.7956653974100134
0.2030029296875,0.7954577862809121,0.7954577862809119
0.203125,0.795250117532316,0.795250117532316
0.2032470703125,0.7950423912328669,0.7950423912328669
0.203369140625,0.7948346074511794,0.7948346074511794
0.2034912109375,0.7946267662558404,0.7946267662558404
0.20361328125,0.7944188677154099,0.7944188677154101
0.2037353515625,0.7942109118984207,0.7942109118984206
0.203857421875,0.7940028988733779,0.7940028988733779
0.2039794921875,0.7937948287087595,0.7937948287087595
0.2041015625,0.793586701473016,0.793586701473016
0.2042236328125,0.7933785172345719,0.7933785172345719
0.204345703125,0.7931702760618226,0.7931702760618226
0.2044677734375,0.7929619780231376,0.7929619780231376
0.20458984375,0.792753623186859,0.792753623186859
0.2047119140625,0.7925452116213018,0.7925452116213018
0.204833984375,0.7923367433947531,0.7923367433947531
0.2049560546875,0.7921282185754738,0.7921282185754738
0.205078125,0.7919196372316974,0.7919196372316974
0.2052001953125,0.79171099943163,0.79171099943163
0.205322265625,0.7915023052434508,0.7915023052434508
0.2054443359375,0.7912935547353122,0.7912935547353122
0.20556640625,0.791084747975339,0.791084747975339
0.2056884765625,0.7908758850316295,0.7908758850316295
0.205810546875,0.7906669659722546,0.7906669659722548
0.2059326171875,0.7904579908652583,0.7904579908652583
0.2060546875,0.790248959778658,0.7902489597786581
0.2061767578125,0.7900398727804432,0.7900398727804432
0.206298828125,0.7898307299385773,0.7898307299385773
0.2064208984375,0.7896215313209962,0.7896215313209962
0.20654296875,0.7894122769956096,0.7894122769956096
0.2066650390625,0.7892029670302991,0.7892029670302994
0.206787109375,0.7889936014929209,0.7889936014929209
0.2069091796875,0.7887841804513029,0.7887841804513029
0.20703125,0.7885747039732469,0.7885747039732469
0.2071533203125,0.788365172126528,0.788365172126528
0.207275390625,0.7881555849788937,0.7881555849788937
0.2073974609375,0.7879459425980653,0.7879459425980653
0.20751953125,0.7877362450517371,0.7877362450517371
0.2076416015625,0.7875264924075771,0.7875264924075771
0.207763671875,0.7873166847332252,0.7873166847332255
0.2078857421875,0.7871068220962961,0.7871068220962961
0.2080078125,0.7868969045643769,0.7868969045643769
0.2081298828125,0.7866869322050282,0.7866869322050282
0.208251953125,0.7864769050857832,0.7864769050857834
0.2083740234375,0.7862668232741502,0.7862668232741502
0.20849609375,0.7860566868376087,0.7860566868376085
0.2086181640625,0.7858464958436127,0.7858464958436127
0.208740234375,0.7856362503595894,0.7856362503595895
0.2088623046875,0.7854259504529398,0.7854259504529395
0.208984375,0.7852155961910366,0.7852155961910369
0.2091064453125,0.7850051876412286,0.7850051876412286
0.209228515625,0.7847947248708352,0.7847947248708353
0.2093505859375,0.7845842079471513,0.7845842079471513
0.20947265625,0.7843736369374441,0.7843736369374441
0.2095947265625,0.784163011908955,0.784163011908955
0.209716796875,0.7839523329288982,0.7839523329288983
0.2098388671875,0.7837416000644619,0.7837416000644619
0.2099609375,0.7835308133828075,0.7835308133828076
0.2100830078125,0.7833199729510703,0.7833199729510703
0.210205078125,0.7831090788363587,0.7831090788363587
0.2103271484375,0.7828981311057549,0.7828981311057547
0.21044921875,0.7826871298263146,0.7826871298263144
0.2105712890625,0.7824760750650671,0.7824760750650669
0.210693359375,0.7822649668890151,0.7822649668890151
0.2108154296875,0.7820538053651357,0.7820538053651357
0.2109375,0.7818425905603787,0.7818425905603787
0.2110595703125,0.7816313225416682,0.7816313225416681
0.211181640625,0.7814200013759013,0.7814200013759015
0.2113037109375,0.7812086271299495,0.7812086271299495
0.21142578125,0.7809971998706575,0.7809971998706577
0.2115478515625,0.7807857196648442,0.7807857196648442
0.211669921875,0.7805741865793017,0.7805741865793016
0.2117919921875,0.7803626006807959,0.7803626006807959
0.2119140625,0.780150962036067,0.780150962036067
0.2120361328125,0.7799392707118281,0.7799392707118283
0.212158203125,0.7797275267747675,0.7797275267747675
0.2122802734375,0.7795157302915456,0.7795157302915456
0.21240234375,0.7793038813287981,0.7793038813287979
0.2125244140625,0.7790919799531333,0.7790919799531333
0.212646484375,0.7788800262311342,0.7788800262311342
0.2127685546875,0.7786680202293575,0.7786680202293575
0.212890625,0.7784559620143336,0.7784559620143339
0.2130126953125,0.7782438516525673,0.7782438516525673
0.213134765625,0.7780316892105364,0.7780316892105367
0.2132568359375,0.7778194747546936,0.7778194747546936
0.21337890625,0.777607208351465,0.777607208351465
0.2135009765625,0.7773948900672509,0.7773948900672508
0.213623046875,0.7771825199684252,0.7771825199684252
0.2137451171875,0.7769700981213367,0.7769700981213367
0.2138671875,0.7767576245923069,0.7767576245923069
0.2139892578125,0.7765450994476325,0.7765450994476325
0.214111328125,0.7763325227535837,0.7763325227535837
0.2142333984375,0.7761198945764051,0.7761198945764048
0.21435546875,0.7759072149823147,0.7759072149823147
0.2144775390625,0.7756944840375052,0.7756944840375053
0.214599609375,0.7754817018081438,0.7754817018081435
0.2147216796875,0.7752688683603705,0.7752688683603705
0.21484375,0.7750559837603004,0.7750559837603007
0.2149658203125,0.7748430480740234,0.7748430480740234
0.215087890625,0.7746300613676017,0.7746300613676017
0.2152099609375,0.7744170237070735,0.7744170237070735
0.21533203125,0.77420393515845,0.77420393515845
0.2154541015625,0.7739907957877175,0.7739907957877176
0.215576171875,0.7737776056608358,0.7737776056608361
0.2156982421875,0.7735643648437398,0.7735643648437398
0.2158203125,0.7733510734023378,0.7733510734023378
0.2159423828125,0.7731377314025127,0.7731377314025125
0.216064453125,0.7729243389101218,0.7729243389101218
0.2161865234375,0.7727108959909972,0.772710895990997
0.21630859375,0.7724974027109439,0.7724974027109439
0.2164306640625,0.772283859135743,0.772283859135743
0.216552734375,0.7720702653311488,0.772070265331149
0.2166748046875,0.7718566213628905,0.7718566213628905
0.216796875,0.7716429272966713,0.7716429272966716
0.2169189453125,0.7714291831981692,0.7714291831981692
0.217041015625,0.7712153891330366,0.7712153891330367
0.2171630859375,0.7710015451669,0.7710015451669001
0.21728515625,0.7707876513653608,0.7707876513653608
0.2174072265625,0.7705737077939945,0.7705737077939947
0.217529296875,0.7703597145183515,0.7703597145183515
0.2176513671875,0.7701456716039562,0.7701456716039565
0.2177734375,0.7699315791163083,0.7699315791163082
0.2178955078125,0.7697174371208809,0.7697174371208809
0.218017578125,0.7695032456831228,0.7695032456831228
0.2181396484375,0.7692890048684566,0.7692890048684567
0.21826171875,0.7690747147422801,0.7690747147422804
0.2183837890625,0.7688603753699653,0.7688603753699653
0.218505859375,0.7686459868168588,0.7686459868168588
0.2186279296875,0.768431549148282,0.768431549148282
0.21875,0.768217062429531,0.768217062429531
0.2188720703125,0.7680025267258767,0.7680025267258767
0.218994140625,0.7677879421025641,0.7677879421025641
0.2191162109375,0.7675733086248133,0.7675733086248133
0.21923828125,0.7673586263578194,0.7673586263578194
0.2193603515625,0.7671438953667515,0.7671438953667518
0.219482421875,0.7669291157167546,0.7669291157167546
0.2196044921875,0.7667142874729472,0.7667142874729472
0.2197265625,0.7664994107004233,0.7664994107004233
0.2198486328125,0.7662844854642514,0.7662844854642514
0.219970703125,0.7660695118294752,0.7660695118294752
0.2200927734375,0.765854489861113,0.765854489861113
0.22021484375,0.7656394196241578,0.7656394196241576
0.2203369140625,0.7654243011835777,0.7654243011835777
0.220458984375,0.7652091346043153,0.7652091346043153
0.2205810546875,0.7649939199512888,0.764993919951289
0.220703125,0.7647786572893907,0.7647786572893909
0.2208251953125,0.7645633466834888,0.764563346683489
0.220947265625,0.7643479881984255,0.7643479881984255
0.2210693359375,0.7641325818990182,0.7641325818990182
0.22119140625,0.7639171278500596,0.7639171278500598
0.2213134765625,0.7637016261163172,0.7637016261163172
0.221435546875,0.7634860767625334,0.7634860767625334
0.2215576171875,0.7632704798534261,0.7632704798534261
0.2216796875,0.7630548354536872,0.7630548354536872
0.2218017578125,0.7628391436279847,0.7628391436279847
0.221923828125,0.7626234044409612,0.7626234044409613
0.2220458984375,0.7624076179572349,0.7624076179572348
0.22216796875,0.762191784241398,0.7621917842413981
0.2222900390625,0.7619759033580191,0.7619759033580191
0.222412109375,0.7617599753716411,0.7617599753716409
0.2225341796875,0.7615440003467822,0.7615440003467822
0.22265625,0.7613279783479358,0.761327978347936
0.2227783203125,0.7611119094395709,0.7611119094395709
0.222900390625,0.760895793686131,0.7608957936861308
0.2230224609375,0.7606796311520354,0.7606796311520353
0.22314453125,0.7604634219016781,0.7604634219016781
0.2232666015625,0.7602471659994292,0.7602471659994292
0.223388671875,0.7600308635096329,0.7600308635096329
0.2235107421875,0.7598145144966094,0.7598145144966094
0.2236328125,0.7595981190246546,0.7595981190246546
0.2237548828125,0.7593816771580382,0.7593816771580382
0.223876953125,0.7591651889610069,0.7591651889610069
0.2239990234375,0.7589486544977825,0.7589486544977823
0.22412109375,0.7587320738325607,0.7587320738325607
0.2242431640625,0.7585154470295139,0.758515447029514
0.224365234375,0.75829877415279,0.75829877415279
0.2244873046875,0.7580820552665115,0.7580820552665115
0.224609375,0.757865290434777,0.757865290434777
0.2247314453125,0.7576484797216599,0.7576484797216602
0.224853515625,0.7574316231912097,0.7574316231912098
0.2249755859375,0.757214720907451,0.757214720907451
0.22509765625,0.7569977729343838,0.7569977729343839
0.2252197265625,0.7567807793359842,0.7567807793359842
0.225341796875,0.7565637401762028,0.7565637401762028
0.2254638671875,0.7563466555189665,0.7563466555189664
0.2255859375,0.7561295254281777,0.7561295254281777
0.2257080078125,0.7559123499677144,0.7559123499677144
0.225830078125,0.7556951292014293,0.7556951292014293
0.2259521484375,0.7554778631931526,0.7554778631931524
0.22607421875,0.7552605520066877,0.7552605520066877
0.2261962890625,0.7550431957058155,0.7550431957058156
0.226318359375,0.754825794354292,0.754825794354292
0.2264404296875,0.7546083480158483,0.7546083480158484
0.2265625,0.7543908567541923,0.754390856754192
0.2266845703125,0.7541733206330062,0.7541733206330062
0.226806640625,0.7539557397159488,0.7539557397159491
0.2269287109375,0.753738114066655,0.753738114066655
0.22705078125,0.7535204437487344,0.7535204437487344
0.2271728515625,0.7533027288257728,0.7533027288257731
0.227294921875,0.7530849693613326,0.7530849693613326
0.2274169921875,0.7528671654189503,0.7528671654189502
0.2275390625,0.7526493170621394,0.7526493170621394
0.2276611328125,0.7524314243543894,0.7524314243543894
0.227783203125,0.7522134873591647,0.7522134873591647
0.2279052734375,0.7519955061399061,0.7519955061399062
0.22802734375,0.7517774807600301,0.7517774807600301
0.2281494140625,0.7515594112829297,0.7515594112829299
0.228271484375,0.7513412977719729,0.7513412977719729
0.2283935546875,0.7511231402905042,0.7511231402905043
0.228515625,0.7509049389018438,0.7509049389018436
0.2286376953125,0.7506866936692876,0.7506866936692875
0.228759765625,0.7504684046561078,0.750468404656108
0.2288818359375,0.7502500719255532,0.7502500719255532
0.22900390625,0.750031695540847,0.7500316955408469
0.2291259765625,0.7498132755651898,0.7498132755651898
0.229248046875,0.7495948120617578,0.7495948120617578
0.2293701171875,0.7493763050937029,0.7493763050937029
0.2294921875,0.7491577547241539,0.7491577547241538
0.2296142578125,0.7489391610162146,0.7489391610162145
0.229736328125,0.7487205240329655,0.7487205240329655
0.2298583984375,0.7485018438374635,0.7485018438374635
0.22998046875,0.7482831204927408,0.7482831204927408
0.2301025390625,0.7480643540618064,0.7480643540618066
0.230224609375,0.7478455446076454,0.7478455446076454
0.2303466796875,0.7476266921932188,0.7476266921932185
0.23046875,0.7474077968814636,0.7474077968814636
0.2305908203125,0.7471888587352936,0.7471888587352936
0.230712890625,0.7469698778175983,0.7469698778175985
0.2308349609375,0.7467508541912439,0.7467508541912442
0.23095703125,0.7465317879190726,0.7465317879190726
0.2310791015625,0.7463126790639028,0.7463126790639028
0.231201171875,0.7460935276885289,0.7460935276885292
0.2313232421875,0.7458743338557223,0.7458743338557221
0.2314453125,0.7456550976282302,0.7456550976282302
0.2315673828125,0.7454358190687763,0.7454358190687761
0.231689453125,0.7452164982400606,0.7452164982400606
0.2318115234375,0.7449971352047594,0.7449971352047595
0.23193359375,0.7447777300255256,0.7447777300255256
0.2320556640625,0.744558282764988,0.7445582827649883
0.232177734375,0.7443387934857528,0.7443387934857528
0.2322998046875,0.7441192622504011,0.7441192622504011
0.232421875,0.7438996891214922,0.7438996891214922
0.2325439453125,0.7436800741615601,0.7436800741615601
0.232666015625,0.7434604174331165,0.7434604174331165
0.2327880859375,0.7432407189986494,0.7432407189986495
0.23291015625,0.7430209789206229,0.7430209789206229
0.2330322265625,0.7428011972614775,0.7428011972614775
0.233154296875,0.7425813740836309,0.7425813740836309
0.2332763671875,0.7423615094494771,0.7423615094494773
0.2333984375,0.7421416034213864,0.7421416034213861
0.2335205078125,0.7419216560617055,0.7419216560617055
0.233642578125,0.7417016674327586,0.7417016674327586
0.2337646484375,0.7414816375968456,0.7414816375968456
0.23388671875,0.7412615666162434,0.7412615666162434
0.2340087890625,0.7410414545532056,0.7410414545532056
0.234130859375,0.7408213014699624,0.7408213014699622
0.2342529296875,0.7406011074287204,0.7406011074287204
0.234375,0.7403808724916633,0.740380872491663
0.2344970703125,0.740160596720951,0.740160596720951
0.234619140625,0.739940280178721,0.739940280178721
0.2347412109375,0.7397199229270864,0.7397199229270864
0.23486328125,0.7394995250281383,0.7394995250281381
0.2349853515625,0.7392790865439431,0.7392790865439433
0.235107421875,0.7390586075365456,0.7390586075365456
0.2352294921875,0.7388380880679661,0.7388380880679658
0.2353515625,0.7386175282002019,0.7386175282002019
0.2354736328125,0.738396927995228,0.738396927995228
0.235595703125,0.7381762875149953,0.7381762875149955
0.2357177734375,0.7379556068214324,0.7379556068214321
0.23583984375,0.7377348859764435,0.7377348859764435
0.2359619140625,0.7375141250419109,0.7375141250419109
0.236083984375,0.7372933240796936,0.7372933240796936
0.2362060546875,0.7370724831516272,0.737072483151627
0.236328125,0.736851602319524,0.736851602319524
0.2364501953125,0.7366306816451741,0.7366306816451738
0.236572265625,0.7364097211903435,0.7364097211903435
0.2366943359375,0.7361887210167765,0.7361887210167765
0.23681640625,0.735967681186193,0.735967681186193
0.2369384765625,0.735746601760291,0.7357466017602909
0.237060546875,0.7355254828007449,0.7355254828007449
0.2371826171875,0.7353043243692063,0.7353043243692063
0.2373046875,0.7350831265273041,0.7350831265273041
0.2374267578125,0.734861889336644,0.734861889336644
0.237548828125,0.734640612858809,0.734640612858809
0.2376708984375,0.734419297155359,0.734419297155359
0.23779296875,0.7341979422878309,0.7341979422878309
0.2379150390625,0.7339765483177393,0.7339765483177394
0.238037109375,0.7337551153065754,0.7337551153065754
0.2381591796875,0.7335336433158081,0.7335336433158081
0.23828125,0.7333121324068829,0.7333121324068829
0.2384033203125,0.7330905826412225,0.7330905826412225
0.238525390625,0.7328689940802278,0.7328689940802278
0.2386474609375,0.7326473667852758,0.7326473667852758
0.23876953125,0.7324257008177211,0.732425700817721
0.2388916015625,0.7322039962388956,0.7322039962388955
0.239013671875,0.7319822531101089,0.7319822531101089
0.2391357421875,0.7317604714926472,0.7317604714926471
0.2392578125,0.7315386514477742,0.7315386514477742
0.2393798828125,0.7313167930367315,0.7313167930367315
0.239501953125,0.7310948963207371,0.7310948963207372
0.2396240234375,0.7308729613609873,0.7308729613609876
0.23974609375,0.7306509882186553,0.7306509882186553
0.2398681640625,0.7304289769548913,0.7304289769548911
0.239990234375,0.7302069276308231,0.7302069276308231
0.2401123046875,0.7299848403075567,0.729984840307557
0.240234375,0.7297627150461753,0.7297627150461751
0.2403564453125,0.7295405519077384,0.7295405519077381
0.240478515625,0.7293183509532838,0.7293183509532838
0.2406005859375,0.7290961122438271,0.7290961122438271
0.24072265625,0.7288738358403611,0.7288738358403613
0.2408447265625,0.728651521803856,0.7286515218038561
0.240966796875,0.7284291701952593,0.7284291701952594
0.2410888671875,0.7282067810754967,0.7282067810754967
0.2412109375,0.7279843545054708,0.7279843545054709
0.2413330078125,0.7277618905460623,0.7277618905460623
0.241455078125,0.7275393892581288,0.7275393892581289
0.2415771484375,0.7273168507025064,0.7273168507025065
0.24169921875,0.7270942749400083,0.7270942749400083
0.2418212890625,0.7268716620314253,0.7268716620314252
0.241943359375,0.7266490120375256,0.7266490120375257
0.2420654296875,0.7264263250190562,0.7264263250190562
0.2421875,0.7262036010367402,0.7262036010367402
0.2423095703125,0.7259808401512797,0.7259808401512797
0.242431640625,0.7257580424233535,0.7257580424233535
0.2425537109375,0.7255352079136193,0.7255352079136191
0.24267578125,0.7253123366827111,0.7253123366827111
0.2427978515625,0.725089428791242,0.7250894287912419
0.242919921875,0.7248664842998018,0.7248664842998018
0.2430419921875,0.724643503268959,0.724643503268959
0.2431640625,0.7244204857592592,0.7244204857592592
0.2432861328125,0.7241974318312263,0.7241974318312263
0.243408203125,0.7239743415453612,0.7239743415453614
0.2435302734375,0.7237512149621442,0.7237512149621445
0.24365234375,0.7235280521420321,0.7235280521420321
0.2437744140625,0.7233048531454597,0.7233048531454597
0.243896484375,0.7230816180328404,0.7230816180328404
0.2440185546875,0.7228583468645651,0.7228583468645648
0.244140625,0.7226350397010022,0.7226350397010022
0.2442626953125,0.7224116966024988,0.7224116966024988
0.244384765625,0.7221883176293797,0.7221883176293795
0.2445068359375,0.7219649028419471,0.7219649028419474
0.24462890625,0.7217414523004826,0.7217414523004826
0.2447509765625,0.721517966065244,0.7215179660652438
0.244873046875,0.7212944441964683,0.721294444196468
0.2449951171875,0.72107088675437,0.72107088675437
0.2451171875,0.7208472937991419,0.7208472937991421
0.2452392578125,0.7206236653909553,0.7206236653909555
0.245361328125,0.7204000015899585,0.7204000015899586
0.2454833984375,0.7201763024562792,0.7201763024562792
0.24560546875,0.7199525680500216,0.7199525680500214
0.2457275390625,0.7197287984312691,0.7197287984312691
0.245849609375,0.7195049936600836,0.7195049936600836
0.2459716796875,0.7192811537965039,0.7192811537965041
0.24609375,0.7190572789005484,0.7190572789005484
0.2462158203125,0.7188333690322123,0.7188333690322123
0.246337890625,0.7186094242514697,0.7186094242514697
0.2464599609375,0.7183854446182731,0.7183854446182731
0.24658203125,0.7181614301925531,0.7181614301925529
0.2467041015625,0.7179373810342176,0.7179373810342176
0.246826171875,0.7177132972031547,0.7177132972031547
0.2469482421875,0.7174891787592287,0.7174891787592287
0.2470703125,0.7172650257622835,0.7172650257622835
0.2471923828125,0.7170408382721408,0.7170408382721408
0.247314453125,0.7168166163486009,0.7168166163486009
0.2474365234375,0.7165923600514421,0.7165923600514422
0.24755859375,0.7163680694404214,0.7163680694404214
0.2476806640625,0.716143744575274,0.7161437445752736
0.247802734375,0.7159193855157131,0.7159193855157128
0.2479248046875,0.7156949923214307,0.7156949923214307
0.248046875,0.7154705650520973,0.7154705650520975
0.2481689453125,0.715246103767362,0.7152461037673619
0.248291015625,0.7150216085268514,0.7150216085268511
0.2484130859375,0.7147970793901711,0.7147970793901713
0.24853515625,0.7145725164169058,0.7145725164169059
0.2486572265625,0.7143479196666177,0.7143479196666176
0.248779296875,0.7141232891988482,0.714123289198848
0.2489013671875,0.7138986250731165,0.7138986250731165
0.2490234375,0.7136739273489207,0.7136739273489207
0.2491455078125,0.7134491960857379,0.7134491960857375
0.249267578125,0.7132244313430228,0.7132244313430228
0.2493896484375,0.7129996331802096,0.7129996331802096
0.24951171875,0.7127748016567106,0.7127748016567107
0.2496337890625,0.7125499368319167,0.7125499368319166
0.249755859375,0.7123250387651973,0.7123250387651973
0.2498779296875,0.7121001075159008,0.7121001075159008
0.25,0.7118751431433542,0.7118751431433542
0.2501220703125,0.7116501457068628,0.7116501457068628
0.250244140625,0.711425115265711,0.711425115265711
0.2503662109375,0.7112000518791614,0.7112000518791614
0.25048828125,0.7109749556064556,0.7109749556064558
0.2506103515625,0.7107498265068143,0.7107498265068142
0.250732421875,0.710524664639436,0.710524664639436
0.2508544921875,0.7102994700634988,0.7102994700634988
0.2509765625,0.7100742428381593,0.7100742428381591
0.2510986328125,0.7098489830225523,0.7098489830225523
0.251220703125,0.7096236906757928,0.7096236906757927
0.2513427734375,0.7093983658569727,0.7093983658569727
0.25146484375,0.7091730086251647,0.7091730086251647
0.2515869140625,0.7089476190394186,0.7089476190394186
0.251708984375,0.7087221971587643,0.7087221971587643
0.2518310546875,0.70849674304221,0.70849674304221
0.251953125,0.7082712567487426,0.7082712567487426
0.2520751953125,0.7080457383373286,0.7080457383373286
0.252197265625,0.7078201878669127,0.7078201878669126
0.2523193359375,0.7075946053964189,0.7075946053964189
0.25244140625,0.7073689909847498,0.7073689909847498
0.2525634765625,0.7071433446907877,0.7071433446907877
0.252685546875,0.7069176665733927,0.7069176665733927
0.2528076171875,0.7066919566914052,0.7066919566914052
0.2529296875,0.7064662151036434,0.7064662151036437
0.2530517578125,0.7062404418689056,0.7062404418689056
0.253173828125,0.7060146370459679,0.706014637045968
0.2532958984375,0.7057888006935867,0.7057888006935866
0.25341796875,0.7055629328704967,0.7055629328704967
0.2535400390625,0.7053370336354118,0.7053370336354118
0.253662109375,0.7051111030470252,0.7051111030470251
0.2537841796875,0.7048851411640087,0.7048851411640086
0.25390625,0.704659148045014,0.7046591480450141
0.2540283203125,0.7044331237486712,0.7044331237486712
0.254150390625,0.7042070683335895,0.7042070683335895
0.2542724609375,0.7039809818583583,0.7039809818583583
0.25439453125,0.703754864381545,0.703754864381545
0.2545166015625,0.7035287159616967,0.7035287159616967
0.254638671875,0.7033025366573399,0.70330253665734
0.2547607421875,0.7030763265269797,0.7030763265269797
0.2548828125,0.7028500856291008,0.7028500856291011
0.2550048828125,0.7026238140221677,0.7026238140221677
0.255126953125,0.7023975117646231,0.7023975117646228
0.2552490234375,0.7021711789148891,0.7021711789148892
0.25537109375,0.7019448155313684,0.7019448155313683
0.2554931640625,0.7017184216724415,0.7017184216724415
0.255615234375,0.7014919973964687,0.7014919973964687
0.2557373046875,0.70126554276179,0.70126554276179
0.255859375,0.7010390578267244,0.7010390578267244
0.2559814453125,0.7008125426495704,0.7008125426495702
0.256103515625,0.7005859972886054,0.7005859972886054
0.2562255859375,0.700359421802087,0.700359421802087
0.25634765625,0.7001328162482517,0.7001328162482517
0.2564697265625,0.6999061806853153,0.6999061806853154
0.256591796875,0.6996795151714738,0.6996795151714736
0.2567138671875,0.6994528197649016,0.6994528197649016
0.2568359375,0.699226094523753,0.6992260945237531
0.2569580078125,0.6989993395061623,0.6989993395061623
0.257080078125,0.6987725547702425,0.6987725547702425
0.2572021484375,0.6985457403740866,0.6985457403740863
0.25732421875,0.6983188963757665,0.6983188963757665
0.2574462890625,0.6980920228333347,0.6980920228333347
0.257568359375,0.6978651198048221,0.6978651198048221
0.2576904296875,0.6976381873482401,0.6976381873482401
0.2578125,0.6974112255215793,0.6974112255215794
0.2579345703125,0.6971842343828095,0.6971842343828096
0.258056640625,0.6969572139898809,0.6969572139898808
0.2581787109375,0.6967301644007224,0.6967301644007224
0.25830078125,0.6965030856732435,0.6965030856732434
0.2584228515625,0.6962759778653326,0.6962759778653326
0.258544921875,0.696048841034858,0.696048841034858
0.2586669921875,0.6958216752396679,0.6958216752396681
0.2587890625,0.6955944805375899,0.6955944805375901
0.2589111328125,0.6953672569864316,0.6953672569864315
0.259033203125,0.69514000464398,0.69514000464398
0.2591552734375,0.6949127235680017,0.6949127235680017
0.25927734375,0.6946854138162437,0.6946854138162436
0.2593994140625,0.694458075446432,0.694458075446432
0.259521484375,0.6942307085162731,0.6942307085162731
0.2596435546875,0.694003313083453,0.694003313083453
0.259765625,0.6937758892056373,0.6937758892056373
0.2598876953125,0.6935484369404713,0.6935484369404713
0.260009765625,0.6933209563455809,0.6933209563455809
0.2601318359375,0.6930934474785708,0.6930934474785708
0.26025390625,0.6928659103970265,0.6928659103970265
0.2603759765625,0.692638345158513,0.6926383451585129
0.260498046875,0.6924107518205749,0.6924107518205749
0.2606201171875,0.6921831304407372,0.6921831304407372
0.2607421875,0.6919554810765046,0.6919554810765046
0.2608642578125,0.6917278037853617,0.6917278037853617
0.260986328125,0.691500098624773,0.6915000986247729
0.2611083984375,0.6912723656521831,0.6912723656521831
0.26123046875,0.6910446049250164,0.6910446049250164
0.2613525390625,0.6908168165006775,0.6908168165006776
0.261474609375,0.6905890004365511,0.6905890004365511
0.2615966796875,0.6903611567900013,0.6903611567900014
0.26171875,0.690133285618373,0.6901332856183731
0.2618408203125,0.6899053869789907,0.6899053869789906
0.261962890625,0.6896774609291589,0.6896774609291588
0.2620849609375,0.6894495075261626,0.6894495075261625
0.26220703125,0.6892215268272661,0.6892215268272662
0.2623291015625,0.688993518889715,0.688993518889715
0.262451171875,0.6887654837707339,0.6887654837707339
0.2625732421875,0.6885374215275281,0.6885374215275281
0.2626953125,0.6883093322172829,0.6883093322172827
0.2628173828125,0.6880812158971636,0.6880812158971635
0.262939453125,0.6878530726243159,0.6878530726243157
0.2630615234375,0.6876249024558657,0.6876249024558657
0.26318359375,0.6873967054489188,0.6873967054489188
0.2633056640625,0.6871684816605618,0.6871684816605618
0.263427734375,0.6869402311478608,0.6869402311478608
0.2635498046875,0.6867119539678627,0.6867119539678627
0.263671875,0.6864836501775943,0.6864836501775944
0.2637939453125,0.686255319834063,0.686255319834063
0.263916015625,0.6860269629942558,0.6860269629942559
0.2640380859375,0.685798579715141,0.685798579715141
0.26416015625,0.6855701700536667,0.6855701700536667
0.2642822265625,0.685341734066761,0.6853417340667609
0.264404296875,0.685113271811333,0.6851132718113329
0.2645263671875,0.6848847833442715,0.6848847833442714
0.2646484375,0.6846562687224459,0.6846562687224458
0.2647705078125,0.6844277280027062,0.6844277280027063
0.264892578125,0.6841991612418828,0.6841991612418828
0.2650146484375,0.6839705684967864,0.6839705684967866
0.26513671875,0.6837419498242079,0.6837419498242079
0.2652587890625,0.6835133052809187,0.6835133052809187
0.265380859375,0.6832846349236708,0.6832846349236709
0.2655029296875,0.6830559388091967,0.6830559388091967
0.265625,0.6828272169942093,0.6828272169942092
0.2657470703125,0.6825984695354019,0.6825984695354018
0.265869140625,0.6823696964894482,0.6823696964894482
0.2659912109375,0.682140897913003,0.682140897913003
0.26611328125,0.6819120738627011,0.6819120738627011
0.2662353515625,0.6816832243951578,0.6816832243951576
0.266357421875,0.6814543495669692,0.681454349566969
0.2664794921875,0.6812254494347119,0.6812254494347119
0.2666015625,0.6809965240549428,0.6809965240549428
0.2667236328125,0.6807675734842005,0.6807675734842004
0.266845703125,0.6805385977790025,0.6805385977790025
0.2669677734375,0.680309596995848,0.6803095969958481
0.26708984375,0.6800805711912172,0.6800805711912172
0.2672119140625,0.6798515204215698,0.6798515204215697
0.267333984375,0.6796224447433471,0.6796224447433471
0.2674560546875,0.6793933442129705,0.6793933442129705
0.267578125,0.6791642188868425,0.6791642188868425
0.2677001953125,0.6789350688213464,0.6789350688213464
0.267822265625,0.6787058940728453,0.6787058940728454
0.2679443359375,0.6784766946976845,0.6784766946976845
0.26806640625,0.6782474707521887,0.6782474707521887
0.2681884765625,0.6780182222926642,0.6780182222926642
0.268310546875,0.6777889493753976,0.6777889493753977
0.2684326171875,0.6775596520566565,0.6775596520566566
0.2685546875,0.6773303303926896,0.6773303303926895
0.2686767578125,0.6771009844397257,0.6771009844397258
0.268798828125,0.676871614253975,0.676871614253975
0.2689208984375,0.6766422198916282,0.6766422198916283
0.26904296875,0.6764128014088574,0.6764128014088574
0.2691650390625,0.6761833588618147,0.6761833588618147
0.269287109375,0.6759538923066339,0.6759538923066342
0.2694091796875,0.6757244017994295,0.6757244017994295
0.26953125,0.6754948873962965,0.6754948873962965
0.2696533203125,0.675265349153311,0.6752653491533112
0.269775390625,0.6750357871265306,0.6750357871265306
0.2698974609375,0.6748062013719931,0.674806201371993
0.27001953125,0.6745765919457174,0.6745765919457174
0.2701416015625,0.6743469589037039,0.6743469589037039
0.270263671875,0.6741173023019335,0.6741173023019333
0.2703857421875,0.6738876221963679,0.6738876221963679
0.2705078125,0.6736579186429504,0.6736579186429504
0.2706298828125,0.6734281916976054,0.6734281916976054
0.270751953125,0.6731984414162373,0.6731984414162374
0.2708740234375,0.672968667854733,0.672968667854733
0.27099609375,0.6727388710689591,0.6727388710689591
0.2711181640625,0.6725090511147643,0.6725090511147644
0.271240234375,0.672279208047978,0.672279208047978
0.2713623046875,0.6720493419244108,0.6720493419244108
0.271484375,0.6718194527998542,0.6718194527998542
0.2716064453125,0.671589540730081,0.6715895407300809
0.271728515625,0.6713596057708451,0.6713596057708451
0.2718505859375,0.6711296479778818,0.6711296479778818
0.27197265625,0.6708996674069072,0.6708996674069071
0.2720947265625,0.6706696641136188,0.6706696641136188
0.272216796875,0.6704396381536954,0.6704396381536953
0.2723388671875,0.6702095895827967,0.6702095895827967
0.2724609375,0.6699795184565639,0.6699795184565638
0.2725830078125,0.6697494248306194,0.6697494248306194
0.272705078125,0.6695193087605669,0.6695193087605668
0.2728271484375,0.6692891703019909,0.6692891703019909
0.27294921875,0.6690590095104582,0.6690590095104579
0.2730712890625,0.6688288264415155,0.6688288264415158
0.273193359375,0.6685986211506924,0.6685986211506924
0.2733154296875,0.6683683936934984,0.6683683936934984
0.2734375,0.668138144125425,0.668138144125425
0.2735595703125,0.667907872501945,0.667907872501945
0.273681640625,0.6676775788785129,0.6676775788785129
0.2738037109375,0.6674472633105638,0.6674472633105639
0.27392578125,0.6672169258535147,0.6672169258535148
0.2740478515625,0.6669865665627638,0.666986566562764
0.274169921875,0.666756185493691,0.666756185493691
0.2742919921875,0.6665257827016574,0.6665257827016574
0.2744140625,0.6662953582420055,0.6662953582420055
0.2745361328125,0.6660649121700594,0.6660649121700593
0.274658203125,0.6658344445411244,0.6658344445411245
0.2747802734375,0.6656039554104876,0.6656039554104877
0.27490234375,0.6653734448334174,0.6653734448334175
0.2750244140625,0.6651429128651642,0.6651429128651642
0.275146484375,0.6649123595609588,0.664912359560959
0.2752685546875,0.6646817849760148,0.6646817849760147
0.275390625,0.6644511891655263,0.6644511891655263
0.2755126953125,0.6642205721846695,0.6642205721846696
0.275634765625,0.6639899340886023,0.6639899340886024
0.2757568359375,0.6637592749324639,0.6637592749324639
0.27587890625,0.6635285947713749,0.6635285947713749
0.2760009765625,0.6632978936604382,0.6632978936604382
0.276123046875,0.6630671716547375,0.6630671716547376
0.2762451171875,0.6628364288093387,0.6628364288093387
0.2763671875,0.6626056651792892,0.6626056651792892
0.2764892578125,0.6623748808196179,0.6623748808196177
0.276611328125,0.6621440757853356,0.6621440757853355
0.2767333984375,0.6619132501314345,0.6619132501314345
0.27685546875,0.661682403912889,0.6616824039128889
0.2769775390625,0.6614515371846544,0.6614515371846545
0.277099609375,0.6612206500016689,0.661220650001669
0.2772216796875,0.6609897424188512,0.6609897424188512
0.27734375,0.6607588144911026,0.6607588144911024
0.2774658203125,0.6605278662733056,0.6605278662733056
0.277587890625,0.6602968978203249,0.6602968978203249
0.2777099609375,0.6600659091870068,0.6600659091870069
0.27783203125,0.6598349004281793,0.6598349004281795
0.2779541015625,0.6596038715986529,0.6596038715986527
0.278076171875,0.6593728227532186,0.6593728227532186
0.2781982421875,0.6591417539466504,0.6591417539466504
0.2783203125,0.6589106652337037,0.6589106652337036
0.2784423828125,0.6586795566691157,0.6586795566691157
0.278564453125,0.6584484283076059,0.6584484283076059
0.2786865234375,0.658217280203875,0.658217280203875
0.27880859375,0.6579861124126063,0.6579861124126064
0.2789306640625,0.6577549249884646,0.6577549249884646
0.279052734375,0.6575237179860968,0.6575237179860968
0.2791748046875,0.6572924914601312,0.6572924914601312
0.279296875,0.6570612454651792,0.6570612454651793
0.2794189453125,0.6568299800558332,0.6568299800558333
0.279541015625,0.6565986952866678,0.6565986952866678
0.2796630859375,0.6563673912122397,0.6563673912122397
0.27978515625,0.6561360678870876,0.6561360678870876
0.2799072265625,0.6559047253657323,0.6559047253657321
0.280029296875,0.655673363702676,0.655673363702676
0.2801513671875,0.655441982952404,0.655441982952404
0.2802734375,0.6552105831693829,0.655210583169383
0.2803955078125,0.6549791644080615,0.6549791644080615
0.280517578125,0.6547477267228708,0.6547477267228708
0.2806396484375,0.6545162701682239,0.6545162701682239
0.28076171875,0.6542847947985158,0.6542847947985156
0.2808837890625,0.654053300668124,0.654053300668124
0.281005859375,0.6538217878314075,0.6538217878314075
0.2811279296875,0.6535902563427081,0.6535902563427082
0.28125,0.6533587062563495,0.6533587062563497
0.2813720703125,0.6531271376266373,0.6531271376266373
0.281494140625,0.6528955505078599,0.65289555050786
0.2816162109375,0.652663944954287,0.6526639449542874
0.28173828125,0.6524323210201718,0.6524323210201718
0.2818603515625,0.652200678759748,0.6522006787597481
0.281982421875,0.6519690182272331,0.6519690182272331
0.2821044921875,0.651737339476826,0.651737339476826
0.2822265625,0.6515056425627082,0.651505642562708
0.2823486328125,0.6512739275390429,0.6512739275390429
0.282470703125,0.6510421944599765,0.6510421944599766
0.2825927734375,0.6508104433796371,0.6508104433796371
0.28271484375,0.6505786743521349,0.6505786743521349
0.2828369140625,0.650346887431563,0.650346887431563
0.282958984375,0.6501150826719962,0.6501150826719964
0.2830810546875,0.6498832601274925,0.6498832601274924
0.283203125,0.6496514198520913,0.6496514198520913
0.2833251953125,0.6494195618998149,0.6494195618998149
0.283447265625,0.649187686324668,0.649187686324668
0.2835693359375,0.6489557931806372,0.6489557931806372
0.28369140625,0.6487238825216923,0.6487238825216923
0.2838134765625,0.648491954401785,0.6484919544017851
0.283935546875,0.6482600088748491,0.6482600088748492
0.2840576171875,0.6480280459948017,0.6480280459948017
0.2841796875,0.6477960658155417,0.6477960658155417
0.2843017578125,0.6475640683909506,0.6475640683909506
0.284423828125,0.6473320537748923,0.6473320537748924
0.2845458984375,0.6471000220212139,0.6471000220212139
0.28466796875,0.6468679731837439,0.6468679731837439
0.2847900390625,0.6466359073162935,0.6466359073162937
0.284912109375,0.6464038244726577,0.6464038244726575
0.2850341796875,0.6461717247066121,0.6461717247066121
0.28515625,0.6459396080719165,0.6459396080719166
0.2852783203125,0.6457074746223125,0.6457074746223125
0.285400390625,0.6454753244115241,0.6454753244115241
0.2855224609375,0.6452431574932582,0.6452431574932582
0.28564453125,0.6450109739212043,0.6450109739212043
0.2857666015625,0.6447787737490346,0.6447787737490346
0.285888671875,0.6445465570304036,0.6445465570304035
0.2860107421875,0.6443143238189485,0.6443143238189484
0.2861328125,0.6440820741682894,0.6440820741682892
0.2862548828125,0.6438498081320289,0.6438498081320289
0.286376953125,0.6436175257637524,0.6436175257637522
0.2864990234375,0.6433852271170275,0.6433852271170275
0.28662109375,0.6431529122454052,0.643152912245405
0.2867431640625,0.6429205812024186,0.6429205812024186
0.286865234375,0.6426882340415839,0.6426882340415838
0.2869873046875,0.6424558708163999,0.6424558708163999
0.287109375,0.6422234915803481,0.6422234915803481
0.2872314453125,0.6419910963868927,0.6419910963868928
0.287353515625,0.641758685289481,0.641758685289481
0.2874755859375,0.6415262583415425,0.6415262583415425
0.28759765625,0.6412938155964902,0.6412938155964903
0.2877197265625,0.6410613571077193,0.6410613571077194
0.287841796875,0.640828882928608,0.6408288829286082
0.2879638671875,0.6405963931125175,0.6405963931125177
0.2880859375,0.6403638877127916,0.6403638877127916
0.2882080078125,0.6401313667827571,0.6401313667827571
0.288330078125,0.6398988303757236,0.6398988303757236
0.2884521484375,0.6396662785449835,0.6396662785449834
0.28857421875,0.6394337113438121,0.639433711343812
0.2886962890625,0.6392011288254678,0.6392011288254678
0.288818359375,0.6389685310431918,0.6389685310431917
0.2889404296875,0.6387359180502079,0.6387359180502079
0.2890625,0.6385032898997235,0.6385032898997236
0.2891845703125,0.6382706466449285,0.6382706466449284
0.289306640625,0.6380379883389955,0.6380379883389955
0.2894287109375,0.6378053150350806,0.6378053150350806
0.28955078125,0.6375726267863228,0.6375726267863228
0.2896728515625,0.6373399236458435,0.6373399236458435
0.289794921875,0.637107205666748,0.6371072056667479
0.2899169921875,0.6368744729021238,0.636874472902124
0.2900390625,0.6366417254050422,0.6366417254050422
0.2901611328125,0.6364089632285568,0.6364089632285569
0.290283203125,0.6361761864257046,0.6361761864257046
0.2904052734375,0.6359433950495059,0.6359433950495059
0.29052734375,0.6357105891529635,0.6357105891529636
0.2906494140625,0.6354777687890638,0.6354777687890638
0.290771484375,0.6352449340107759,0.6352449340107759
0.2908935546875,0.6350120848710523,0.6350120848710524
0.291015625,0.6347792214228286,0.6347792214228286
0.2911376953125,0.6345463437190235,0.6345463437190234
0.291259765625,0.6343134518125384,0.6343134518125383
0.2913818359375,0.6340805457562586,0.6340805457562585
0.29150390625,0.6338476256030521,0.6338476256030521
0.2916259765625,0.6336146914057702,0.63361469140577
0.291748046875,0.633381743217247,0.6333817432172472
0.2918701171875,0.633148781090301,0.6331487810903009
0.2919921875,0.6329158050777324,0.6329158050777326
0.2921142578125,0.6326828152323256,0.6326828152323256
0.292236328125,0.6324498116068479,0.6324498116068478
0.2923583984375,0.6322167942540498,0.6322167942540498
0.29248046875,0.6319837632266652,0.6319837632266652
0.2926025390625,0.631750718577411,0.6317507185774112
0.292724609375,0.6315176603589883,0.6315176603589883
0.2928466796875,0.63128458862408,0.63128458862408
0.29296875,0.6310515034253534,0.6310515034253534
0.2930908203125,0.630818404815459,0.6308184048154591
0.293212890625,0.6305852928470302,0.6305852928470301
0.2933349609375,0.6303521675726841,0.6303521675726841
0.29345703125,0.6301190290450208,0.6301190290450208
0.2935791015625,0.6298858773166243,0.6298858773166244
0.293701171875,0.6296527124400615,0.6296527124400614
0.2938232421875,0.6294195344678828,0.6294195344678829
0.2939453125,0.6291863434526221,0.629186343452622
0.2940673828125,0.6289531394467968,0.6289531394467968
0.294189453125,0.6287199225029072,0.6287199225029074
0.2943115234375,0.6284866926734379,0.6284866926734379
0.29443359375,0.6282534500108561,0.6282534500108561
0.2945556640625,0.6280201945676127,0.6280201945676127
0.294677734375,0.6277869263961425,0.6277869263961425
0.2947998046875,0.6275536455488631,0.6275536455488631
0.294921875,0.6273203520781762,0.6273203520781762
0.2950439453125,0.6270870460364664,0.6270870460364664
0.295166015625,0.6268537274761022,0.6268537274761022
0.2952880859375,0.6266203964494359,0.6266203964494359
0.29541015625,0.6263870530088026,0.6263870530088026
0.2955322265625,0.6261536972065216,0.6261536972065216
0.295654296875,0.6259203290948951,0.6259203290948951
0.2957763671875,0.6256869487262093,0.6256869487262094
0.2958984375,0.6254535561527346,0.6254535561527345
0.2960205078125,0.6252201514267233,0.6252201514267233
0.296142578125,0.6249867346004128,0.6249867346004129
0.2962646484375,0.6247533057260237,0.6247533057260237
0.29638671875,0.6245198648557599,0.62451986485576
0.2965087890625,0.6242864120418096,0.6242864120418095
0.296630859375,0.6240529473363434,0.6240529473363436
0.2967529296875,0.6238194707915172,0.6238194707915171
0.296875,0.6235859824594694,0.6235859824594694
0.2969970703125,0.6233524823923222,0.6233524823923222
0.297119140625,0.6231189706421819,0.623118970642182
0.2972412109375,0.6228854472611386,0.6228854472611386
0.29736328125,0.6226519123012653,0.6226519123012653
0.2974853515625,0.6224183658146193,0.6224183658146194
0.297607421875,0.6221848078532419,0.6221848078532419
0.2977294921875,0.6219512384691575,0.6219512384691575
0.2978515625,0.6217176577143747,0.6217176577143748
0.2979736328125,0.6214840656408857,0.6214840656408857
0.298095703125,0.6212504623006665,0.6212504623006664
0.2982177734375,0.6210168477456769,0.621016847745677
0.29833984375,0.6207832220278604,0.6207832220278605
0.2984619140625,0.6205495851991445,0.6205495851991447
0.298583984375,0.6203159373114406,0.6203159373114405
0.2987060546875,0.6200822784166434,0.6200822784166434
0.298828125,0.619848608566632,0.619848608566632
0.2989501953125,0.6196149278132692,0.6196149278132692
0.299072265625,0.6193812362084015,0.6193812362084016
0.2991943359375,0.6191475338038595,0.6191475338038595
0.29931640625,0.6189138206514573,0.6189138206514574
0.2994384765625,0.6186800968029937,0.6186800968029935
0.299560546875,0.6184463623102504,0.6184463623102503
0.2996826171875,0.6182126172249938,0.6182126172249939
0.2998046875,0.6179788615989739,0.6179788615989736
0.2999267578125,0.6177450954839243,0.6177450954839243
0.300048828125,0.6175113189315634,0.6175113189315635
0.3001708984375,0.6172775319935931,0.617277531993593
0.30029296875,0.6170437347216992,0.617043734721699
0.3004150390625,0.6168099271675513,0.6168099271675512
0.300537109375,0.6165761093828034,0.6165761093828034
0.3006591796875,0.6163422814190935,0.6163422814190934
0.30078125,0.6161084433280434,0.6161084433280434
0.3009033203125,0.6158745951612588,0.6158745951612589
0.301025390625,0.61564073697033,0.61564073697033
0.3011474609375,0.6154068688068307,0.6154068688068307
0.30126953125,0.615172990722319,0.615172990722319
0.3013916015625,0.6149391027683373,0.6149391027683372
0.301513671875,0.6147052049964115,0.6147052049964115
0.3016357421875,0.6144712974580521,0.6144712974580521
0.3017578125,0.6142373802047532,0.6142373802047533
0.3018798828125,0.6140034532879937,0.6140034532879937
0.302001953125,0.6137695167592359,0.613769516759236
0.3021240234375,0.6135355706699268,0.6135355706699268
0.30224609375,0.6133016150714972,0.6133016150714974
0.3023681640625,0.6130676500153627,0.6130676500153626
0.302490234375,0.6128336755529217,0.6128336755529217
0.3026123046875,0.6125996917355581,0.6125996917355581
0.302734375,0.6123656986146394,0.6123656986146394
0.3028564453125,0.6121316962415174,0.6121316962415175
0.302978515625,0.6118976846675285,0.6118976846675285
0.3031005859375,0.6116636639439924,0.6116636639439924
0.30322265625,0.6114296341222141,0.6114296341222142
0.3033447265625,0.6111955952534818,0.6111955952534818
0.303466796875,0.6109615473890688,0.6109615473890688
0.3035888671875,0.6107274905802323,0.6107274905802325
0.3037109375,0.6104934248782139,0.6104934248782139
0.3038330078125,0.6102593503342391,0.6102593503342392
0.303955078125,0.6100252669995182,0.6100252669995182
0.3040771484375,0.6097911749252455,0.6097911749252455
0.30419921875,0.6095570741626,0.6095570741626
0.3043212890625,0.6093229647627444,0.6093229647627444
0.304443359375,0.6090888467768263,0.6090888467768263
0.3045654296875,0.6088547202559771,0.6088547202559771
0.3046875,0.6086205852513134,0.6086205852513134
0.3048095703125,0.6083864418139351,0.6083864418139351
0.304931640625,0.6081522899949275,0.6081522899949273
0.3050537109375,0.6079181298453593,0.6079181298453593
0.30517578125,0.6076839614162847,0.6076839614162847
0.3052978515625,0.6074497847587415,0.6074497847587415
0.305419921875,0.607215599923752,0.6072155999237518
0.3055419921875,0.6069814069623232,0.6069814069623231
0.3056640625,0.6067472059254462,0.6067472059254462
0.3057861328125,0.6065129968640972,0.6065129968640971
0.305908203125,0.6062787798292361,0.606278779829236
0.3060302734375,0.6060445548718078,0.6060445548718078
0.30615234375,0.6058103220427413,0.6058103220427412
0.3062744140625,0.6055760813929503,0.6055760813929505
0.306396484375,0.6053418329733333,0.6053418329733334
0.3065185546875,0.6051075768347728,0.6051075768347728
0.306640625,0.604873313028136,0.604873313028136
0.3067626953125,0.6046390416042747,0.6046390416042747
0.306884765625,0.6044047626140248,0.604404762614025
0.3070068359375,0.604170476108208,0.604170476108208
0.30712890625,0.6039361821376289,0.6039361821376291
0.3072509765625,0.6037018807530781,0.6037018807530781
0.307373046875,0.6034675720053297,0.6034675720053297
0.3074951171875,0.6032332559451434,0.6032332559451433
0.3076171875,0.6029989326232623,0.6029989326232624
0.3077392578125,0.6027646020904157,0.6027646020904155
0.307861328125,0.6025302643973157,0.6025302643973158
0.3079833984375,0.6022959195946607,0.6022959195946606
0.30810546875,0.6020615677331325,0.6020615677331325
0.3082275390625,0.6018272088633984,0.6018272088633984
0.308349609375,0.6015928430361097,0.6015928430361097
0.3084716796875,0.6013584703019031,0.6013584703019031
0.30859375,0.6011240907113995,0.6011240907113995
0.3087158203125,0.6008897043152045,0.6008897043152045
0.308837890625,0.6006553111639085,0.6006553111639085
0.3089599609375,0.6004209113080866,0.6004209113080866
0.30908203125,0.6001865047982987,0.6001865047982987
0.3092041015625,0.5999520916850895,0.5999520916850895
0.309326171875,0.5997176720189882,0.5997176720189883
0.3094482421875,0.5994832458505089,0.599483245850509
0.3095703125,0.5992488132301504,0.5992488132301506
0.3096923828125,0.5990143742083968,0.5990143742083968
0.309814453125,0.5987799288357161,0.598779928835716
0.3099365234375,0.5985454771625611,0.5985454771625611
0.31005859375,0.5983110192393709,0.598311019239371
0.3101806640625,0.5980765551165674,0.5980765551165675
0.310302734375,0.5978420848445589,0.5978420848445589
0.3104248046875,0.5976076084737378,0.5976076084737378
0.310546875,0.5973731260544813,0.5973731260544813
0.3106689453125,0.5971386376371517,0.5971386376371517
0.310791015625,0.596904143272096,0.596904143272096
0.3109130859375,0.5966696430096464,0.5966696430096464
0.31103515625,0.5964351369001193,0.5964351369001195
0.3111572265625,0.5962006249938172,0.5962006249938172
0.311279296875,0.5959661073410261,0.5959661073410261
0.3114013671875,0.595731583992018,0.595731583992018
0.3115234375,0.5954970549970491,0.5954970549970493
0.3116455078125,0.595262520406361,0.5952625204063612
0.311767578125,0.5950279802701802,0.5950279802701802
0.3118896484375,0.5947934346387178,0.594793434638718
0.31201171875,0.5945588835621705,0.5945588835621705
0.3121337890625,0.5943243270907191,0.5943243270907193
0.312255859375,0.5940897652745303,0.5940897652745304
0.3123779296875,0.5938551981637552,0.5938551981637552
0.3125,0.5936206258085303,0.5936206258085303
0.3126220703125,0.5933860482589762,0.5933860482589763
0.312744140625,0.5931514655652003,0.5931514655652002
0.3128662109375,0.5929168777772932,0.592916877777293
0.31298828125,0.5926822849453314,0.5926822849453314
0.3131103515625,0.5924476871193765,0.5924476871193765
0.313232421875,0.592213084349475,0.5922130843494748
0.3133544921875,0.5919784766856586,0.5919784766856584
0.3134765625,0.5917438641779437,0.5917438641779436
0.3135986328125,0.5915092468763322,0.5915092468763322
0.313720703125,0.5912746248308111,0.5912746248308111
0.3138427734375,0.5910399980913523,0.5910399980913523
0.31396484375,0.5908053667079132,0.5908053667079131
0.3140869140625,0.5905707307304354,0.5905707307304355
0.314208984375,0.5903360902088471,0.5903360902088471
0.3143310546875,0.5901014451930602,0.5901014451930602
0.314453125,0.5898667957329726,0.5898667957329726
0.3145751953125,0.5896321418784671,0.5896321418784674
0.314697265625,0.5893974836794121,0.5893974836794121
0.3148193359375,0.5891628211856607,0.5891628211856607
0.31494140625,0.5889281544470509,0.5889281544470509
0.3150634765625,0.5886934835134069,0.588693483513407
0.315185546875,0.5884588084345374,0.5884588084345375
0.3153076171875,0.5882241292602364,0.5882241292602364
0.3154296875,0.5879894460402834,0.5879894460402834
0.3155517578125,0.5877547588244428,0.5877547588244427
0.315673828125,0.5875200676624645,0.5875200676624647
0.3157958984375,0.5872853726040838,0.5872853726040838
0.31591796875,0.587050673699021,0.587050673699021
0.3160400390625,0.5868159709969812,0.5868159709969815
0.316162109375,0.5865812645476565,0.5865812645476565
0.3162841796875,0.5863465544007224,0.5863465544007224
0.31640625,0.5861118406058404,0.5861118406058404
0.3165283203125,0.5858771232126577,0.5858771232126577
0.316650390625,0.5856424022708066,0.5856424022708066
0.3167724609375,0.5854076778299043,0.5854076778299043
0.31689453125,0.5851729499395542,0.5851729499395542
0.3170166015625,0.5849382186493443,0.5849382186493443
0.317138671875,0.5847034840088483,0.5847034840088483
0.3172607421875,0.5844687460676254,0.5844687460676253
0.3173828125,0.5842340048752197,0.5842340048752197
0.3175048828125,0.5839992604811614,0.5839992604811614
0.317626953125,0.5837645129349656,0.5837645129349656
0.3177490234375,0.5835297622861326,0.5835297622861326
0.31787109375,0.5832950085841491,0.5832950085841491
0.3179931640625,0.5830602518784863,0.5830602518784863
0.318115234375,0.582825492218601,0.5828254922186011
0.3182373046875,0.5825907296539361,0.5825907296539361
0.318359375,0.5823559642339189,0.5823559642339189
0.3184814453125,0.5821211960079631,0.5821211960079631
0.318603515625,0.5818864250254674,0.5818864250254675
0.3187255859375,0.5816516513358162,0.5816516513358162
0.31884765625,0.5814168749883794,0.5814168749883794
0.3189697265625,0.5811820960325123,0.5811820960325121
0.319091796875,0.5809473145175552,0.5809473145175553
0.3192138671875,0.5807125304928354,0.5807125304928356
0.3193359375,0.5804777440076643,0.5804777440076643
0.3194580078125,0.5802429551113395,0.5802429551113394
0.319580078125,0.5800081638531438,0.5800081638531438
0.3197021484375,0.579773370282346,0.5797733702823461
0.31982421875,0.5795385744482003,0.5795385744482002
0.3199462890625,0.5793037763999461,0.5793037763999462
0.320068359375,0.5790689761868091,0.5790689761868093
0.3201904296875,0.5788341738580003,0.5788341738580002
0.3203125,0.5785993694627158,0.5785993694627158
0.3204345703125,0.5783645630501382,0.5783645630501381
0.320556640625,0.578129754669435,0.578129754669435
0.3206787109375,0.5778949443697596,0.5778949443697597
0.32080078125,0.5776601322002515,0.5776601322002516
0.3209228515625,0.577425318210035,0.577425318210035
0.321044921875,0.5771905024482207,0.5771905024482206
0.3211669921875,0.5769556849639045,0.5769556849639045
0.3212890625,0.5767208658061683,0.5767208658061683
0.3214111328125,0.5764860450240796,0.5764860450240795
0.321533203125,0.5762512226666915,0.5762512226666915
0.3216552734375,0.5760163987830427,0.5760163987830428
0.32177734375,0.575781573422158,0.575781573422158
0.3218994140625,0.5755467466330475,0.5755467466330475
0.322021484375,0.5753119184647072,0.5753119184647073
0.3221435546875,0.5750770889661192,0.5750770889661192
0.322265625,0.5748422581862509,0.5748422581862509
0.3223876953125,0.5746074261740556,0.5746074261740555
0.322509765625,0.5743725929784721,0.5743725929784721
0.3226318359375,0.5741377586484256,0.5741377586484256
0.32275390625,0.5739029232328267,0.5739029232328268
0.3228759765625,0.5736680867805718,0.5736680867805718
0.322998046875,0.5734332493405431,0.5734332493405431
0.3231201171875,0.5731984109616087,0.5731984109616086
0.3232421875,0.5729635716926225,0.5729635716926225
0.3233642578125,0.5727287315824243,0.5727287315824243
0.323486328125,0.5724938906798396,0.5724938906798396
0.3236083984375,0.5722590490336799,0.5722590490336799
0.32373046875,0.5720242066927422,0.5720242066927423
0.3238525390625,0.57178936370581,0.57178936370581
0.323974609375,0.5715545201216522,0.5715545201216524
0.3240966796875,0.5713196759890239,0.5713196759890239
0.32421875,0.5710848313566657,0.5710848313566659
0.3243408203125,0.5708499862733044,0.5708499862733044
0.324462890625,0.5706151407876527,0.5706151407876527
0.3245849609375,0.5703802949484089,0.5703802949484089
0.32470703125,0.5701454488042579,0.5701454488042579
0.3248291015625,0.5699106024038697,0.5699106024038696
0.324951171875,0.5696757557959008,0.5696757557959008
0.3250732421875,0.5694409090289939,0.5694409090289939
0.3251953125,0.569206062151777,0.5692060621517769
0.3253173828125,0.5689712152128643,0.5689712152128643
0.325439453125,0.5687363682608563,0.5687363682608563
0.3255615234375,0.568501521344339,0.568501521344339
0.32568359375,0.5682666745118847,0.5682666745118847
0.3258056640625,0.5680318278120521,0.5680318278120519
0.325927734375,0.5677969812933847,0.5677969812933847
0.3260498046875,0.5675621350044133,0.5675621350044134
0.326171875,0.5673272889936543,0.5673272889936543
0.3262939453125,0.5670924433096098,0.5670924433096097
0.326416015625,0.5668575980007685,0.5668575980007685
0.3265380859375,0.5666227531156047,0.5666227531156047
0.32666015625,0.5663879087025792,0.566387908702579
0.3267822265625,0.5661530648101383,0.5661530648101383
0.326904296875,0.5659182214867149,0.5659182214867148
0.3270263671875,0.5656833787807279,0.5656833787807279
0.3271484375,0.5654485367405822,0.5654485367405822
0.3272705078125,0.5652136954146687,0.5652136954146687
0.327392578125,0.5649788548513648,0.5649788548513649
0.3275146484375,0.5647440150990336,0.5647440150990336
0.32763671875,0.5645091762060245,0.5645091762060245
0.3277587890625,0.5642743382206733,0.5642743382206733
0.327880859375,0.5640395011913013,0.5640395011913013
0.3280029296875,0.563804665166217,0.5638046651662169
0.328125,0.5635698301937139,0.5635698301937138
0.3282470703125,0.5633349963220724,0.5633349963220725
0.328369140625,0.5631001635995592,0.5631001635995592
0.3284912109375,0.5628653320744265,0.5628653320744266
0.32861328125,0.5626305017949134,0.5626305017949134
0.3287353515625,0.5623956728092449,0.5623956728092449
0.328857421875,0.5621608451656319,0.5621608451656319
0.3289794921875,0.5619260189122727,0.5619260189122726
0.3291015625,0.5616911940973502,0.5616911940973502
0.3292236328125,0.5614563707690349,0.5614563707690349
0.329345703125,0.5612215489754828,0.5612215489754827
0.3294677734375,0.5609867287648365,0.5609867287648365
0.32958984375,0.5607519101852244,0.5607519101852245
0.3297119140625,0.5605170932847621,0.5605170932847621
0.329833984375,0.5602822781115504,0.5602822781115505
0.3299560546875,0.5600474647136774,0.5600474647136774
0.330078125,0.5598126531392168,0.5598126531392169
0.3302001953125,0.5595778434362287,0.5595778434362287
0.330322265625,0.55934303565276,0.5593430356527599
0.3304443359375,0.5591082298368433,0.5591082298368433
0.33056640625,0.5588734260364978,0.5588734260364978
0.3306884765625,0.5586386242997294,0.5586386242997294
0.330810546875,0.5584038246745296,0.5584038246745296
0.3309326171875,0.5581690272088773,0.5581690272088773
0.3310546875,0.5579342319507365,0.5579342319507365
0.3311767578125,0.5576994389480585,0.5576994389480585
0.331298828125,0.557464648248781,0.557464648248781
0.3314208984375,0.5572298599008273,0.5572298599008272
0.33154296875,0.5569950739521079,0.5569950739521079
0.3316650390625,0.5567602904505194,0.5567602904505194
0.331787109375,0.5565255094439449,0.5565255094439449
0.3319091796875,0.5562907309802536,0.5562907309802537
0.33203125,0.5560559551073018,0.5560559551073019
0.3321533203125,0.5558211818729317,0.5558211818729317
0.332275390625,0.555586411324972,0.5555864113249719
0.3323974609375,0.555351643511238,0.555351643511238
0.33251953125,0.5551168784795317,0.5551168784795315
0.3326416015625,0.5548821162776407,0.5548821162776407
0.332763671875,0.5546473569533402,0.5546473569533404
0.3328857421875,0.5544126005543912,0.5544126005543912
0.3330078125,0.5541778471285416,0.5541778471285416
0.3331298828125,0.5539430967235254,0.5539430967235254
0.333251953125,0.553708349387063,0.553708349387063
0.3333740234375,0.5534736051668623,0.5534736051668622
0.33349609375,0.5532388641106162,0.5532388641106162
0.3336181640625,0.5530041262660057,0.5530041262660057
0.333740234375,0.5527693916806974,0.5527693916806973
0.3338623046875,0.5525346604023446,0.5525346604023446
0.333984375,0.5522999324785873,0.5522999324785873
0.3341064453125,0.5520652079570519,0.552065207957052
0.334228515625,0.5518304868853521,0.5518304868853521
0.3343505859375,0.5515957693110868,0.5515957693110869
0.33447265625,0.5513610552818428,0.5513610552818428
0.3345947265625,0.5511263448451926,0.5511263448451927
0.334716796875,0.5508916380486961,0.5508916380486961
0.3348388671875,0.5506569349398991,0.5506569349398991
0.3349609375,0.5504222355663345,0.5504222355663345
0.3350830078125,0.5501875399755217,0.5501875399755217
0.335205078125,0.5499528482149665,0.5499528482149665
0.3353271484375,0.5497181603321618,0.5497181603321618
0.33544921875,0.5494834763745867,0.5494834763745866
0.3355712890625,0.5492487963897074,0.5492487963897074
0.335693359375,0.5490141204249763,0.5490141204249763
0.3358154296875,0.548779448527833,0.548779448527833
0.3359375,0.5485447807457035,0.5485447807457033
0.3360595703125,0.5483101171260002,0.5483101171260002
0.336181640625,0.5480754577161228,0.5480754577161228
0.3363037109375,0.5478408025634575,0.5478408025634576
0.33642578125,0.5476061517153767,0.5476061517153767
0.3365478515625,0.5473715052192406,0.5473715052192406
0.336669921875,0.5471368631223951,0.5471368631223951
0.3367919921875,0.5469022254721733,0.5469022254721734
0.3369140625,0.5466675923158951,0.5466675923158951
0.3370361328125,0.5464329637008669,0.5464329637008669
0.337158203125,0.5461983396743822,0.5461983396743822
0.3372802734375,0.5459637202837211,0.5459637202837211
0.33740234375,0.5457291055761502,0.5457291055761502
0.3375244140625,0.5454944955989235,0.5454944955989234
0.337646484375,0.545259890399281,0.5452598903992811
0.3377685546875,0.5450252900244507,0.5450252900244507
0.337890625,0.5447906945216459,0.5447906945216459
0.3380126953125,0.5445561039380679,0.5445561039380677
0.338134765625,0.5443215183209041,0.5443215183209043
0.3382568359375,0.5440869377173294,0.5440869377173295
0.33837890625,0.543852362174505,0.543852362174505
0.3385009765625,0.5436177917395792,0.5436177917395792
0.338623046875,0.5433832264596872,0.543383226459687
0.3387451171875,0.5431486663819505,0.5431486663819505
0.3388671875,0.5429141115534784,0.5429141115534782
0.3389892578125,0.5426795620213661,0.5426795620213661
0.339111328125,0.5424450178326967,0.5424450178326967
0.3392333984375,0.5422104790345393,0.5422104790345393
0.33935546875,0.5419759456739506,0.5419759456739506
0.3394775390625,0.5417414177979735,0.5417414177979736
0.339599609375,0.5415068954536386,0.5415068954536385
0.3397216796875,0.5412723786879624,0.5412723786879624
0.33984375,0.5410378675479498,0.5410378675479498
0.3399658203125,0.540803362080591,0.5408033620805909
0.340087890625,0.5405688623328643,0.5405688623328644
0.3402099609375,0.5403343683517347,0.5403343683517347
0.34033203125,0.5400998801841536,0.5400998801841536
0.3404541015625,0.5398653978770601,0.5398653978770602
0.340576171875,0.5396309214773801,0.5396309214773801
0.3406982421875,0.539396451032026,0.539396451032026
0.3408203125,0.5391619865878979,0.5391619865878979
0.3409423828125,0.5389275281918823,0.5389275281918824
0.341064453125,0.5386930758908531,0.5386930758908531
0.3411865234375,0.5384586297316709,0.5384586297316709
0.34130859375,0.5382241897611837,0.5382241897611835
0.3414306640625,0.5379897560262257,0.5379897560262258
0.341552734375,0.5377553285736195,0.5377553285736195
0.3416748046875,0.5375209074501736,0.5375209074501736
0.341796875,0.5372864927026839,0.5372864927026839
0.3419189453125,0.5370520843779334,0.5370520843779334
0.342041015625,0.5368176825226922,0.5368176825226921
0.3421630859375,0.5365832871837173,0.5365832871837173
0.34228515625,0.5363488984077529,0.5363488984077529
0.3424072265625,0.5361145162415302,0.5361145162415302
0.342529296875,0.5358801407317676,0.5358801407317676
0.3426513671875,0.5356457719251706,0.5356457719251707
0.3427734375,0.5354114098684317,0.5354114098684317
0.3428955078125,0.5351770546082305,0.5351770546082305
0.343017578125,0.5349427061912339,0.5349427061912339
0.3431396484375,0.5347083646640955,0.5347083646640954
0.34326171875,0.5344740300734566,0.5344740300734566
0.3433837890625,0.5342397024659452,0.5342397024659452
0.343505859375,0.5340053818881769,0.5340053818881769
0.3436279296875,0.5337710683867539,0.533771068386754
0.34375,0.5335367620082659,0.533536762008266
0.3438720703125,0.53330246279929,0.5333024627992897
0.343994140625,0.5330681708063894,0.5330681708063894
0.3441162109375,0.5328338860761159,0.5328338860761159
0.34423828125,0.5325996086550077,0.5325996086550078
0.3443603515625,0.5323653385895901,0.5323653385895901
0.344482421875,0.5321310759263764,0.5321310759263763
0.3446044921875,0.5318968207118658,0.5318968207118658
0.3447265625,0.5316625729925462,0.5316625729925462
0.3448486328125,0.5314283328148914,0.5314283328148914
0.344970703125,0.5311941002253633,0.5311941002253633
0.3450927734375,0.5309598752704107,0.5309598752704107
0.34521484375,0.5307256579964696,0.5307256579964698
0.3453369140625,0.5304914484499637,0.5304914484499637
0.345458984375,0.5302572466773032,0.5302572466773032
0.3455810546875,0.5300230527248863,0.5300230527248863
0.345703125,0.5297888666390979,0.5297888666390979
0.3458251953125,0.5295546884663104,0.5295546884663104
0.345947265625,0.5293205182528837,0.5293205182528837
0.3460693359375,0.5290863560451647,0.5290863560451646
0.34619140625,0.5288522018894879,0.5288522018894877
0.3463134765625,0.5286180558321744,0.5286180558321744
0.346435546875,0.5283839179195337,0.5283839179195338
0.3465576171875,0.5281497881978616,0.5281497881978616
0.3466796875,0.527915666713442,0.5279156667134421
0.3468017578125,0.5276815535125458,0.5276815535125458
0.346923828125,0.5274474486414308,0.5274474486414309
0.3470458984375,0.527213352146343,0.5272133521463431
0.34716796875,0.5269792640735151,0.5269792640735154
0.3472900390625,0.5267451844691677,0.5267451844691678
0.347412109375,0.5265111133795084,0.5265111133795084
0.3475341796875,0.5262770508507321,0.5262770508507321
0.34765625,0.5260429969290209,0.526042996929021
0.3477783203125,0.5258089516605453,0.5258089516605454
0.347900390625,0.5255749150914619,0.525574915091462
0.3480224609375,0.525340887267916,0.525340887267916
0.34814453125,0.5251068682360389,0.5251068682360389
0.3482666015625,0.5248728580419502,0.5248728580419503
0.348388671875,0.524638856731757,0.524638856731757
0.3485107421875,0.5244048643515534,0.5244048643515534
0.3486328125,0.5241708809474211,0.5241708809474211
0.3487548828125,0.5239369065654295,0.5239369065654294
0.348876953125,0.5237029412516345,0.5237029412516345
0.3489990234375,0.5234689850520811,0.523468985052081
0.34912109375,0.5232350380128,0.5232350380128
0.3492431640625,0.5230011001798106,0.5230011001798106
0.349365234375,0.5227671715991192,0.5227671715991192
0.3494873046875,0.5225332523167199,0.5225332523167199
0.349609375,0.5222993423785938,0.5222993423785939
0.3497314453125,0.5220654418307101,0.52206544183071
0.349853515625,0.5218315507190249,0.5218315507190249
0.3499755859375,0.5215976690894825,0.5215976690894825
0.35009765625,0.521363796988014,0.521363796988014
0.3502197265625,0.5211299344605386,0.5211299344605386
0.350341796875,0.5208960815529625,0.5208960815529626
0.3504638671875,0.52066223831118,0.52066223831118
0.3505859375,0.5204284047810723,0.5204284047810723
0.3507080078125,0.5201945810085087,0.5201945810085086
0.350830078125,0.5199607670393458,0.5199607670393458
0.3509521484375,0.5197269629194278,0.5197269629194278
0.35107421875,0.5194931686945863,0.5194931686945863
0.3511962890625,0.5192593844106408,0.5192593844106408
0.351318359375,0.5190256101133983,0.5190256101133984
0.3514404296875,0.5187918458486531,0.5187918458486531
0.3515625,0.5185580916621872,0.5185580916621872
0.3516845703125,0.5183243475997705,0.5183243475997705
0.351806640625,0.5180906137071601,0.5180906137071601
0.3519287109375,0.5178568900301009,0.517856890030101
0.35205078125,0.5176231766143256,0.5176231766143257
0.3521728515625,0.517389473505554,0.517389473505554
0.352294921875,0.5171557807494941,0.5171557807494941
0.3524169921875,0.5169220983918412,0.5169220983918412
0.3525390625,0.5166884264782783,0.5166884264782783
0.3526611328125,0.5164547650544759,0.5164547650544759
0.352783203125,0.5162211141660925,0.5162211141660926
0.3529052734375,0.5159874738587743,0.5159874738587743
0.35302734375,0.5157538441781544,0.5157538441781544
0.3531494140625,0.5155202251698544,0.5155202251698546
0.353271484375,0.5152866168794835,0.5152866168794835
0.3533935546875,0.5150530193526381,0.5150530193526383
0.353515625,0.5148194326349027,0.5148194326349029
0.3536376953125,0.5145858567718493,0.5145858567718493
0.353759765625,0.5143522918090376,0.5143522918090377
0.3538818359375,0.514118737792015,0.5141187377920152
0.35400390625,0.5138851947663171,0.5138851947663172
0.3541259765625,0.5136516627774663,0.5136516627774663
0.354248046875,0.5134181418709736,0.5134181418709736
0.3543701171875,0.513184632092337,0.5131846320923371
0.3544921875,0.512951133487043,0.512951133487043
0.3546142578125,0.5127176461005654,0.5127176461005654
0.354736328125,0.5124841699783657,0.5124841699783654
0.3548583984375,0.5122507051658928,0.5122507051658928
0.35498046875,0.5120172517085845,0.5120172517085844
0.3551025390625,0.5117838096518653,0.5117838096518653
0.355224609375,0.5115503790411482,0.5115503790411483
0.3553466796875,0.5113169599218335,0.5113169599218335
0.35546875,0.5110835523393094,0.5110835523393092
0.3555908203125,0.5108501563389517,0.5108501563389517
0.355712890625,0.5106167719661245,0.5106167719661245
0.3558349609375,0.5103833992661795,0.5103833992661794
0.35595703125,0.510150038284456,0.510150038284456
0.3560791015625,0.5099166890662812,0.5099166890662812
0.356201171875,0.5096833516569703,0.5096833516569703
0.3563232421875,0.5094500261018263,0.5094500261018263
0.3564453125,0.50921671244614,0.50921671244614
0.3565673828125,0.5089834107351896,0.5089834107351896
0.356689453125,0.5087501210142417,0.5087501210142418
0.3568115234375,0.5085168433285508,0.5085168433285508
0.35693359375,0.5082835777233591,0.5082835777233591
0.3570556640625,0.5080503242438963,0.5080503242438964
0.357177734375,0.5078170829353804,0.5078170829353803
0.3572998046875,0.5075838538430171,0.5075838538430171
0.357421875,0.5073506370120003,0.5073506370120002
0.3575439453125,0.5071174324875115,0.5071174324875115
0.357666015625,0.5068842403147198,0.5068842403147199
0.3577880859375,0.5066510605387827,0.5066510605387827
0.35791015625,0.5064178932048456,0.5064178932048456
0.3580322265625,0.5061847383580416,0.5061847383580416
0.358154296875,0.5059515960434916,0.5059515960434916
0.3582763671875,0.5057184663063046,0.5057184663063047
0.3583984375,0.5054853491915777,0.5054853491915777
0.3585205078125,0.5052522447443957,0.5052522447443956
0.358642578125,0.5050191530098311,0.5050191530098311
0.3587646484375,0.504786074032945,0.504786074032945
0.35888671875,0.5045530078587859,0.5045530078587859
0.3590087890625,0.5043199545323905,0.5043199545323905
0.359130859375,0.5040869140987836,0.5040869140987836
0.3592529296875,0.5038538866029774,0.5038538866029774
0.359375,0.5036208720899726,0.5036208720899726
0.3594970703125,0.503387870604758,0.503387870604758
0.359619140625,0.5031548821923097,0.5031548821923096
0.3597412109375,0.5029219068975924,0.5029219068975926
0.35986328125,0.5026889447655588,0.5026889447655588
0.3599853515625,0.5024559958411492,0.5024559958411492
0.360107421875,0.5022230601692921,0.5022230601692921
0.3602294921875,0.501990137794904,0.5019901377949039
0.3603515625,0.5017572287628895,0.5017572287628895
0.3604736328125,0.5015243331181414,0.5015243331181414
0.360595703125,0.50129145090554,0.50129145090554
0.3607177734375,0.5010585821699541,0.5010585821699541
0.36083984375,0.5008257269562404,0.5008257269562404
0.3609619140625,0.5005928853092436,0.5005928853092436
0.361083984375,0.5003600572737964,0.5003600572737963
0.3612060546875,0.5001272428947198,0.5001272428947198
0.361328125,0.4998944422168225,0.4998944422168226
0.3614501953125,0.4996616552849018,0.4996616552849017
0.361572265625,0.49942888214374254,0.49942888214374254
0.3616943359375,0.4991961228381178,0.4991961228381177
0.36181640625,0.49896337741278896,0.49896337741278896
0.3619384765625,0.49873064591250527,0.49873064591250527
0.362060546875,0.4984979283820042,0.4984979283820042
0.3621826171875,0.4982652248660111,0.498265224866011
0.3623046875,0.49803253540923964,0.49803253540923964
0.3624267578125,0.49779986005639165,0.49779986005639165
0.362548828125,0.497567198852157,0.4975671988521571
0.3626708984375,0.4973345518412136,0.4973345518412136
0.36279296875,0.49710191906822754,0.49710191906822754
0.3629150390625,0.49686930057785306,0.49686930057785306
0.363037109375,0.49663669641473246,0.49663669641473246
0.3631591796875,0.4964041066234966,0.49640410662349654
0.36328125,0.49617153124876373,0.49617153124876373
0.3634033203125,0.49593897033514095,0.49593897033514095
0.363525390625,0.495706423927223,0.49570642392722314
0.3636474609375,0.49547389206959347,0.49547389206959336
0.36376953125,0.4952413748068233,0.4952413748068233
0.3638916015625,0.49500887218347206,0.4950088721834721
0.364013671875,0.4947763842440876,0.4947763842440876
0.3641357421875,0.4945439110332058,0.4945439110332058
0.3642578125,0.49431145259535053,0.49431145259535053
0.3643798828125,0.49407900897503426,0.49407900897503415
0.364501953125,0.4938465802167573,0.4938465802167573
0.3646240234375,0.49361416636500843,0.49361416636500843
0.36474609375,0.49338176746426454,0.49338176746426443
0.3648681640625,0.49314938355899063,0.49314938355899074
0.364990234375,0.4929170146936402,0.4929170146936402
0.3651123046875,0.4926846609126548,0.4926846609126548
0.365234375,0.4924523222604642,0.4924523222604642
0.3653564453125,0.49221999878148637,0.49221999878148637
0.365478515625,0.4919876905201277,0.4919876905201277
0.3656005859375,0.4917553975207827,0.4917553975207827
0.36572265625,0.49152311982783414,0.49152311982783414
0.3658447265625,0.49129085748565304,0.49129085748565304
0.365966796875,0.49105861053859895,0.49105861053859884
0.3660888671875,0.49082637903101906,0.49082637903101906
0.3662109375,0.49059416300724956,0.49059416300724956
0.3663330078125,0.4903619625116145,0.4903619625116144
0.366455078125,0.4901297775884262,0.4901297775884262
0.3665771484375,0.4898976082819855,0.4898976082819856
0.36669921875,0.48966545463658145,0.48966545463658145
0.3668212890625,0.4894333166964914,0.4894333166964913
0.366943359375,0.48920119450598065,0.48920119450598065
0.3670654296875,0.48896908810930356,0.4889690881093037
0.3671875,0.4887369975507021,0.4887369975507021
0.3673095703125,0.48850492287440705,0.48850492287440705
0.367431640625,0.4882728641246371,0.488272864124637
0.3675537109375,0.4880408213455996,0.4880408213455995
0.36767578125,0.4878087945814899,0.4878087945814901
0.3677978515625,0.4875767838764924,0.48757678387649217
0.367919921875,0.48734478927477864,0.48734478927477864
0.3680419921875,0.48711281082051,0.48711281082051
0.3681640625,0.48688084855783476,0.48688084855783476
0.3682861328125,0.48664890253089066,0.48664890253089066
0.368408203125,0.4864169727838032,0.4864169727838032
0.3685302734375,0.4861850593606865,0.4861850593606864
0.36865234375,0.48595316230564295,0.48595316230564284
0.3687744140625,0.4857212816627631,0.4857212816627633
0.368896484375,0.48548941747612684,0.48548941747612684
0.3690185546875,0.48525756978980095,0.48525756978980095
0.369140625,0.4850257386478418,0.48502573864784193
0.3692626953125,0.4847939240942938,0.4847939240942938
0.369384765625,0.4845621261731896,0.4845621261731895
0.3695068359375,0.48433034492855037,0.48433034492855037
0.36962890625,0.48409858040438575,0.48409858040438586
0.3697509765625,0.48386683264469377,0.48386683264469377
0.369873046875,0.4836351016934609,0.4836351016934609
0.3699951171875,0.4834033875946619,0.4834033875946619
0.3701171875,0.4831716903922601,0.4831716903922601
0.3702392578125,0.4829400101302072,0.4829400101302072
0.370361328125,0.48270834685244357,0.48270834685244357
0.3704833984375,0.4824767006028977,0.4824767006028975
0.37060546875,0.4822450714254864,0.4822450714254864
0.3707275390625,0.48201345936411555,0.48201345936411566
0.370849609375,0.4817818644626791,0.4817818644626791
0.3709716796875,0.4815502867650595,0.4815502867650595
0.37109375,0.48131872631512745,0.48131872631512757
0.3712158203125,0.48108718315674265,0.48108718315674265
0.371337890625,0.4808556573337528,0.4808556573337526
0.3714599609375,0.4806241488899943,0.4806241488899943
0.37158203125,0.4803926578692918,0.4803926578692919
0.3717041015625,0.480161184315459,0.480161184315459
0.371826171875,0.47992972827229746,0.47992972827229746
0.3719482421875,0.4796982897835978,0.4796982897835978
0.3720703125,0.47946686889313844,0.47946686889313844
0.3721923828125,0.47923546564468716,0.47923546564468716
0.372314453125,0.47900408008199963,0.47900408008199963
0.3724365234375,0.4787727122488202,0.4787727122488202
0.37255859375,0.47854136218888194,0.47854136218888194
0.3726806640625,0.4783100299459061,0.4783100299459061
0.372802734375,0.4780787155636028,0.4780787155636028
0.3729248046875,0.4778474190856707,0.4778474190856707
0.373046875,0.4776161405557966,0.4776161405557965
0.3731689453125,0.477384880017656,0.4773848800176562
0.373291015625,0.4771536375149136,0.47715363751491346
0.3734130859375,0.4769224130912216,0.47692241309122146
0.37353515625,0.4766912067902212,0.4766912067902214
0.3736572265625,0.47646001865554294,0.4764600186555428
0.373779296875,0.47622884873080445,0.47622884873080445
0.3739013671875,0.4759976970596131,0.4759976970596131
0.3740234375,0.47576656368556447,0.47576656368556447
0.3741455078125,0.4755354486522425,0.4755354486522425
0.374267578125,0.4753043520032201,0.4753043520032201
0.3743896484375,0.4750732737820584,0.4750732737820584
0.37451171875,0.4748422140323076,0.4748422140323076
0.3746337890625,0.4746111727975059,0.4746111727975059
0.374755859375,0.4743801501211807,0.4743801501211807
0.3748779296875,0.4741491460468475,0.4741491460468475
0.375,0.4739181606180107,0.4739181606180107
0.3751220703125,0.47368719387816344,0.47368719387816344
0.375244140625,0.47345624587078694,0.47345624587078694
0.3753662109375,0.47322531663935163,0.47322531663935175
0.37548828125,0.4729944062273165,0.4729944062273165
0.3756103515625,0.4727635146781286,0.4727635146781286
0.375732421875,0.4725326420352244,0.47253264203522444
0.3758544921875,0.4723017883420284,0.4723017883420285
0.3759765625,0.4720709536419543,0.4720709536419543
0.3760986328125,0.47184013797840374,0.47184013797840374
0.376220703125,0.47160934139476773,0.47160934139476773
0.3763427734375,0.4713785639344255,0.4713785639344255
0.37646484375,0.47114780564074504,0.47114780564074504
0.3765869140625,0.47091706655708315,0.47091706655708304
0.376708984375,0.470686346726785,0.4706863467267851
0.3768310546875,0.4704556461931849,0.4704556461931849
0.376953125,0.47022496499960537,0.47022496499960537
0.3770751953125,0.46999430318935775,0.46999430318935775
0.377197265625,0.4697636608057423,0.4697636608057424
0.3773193359375,0.4695330378920478,0.46953303789204776
0.37744140625,0.46930243449155146,0.46930243449155146
0.3775634765625,0.4690718506475198,0.4690718506475199
0.377685546875,0.46884128640320755,0.46884128640320755
0.3778076171875,0.4686107418018582,0.4686107418018582
0.3779296875,0.4683802168867042,0.4683802168867042
0.3780517578125,0.46814971170096653,0.46814971170096636
0.378173828125,0.4679192262878548,0.4679192262878548
0.3782958984375,0.46768876069056753,0.46768876069056753
0.37841796875,0.46745831495229195,0.46745831495229206
0.3785400390625,0.4672278891162041,0.4672278891162041
0.378662109375,0.4669974832254685,0.4669974832254686
0.3787841796875,0.46676709732323857,0.4667670973232386
0.37890625,0.46653673145265634,0.46653673145265634
0.3790283203125,0.46630638565685295,0.4663063856568529
0.379150390625,0.4660760599789477,0.46607605997894785
0.3792724609375,0.4658457544620494,0.4658457544620495
0.37939453125,0.46561546914925495,0.4656154691492549
0.3795166015625,0.46538520408365014,0.4653852040836502
0.379638671875,0.46515495930831,0.46515495930831
0.3797607421875,0.4649247348662978,0.4649247348662979
0.3798828125,0.4646945308006658,0.4646945308006658
0.3800048828125,0.46446434715445495,0.4644643471544551
0.380126953125,0.4642341839706953,0.46423418397069516
0.3802490234375,0.464004041292405,0.4640040412924051
0.38037109375,0.4637739191625918,0.4637739191625919
0.3804931640625,0.46354381762425195,0.4635438176242519
0.380615234375,0.46331373672036985,0.46331373672036996
0.3807373046875,0.46308367649391985,0.46308367649391985
0.380859375,0.46285363698786425,0.4628536369878643
0.3809814453125,0.4626236182451546,0.46262361824515463
0.381103515625,0.462393620308731,0.462393620308731
0.3812255859375,0.4621636432215223,0.4621636432215224
0.38134765625,0.4619336870264466,0.46193368702644677
0.3814697265625,0.4617037517664106,0.4617037517664106
0.381591796875,0.46147383748430953,0.4614738374843096
0.3817138671875,0.461243944223028,0.46124394422302784
0.3818359375,0.4610140720254389,0.4610140720254388
0.3819580078125,0.46078422093440424,0.46078422093440424
0.382080078125,0.460554390992775,0.46055439099277506
0.3822021484375,0.460324582243391,0.46032458224339096
0.38232421875,0.4600947947290804,0.46009479472908044
0.3824462890625,0.459865028492661,0.459865028492661
0.382568359375,0.4596352835769387,0.4596352835769387
0.3826904296875,0.4594055600247089,0.45940556002470884
0.3828125,0.45917585787875514,0.45917585787875526
0.3829345703125,0.4589461771818507,0.4589461771818508
0.383056640625,0.45871651797675733,0.45871651797675733
0.3831787109375,0.4584868803062253,0.4584868803062252
0.38330078125,0.45825726421299434,0.4582572642129943
0.3834228515625,0.4580276697397925,0.4580276697397925
0.383544921875,0.4577980969293372,0.45779809692933726
0.3836669921875,0.4575685458243347,0.45756854582433465
0.3837890625,0.4573390164674798,0.4573390164674799
0.3839111328125,0.45710950890145663,0.45710950890145663
0.384033203125,0.4568800231689379,0.45688002316893767
0.3841552734375,0.45665055931258514,0.4566505593125852
0.38427734375,0.4564211173750492,0.45642111737504926
0.3843994140625,0.45619169739896964,0.45619169739896964
0.384521484375,0.45596229942697475,0.45596229942697475
0.3846435546875,0.45573292350168204,0.4557329235016821
0.384765625,0.45550356966569777,0.4555035696656979
0.3848876953125,0.45527423796161715,0.45527423796161726
0.385009765625,0.4550449284320243,0.4550449284320243
0.3851318359375,0.45481564111949224,0.4548156411194923
0.38525390625,0.45458637606658314,0.4545863760665831
0.3853759765625,0.45435713331584776,0.45435713331584776
0.385498046875,0.4541279129098262,0.45412791290982607
0.3856201171875,0.453898714891047,0.453898714891047
0.3857421875,0.45366953930202814,0.45366953930202825
0.3858642578125,0.4534403861852762,0.45344038618527627
0.385986328125,0.45321125558328723,0.45321125558328723
0.3861083984375,0.4529821475385455,0.45298214753854543
0.38623046875,0.4527530620935246,0.4527530620935246
0.3863525390625,0.4525239992906873,0.4525239992906873
0.386474609375,0.45229495917248513,0.45229495917248513
0.3865966796875,0.4520659417813584,0.4520659417813584
0.38671875,0.4518369471597367,0.45183694715973666
0.3868408203125,0.4516079753500385,0.45160797535003855
0.386962890625,0.45137902639467126,0.45137902639467126
0.3870849609375,0.45115010033603137,0.45115010033603137
0.38720703125,0.45092119721650414,0.4509211972165042
0.3873291015625,0.4506923170784641,0.4506923170784641
0.387451171875,0.4504634599642745,0.4504634599642746
0.3875732421875,0.45023462591628793,0.45023462591628793
0.3876953125,0.4500058149768457,0.45000581497684566
0.3878173828125,0.4497770271882782,0.4497770271882782
0.387939453125,0.4495482625929046,0.44954826259290465
0.3880615234375,0.4493195212330335,0.4493195212330335
0.38818359375,0.4490908031509624,0.44909080315096245
0.3883056640625,0.4488621083889775,0.4488621083889776
0.388427734375,0.4486334369893545,0.4486334369893545
0.3885498046875,0.44840478899435776,0.4484047889943577
0.388671875,0.4481761644462406,0.44817616444624053
0.3887939453125,0.44794756338724573,0.44794756338724573
0.388916015625,0.44771898585960473,0.44771898585960473
0.3890380859375,0.4474904319055381,0.44749043190553806
0.38916015625,0.4472619015672554,0.4472619015672554
0.3892822265625,0.44703339488695537,0.44703339488695537
0.389404296875,0.4468049119068259,0.4468049119068258
0.3895263671875,0.4465764526690433,0.4465764526690433
0.3896484375,0.4463480172157738,0.4463480172157738
0.3897705078125,0.44611960558917185,0.4461196055891719
0.389892578125,0.44589121783138164,0.44589121783138164
0.3900146484375,0.4456628539845362,0.4456628539845362
0.39013671875,0.4454345140907572,0.4454345140907571
0.3902587890625,0.44520619819215607,0.445206198192156
0.390380859375,0.4449779063308326,0.4449779063308326
0.3905029296875,0.44474963854887645,0.44474963854887634
0.390625,0.44452139488836545,0.44452139488836545
0.3907470703125,0.44429317539136737,0.44429317539136737
0.390869140625,0.4440649800999383,0.4440649800999383
0.3909912109375,0.4438368090561241,0.443836809056124
0.39111328125,0.44360866230195906,0.44360866230195906
0.3912353515625,0.443380539879467,0.443380539879467
0.391357421875,0.44315244183066077,0.44315244183066077
0.3914794921875,0.4429243681975422,0.4429243681975423
0.3916015625,0.44269631902210227,0.4426963190221022
0.3917236328125,0.442468294346321,0.442468294346321
0.391845703125,0.4422402942121676,0.4422402942121675
0.3919677734375,0.44201231866160023,0.44201231866160023
0.39208984375,0.44178436773656626,0.44178436773656626
0.3922119140625,0.4415564414790023,0.4415564414790023
0.392333984375,0.44132853993083393,0.44132853993083393
0.3924560546875,0.4411006631339759,0.44110066313397583
0.392578125,0.4408728111303318,0.4408728111303318
0.3927001953125,0.44064498396179463,0.4406449839617947
0.392822265625,0.4404171816702466,0.44041718167024674
0.3929443359375,0.44018940429755893,0.440189404297559
0.39306640625,0.43996165188559183,0.43996165188559183
0.3931884765625,0.4397339244761947,0.4397339244761947
0.393310546875,0.43950622211120605,0.4395062221112061
0.3934326171875,0.4392785448324538,0.43927854483245393
0.3935546875,0.43905089268175485,0.43905089268175485
0.3936767578125,0.43882326570091496,0.4388232657009149
0.393798828125,0.43859566393172916,0.4385956639317293
0.3939208984375,0.43836808741598204,0.43836808741598204
0.39404296875,0.4381405361954469,0.4381405361954469
0.3941650390625,0.4379130103118864,0.4379130103118864
0.394287109375,0.4376855098070521,0.4376855098070521
0.3944091796875,0.43745803472268496,0.4374580347226851
0.39453125,0.4372305851005151,0.4372305851005151
0.3946533203125,0.43700316098226166,0.43700316098226166
0.394775390625,0.43677576240963295,0.4367757624096329
0.3948974609375,0.4365483894243265,0.4365483894243266
0.39501953125,0.43632104206802924,0.43632104206802924
0.3951416015625,0.4360937203824167,0.4360937203824168
0.395263671875,0.43586642440915424,0.4358664244091542
0.3953857421875,0.435639154189896,0.435639154189896
0.3955078125,0.4354119097662851,0.43541190976628513
0.3956298828125,0.43518469117995445,0.4351846911799545
0.395751953125,0.4349574984725259,0.43495749847252574
0.3958740234375,0.43473033168561,0.4347303316856099
0.39599609375,0.434503190860807,0.434503190860807
0.3961181640625,0.4342760760397065,0.4342760760397065
0.396240234375,0.4340489872638868,0.4340489872638868
0.3963623046875,0.4338219245749156,0.4338219245749157
0.396484375,0.4335948880143499,0.4335948880143499
0.3966064453125,0.43336787762373574,0.43336787762373585
0.396728515625,0.43314089344460865,0.4331408934446086
0.3968505859375,0.4329139355184928,0.4329139355184928
0.39697265625,0.43268700388690207,0.43268700388690207
0.3970947265625,0.4324600985913394,0.4324600985913394
0.397216796875,0.4322332196732969,0.432233219673297
0.3973388671875,0.43200636717425606,0.43200636717425595
0.3974609375,0.4317795411356873,0.4317795411356873
0.3975830078125,0.4315527415990504,0.4315527415990504
0.397705078125,0.4313259686057944,0.4313259686057944
0.3978271484375,0.4310992221973576,0.4310992221973576
0.39794921875,0.43087250241516745,0.43087250241516756
0.3980712890625,0.43064580930064067,0.4306458093006406
0.398193359375,0.43041914289518296,0.43041914289518296
0.3983154296875,0.43019250324018965,0.43019250324018965
0.3984375,0.4299658903770451,0.42996589037704513
0.3985595703125,0.42973930434712293,0.42973930434712293
0.398681640625,0.4295127451917858,0.4295127451917858
0.3988037109375,0.4292862129523861,0.4292862129523861
0.39892578125,0.42905970767026497,0.42905970767026497
0.3990478515625,0.4288332293867529,0.4288332293867529
0.399169921875,0.42860677814317,0.42860677814317
0.3992919921875,0.4283803539808251,0.428380353980825
0.3994140625,0.42815395694101666,0.4281539569410166
0.3995361328125,0.42792758706503203,0.4279275870650321
0.399658203125,0.4277012443941483,0.4277012443941483
0.3997802734375,0.4274749289696315,0.4274749289696315
0.39990234375,0.4272486408327368,0.4272486408327368
0.4000244140625,0.4270223800247089,0.42702238002470894
0.400146484375,0.4267961465867818,0.4267961465867817
0.4002685546875,0.4265699405601783,0.4265699405601783
0.400390625,0.4263437619861111,0.4263437619861111
0.4005126953125,0.4261176109057817,0.4261176109057817
0.400634765625,0.4258914873603812,0.4258914873603811
0.4007568359375,0.4256653913910896,0.4256653913910896
0.40087890625,0.4254393230390765,0.4254393230390765
0.4010009765625,0.42521328234550054,0.42521328234550054
0.401123046875,0.42498726935150993,0.42498726935151
0.4012451171875,0.4247612840982419,0.42476128409824193
0.4013671875,0.424535326626823,0.4245353266268229
0.4014892578125,0.42430939697836917,0.42430939697836917
0.401611328125,0.42408349519398547,0.42408349519398547
0.4017333984375,0.4238576213147665,0.42385762131476645
0.40185546875,0.42363177538179586,0.4236317753817959
0.4019775390625,0.4234059574361467,0.4234059574361467
0.402099609375,0.42318016751888116,0.42318016751888116
0.4022216796875,0.4229544056710511,0.42295440567105114
0.40234375,0.42272867193369734,0.42272867193369734
0.4024658203125,0.4225029663478501,0.4225029663478501
0.402587890625,0.4222772889545289,0.4222772889545289
0.4027099609375,0.42205163979474236,0.42205163979474236
0.40283203125,0.4218260189094889,0.4218260189094889
0.4029541015625,0.4216004263397558,0.4216004263397558
0.403076171875,0.4213748621265198,0.4213748621265198
0.4031982421875,0.4211493263107469,0.421149326310747
0.4033203125,0.4209238189333926,0.4209238189333926
0.4034423828125,0.42069834003540135,0.42069834003540146
0.403564453125,0.4204728896577074,0.4204728896577074
0.4036865234375,0.42024746784123385,0.42024746784123385
0.40380859375,0.42002207462689317,0.4200220746268932
0.4039306640625,0.4197967100555877,0.4197967100555877
0.404052734375,0.41957137416820833,0.41957137416820833
0.4041748046875,0.41934606700563587,0.41934606700563587
0.404296875,0.41912078860873997,0.41912078860874
0.4044189453125,0.41889553901838017,0.41889553901838017
0.404541015625,0.4186703182754047,0.4186703182754047
0.4046630859375,0.41844512642065157,0.41844512642065157
0.40478515625,0.41821996349494805,0.41821996349494805
0.4049072265625,0.4179948295391107,0.4179948295391107
0.405029296875,0.4177697245939453,0.41776972459394524
0.4051513671875,0.41754464870024693,0.41754464870024693
0.4052734375,0.41731960189880046,0.41731960189880046
0.4053955078125,0.4170945842303795,0.4170945842303795
0.405517578125,0.4168695957357474,0.4168695957357474
0.4056396484375,0.41664463645565664,0.41664463645565664
0.40576171875,0.4164197064308493,0.4164197064308493
0.4058837890625,0.4161948057020564,0.4161948057020564
0.406005859375,0.41596993430999873,0.4159699343099988
0.4061279296875,0.41574509229538614,0.41574509229538614
0.40625,0.41552027969891797,0.41552027969891797
0.4063720703125,0.4152954965612826,0.4152954965612826
0.406494140625,0.41507074292315854,0.4150707429231585
0.4066162109375,0.41484601882521266,0.41484601882521255
0.40673828125,0.41462132430810184,0.4146213243081018
0.4068603515625,0.4143966594124721,0.4143966594124721
0.406982421875,0.41417202417895893,0.41417202417895893
0.4071044921875,0.41394741864818696,0.41394741864818696
0.4072265625,0.41372284286077043,0.4137228428607704
0.4073486328125,0.41349829685731276,0.41349829685731276
0.407470703125,0.4132737806784068,0.4132737806784068
0.4075927734375,0.41304929436463483,0.41304929436463483
0.40771484375,0.41282483795656844,0.4128248379565684
0.4078369140625,0.41260041149476845,0.41260041149476834
0.407958984375,0.4123760150197852,0.41237601501978527
0.4080810546875,0.4121516485721584,0.4121516485721584
0.408203125,0.4119273121924171,0.4119273121924171
0.4083251953125,0.4117030059210799,0.41170300592107983
0.408447265625,0.41147872979865424,0.4114787297986542
0.4085693359375,0.41125448386563734,0.41125448386563734
0.40869140625,0.41103026816251603,0.411030268162516
0.4088134765625,0.41080608272976593,0.410806082729766
0.408935546875,0.4105819276078525,0.4105819276078525
0.4090576171875,0.4103578028372303,0.41035780283723033
0.4091796875,0.41013370845834357,0.4101337084583435
0.4093017578125,0.4099096445116254,0.4099096445116254
0.409423828125,0.4096856110374989,0.40968561103749884
0.4095458984375,0.4094616080763761,0.4094616080763761
0.40966796875,0.4092376356686586,0.4092376356686587
0.4097900390625,0.40901369385473746,0.40901369385473746
0.409912109375,0.40878978267499294,0.40878978267499294
0.4100341796875,0.40856590216979477,0.40856590216979477
0.41015625,0.4083420523795022,0.40834205237950216
0.4102783203125,0.40811823334446345,0.40811823334446345
0.410400390625,0.4078944451050167,0.4078944451050167
0.4105224609375,0.4076706877014892,0.4076706877014892
0.41064453125,0.40744696117419743,0.40744696117419743
0.4107666015625,0.4072232655634478,0.4072232655634478
0.410888671875,0.4069996009095355,0.40699960090953546
0.4110107421875,0.40677596725274545,0.40677596725274545
0.4111328125,0.406552364633352,0.4065523646333519
0.4112548828125,0.40632879309161873,0.40632879309161873
0.411376953125,0.40610525266779873,0.40610525266779873
0.4114990234375,0.4058817434021345,0.4058817434021345
0.41162109375,0.4056582653348578,0.4056582653348578
0.4117431640625,0.40543481850618995,0.40543481850619
0.411865234375,0.4052114029563416,0.4052114029563416
0.4119873046875,0.4049880187255129,0.4049880187255128
0.412109375,0.4047646658538931,0.40476466585389315
0.4122314453125,0.4045413443816613,0.4045413443816613
0.412353515625,0.4043180543489856,0.4043180543489856
0.4124755859375,0.4040947957960238,0.4040947957960238
0.41259765625,0.40387156876292285,0.40387156876292285
0.4127197265625,0.40364837328981945,0.40364837328981934
0.412841796875,0.4034252094168393,0.4034252094168393
0.4129638671875,0.4032020771840978,0.4032020771840978
0.4130859375,0.4029789766316997,0.4029789766316997
0.4132080078125,0.402755907799739,0.402755907799739
0.413330078125,0.4025328707282994,0.4025328707282994
0.4134521484375,0.4023098654574539,0.4023098654574539
0.41357421875,0.40208689202726466,0.40208689202726466
0.4136962890625,0.40186395047778367,0.40186395047778367
0.413818359375,0.40164104084905194,0.401641040849052
0.4139404296875,0.4014181631811003,0.4014181631811003
0.4140625,0.4011953175139486,0.40119531751394855
0.4141845703125,0.40097250388760636,0.40097250388760636
0.414306640625,0.4007497223420724,0.40074972234207235
0.4144287109375,0.40052697291733497,0.40052697291733497
0.41455078125,0.40030425565337197,0.40030425565337197
0.4146728515625,0.40008157059015026,0.40008157059015026
0.414794921875,0.3998589177676266,0.3998589177676265
0.4149169921875,0.3996362972257468,0.39963629722574673
0.4150390625,0.3994137090044462,0.3994137090044463
0.4151611328125,0.39919115314364984,0.39919115314364984
0.415283203125,0.3989686296832718,0.3989686296832718
0.4154052734375,0.3987461386632156,0.3987461386632156
0.41552734375,0.3985236801233745,0.39852368012337447
0.4156494140625,0.39830125410363093,0.39830125410363093
0.415771484375,0.3980788606438567,0.39807886064385667
0.4158935546875,0.39785649978391324,0.3978564997839134
0.416015625,0.39763417156365144,0.39763417156365144
0.4161376953125,0.3974118760229114,0.3974118760229114
0.416259765625,0.39718961320152274,0.39718961320152274
0.4163818359375,0.39696738313930435,0.39696738313930435
0.41650390625,0.39674518587606494,0.39674518587606494
0.4166259765625,0.39652302145160223,0.39652302145160223
0.416748046875,0.3963008899057038,0.3963008899057037
0.4168701171875,0.39607879127814605,0.39607879127814605
0.4169921875,0.39585672560869545,0.39585672560869545
0.4171142578125,0.3956346929371075,0.3956346929371075
0.417236328125,0.3954126933031272,0.3954126933031272
0.4173583984375,0.39519072674648925,0.3951907267464892
0.41748046875,0.3949687933069173,0.39496879330691725
0.4176025390625,0.39474689302412475,0.39474689302412475
0.417724609375,0.39452502593781447,0.3945250259378145
0.4178466796875,0.3943031920876785,0.39430319208767856
0.41796875,0.39408139151339877,0.3940813915133986
0.4180908203125,0.3938596242546458,0.3938596242546458
0.418212890625,0.39363789035108065,0.39363789035108065
0.4183349609375,0.39341618984235294,0.39341618984235305
0.41845703125,0.39319452276810213,0.39319452276810213
0.4185791015625,0.392972889167957,0.392972889167957
0.418701171875,0.3927512890815356,0.3927512890815358
0.4188232421875,0.392529722548446,0.3925297225484459
0.4189453125,0.3923081896082849,0.3923081896082849
0.4190673828125,0.392086690300639,0.392086690300639
0.419189453125,0.39186522466508417,0.39186522466508417
0.4193115234375,0.39164379274118594,0.3916437927411859
0.41943359375,0.391422394568499,0.391422394568499
0.4195556640625,0.39120103018656766,0.39120103018656766
0.419677734375,0.3909796996349257,0.3909796996349257
0.4197998046875,0.3907584029530961,0.3907584029530961
0.419921875,0.3905371401805916,0.39053714018059166
0.4200439453125,0.39031591135691407,0.39031591135691407
0.420166015625,0.39009471652155503,0.39009471652155503
0.4202880859375,0.38987355571399535,0.38987355571399535
0.42041015625,0.3896524289737051,0.3896524289737052
0.4205322265625,0.38943133634014454,0.38943133634014454
0.420654296875,0.3892102778527624,0.3892102778527624
0.4207763671875,0.38898925355099745,0.3889892535509974
0.4208984375,0.3887682634742776,0.3887682634742777
0.4210205078125,0.38854730766202067,0.38854730766202067
0.421142578125,0.3883263861536333,0.38832638615363324
0.4212646484375,0.38810549898851193,0.3881054989885118
0.42138671875,0.3878846462060423,0.3878846462060423
0.4215087890625,0.3876638278455997,0.3876638278455997
0.421630859375,0.3874430439465487,0.3874430439465487
0.4217529296875,0.38722229454824364,0.38722229454824364
0.421875,0.3870015796900278,0.38700157969002774
0.4219970703125,0.3867808994112342,0.3867808994112342
0.422119140625,0.38656025375118525,0.38656025375118525
0.4222412109375,0.38633964274919286,0.3863396427491929
0.42236328125,0.3861190664445583,0.3861190664445583
0.4224853515625,0.38589852487657217,0.38589852487657217
0.422607421875,0.38567801808451474,0.38567801808451474
0.4227294921875,0.3854575461076555,0.3854575461076555
0.4228515625,0.38523710898525343,0.3852371089852534
0.4229736328125,0.3850167067565571,0.38501670675655697
0.423095703125,0.38479633946080416,0.38479633946080427
0.4232177734375,0.38457600713722223,0.3845760071372222
0.42333984375,0.38435570982502776,0.38435570982502776
0.4234619140625,0.38413544756342727,0.38413544756342716
0.423583984375,0.383915220391616,0.383915220391616
0.4237060546875,0.3836950283487792,0.3836950283487792
0.423828125,0.3834748714740913,0.38347487147409126
0.4239501953125,0.38325474980671626,0.38325474980671626
0.424072265625,0.3830346633858072,0.3830346633858072
0.4241943359375,0.3828146122505072,0.3828146122505072
0.42431640625,0.3825945964399483,0.3825945964399483
0.4244384765625,0.38237461599325223,0.38237461599325223
0.424560546875,0.3821546709495298,0.3821546709495298
0.4246826171875,0.3819347613478818,0.3819347613478818
0.4248046875,0.38171488722739794,0.381714887227398
0.4249267578125,0.3814950486271578,0.3814950486271577
0.425048828125,0.3812752455862299,0.3812752455862298
0.4251708984375,0.3810554781436725,0.3810554781436725
0.42529296875,0.3808357463385334,0.38083574633853345
0.4254150390625,0.3806160502098496,0.3806160502098496
0.425537109375,0.38039638979664747,0.3803963897966476
0.4256591796875,0.3801767651379431,0.3801767651379431
0.42578125,0.37995717627274167,0.37995717627274167
0.4259033203125,0.37973762324003807,0.37973762324003807
0.426025390625,0.3795181060788164,0.3795181060788164
0.4261474609375,0.37929862482805043,0.3792986248280505
0.42626953125,0.37907917952670306,0.37907917952670306
0.4263916015625,0.3788597702137268,0.3788597702137268
0.426513671875,0.37864039692806356,0.3786403969280635
0.4266357421875,0.37842105970864454,0.37842105970864454
0.4267578125,0.3782017585943907,0.3782017585943907
0.4268798828125,0.37798249362421205,0.377982493624212
0.427001953125,0.37776326483700823,0.37776326483700823
0.4271240234375,0.37754407227166803,0.37754407227166803
0.42724609375,0.3773249159670702,0.3773249159670702
0.4273681640625,0.37710579596208244,0.3771057959620824
0.427490234375,0.37688671229556187,0.37688671229556187
0.4276123046875,0.37666766500635535,0.3766676650063553
0.427734375,0.37644865413329875,0.3764486541332988
0.4278564453125,0.3762296797152179,0.3762296797152178
0.427978515625,0.37601074179092747,0.3760107417909276
0.4281005859375,0.3757918403992319,0.3757918403992319
0.42822265625,0.3755729755789249,0.3755729755789249
0.4283447265625,0.3753541473687896,0.37535414736878964
0.428466796875,0.3751353558075988,0.37513535580759866
0.4285888671875,0.37491660093411416,0.37491660093411416
0.4287109375,0.3746978827870873,0.3746978827870873
0.4288330078125,0.3744792014052589,0.3744792014052589
0.428955078125,0.3742605568273593,0.3742605568273593
0.4290771484375,0.37404194909210814,0.37404194909210814
0.42919921875,0.3738233782382143,0.3738233782382143
0.4293212890625,0.3736048443043764,0.37360484430437646
0.429443359375,0.37338634732928233,0.37338634732928233
0.4295654296875,0.37316788735160916,0.37316788735160916
0.4296875,0.37294946441002363,0.3729494644100236
0.4298095703125,0.3727310785431817,0.3727310785431817
0.429931640625,0.37251272978972916,0.3725127297897291
0.4300537109375,0.37229441818830056,0.37229441818830056
0.43017578125,0.37207614377752035,0.37207614377752035
0.4302978515625,0.37185790659600215,0.37185790659600215
0.430419921875,0.3716397066823491,0.3716397066823491
0.4305419921875,0.37142154407515343,0.37142154407515343
0.4306640625,0.3712034188129974,0.3712034188129974
0.4307861328125,0.37098533093445185,0.37098533093445185
0.430908203125,0.3707672804780776,0.3707672804780778
0.4310302734375,0.37054926748242506,0.3705492674824251
0.43115234375,0.3703312919860332,0.3703312919860332
0.4312744140625,0.3701133540274311,0.3701133540274311
0.431396484375,0.36989545364513693,0.3698954536451369
0.4315185546875,0.3696775908776582,0.3696775908776582
0.431640625,0.36945976576349215,0.36945976576349215
0.4317626953125,0.36924197834112504,0.36924197834112504
0.431884765625,0.3690242286490327,0.3690242286490327
0.4320068359375,0.36880651672568027,0.36880651672568027
0.43212890625,0.36858884260952235,0.36858884260952235
0.4322509765625,0.3683712063390029,0.3683712063390029
0.432373046875,0.3681536079525552,0.3681536079525552
0.4324951171875,0.3679360474886019,0.3679360474886019
0.4326171875,0.36771852498555524,0.36771852498555524
0.4327392578125,0.3675010404818166,0.36750104048181653
0.432861328125,0.36728359401577665,0.3672835940157767
0.4329833984375,0.36706618562581605,0.367066185625816
0.43310546875,0.366848815350304,0.36684881535030395
0.4332275390625,0.3666314832275996,0.3666314832275996
0.433349609375,0.3664141892960511,0.36641418929605113
0.4334716796875,0.3661969335939965,0.3661969335939965
0.43359375,0.36597971615976266,0.36597971615976266
0.4337158203125,0.365762537031666,0.365762537031666
0.433837890625,0.36554539624801247,0.3655453962480125
0.4339599609375,0.3653282938470972,0.3653282938470973
0.43408203125,0.36511122986720485,0.36511122986720485
0.4342041015625,0.36489420434660913,0.36489420434660913
0.434326171875,0.36467721732357344,0.36467721732357344
0.4344482421875,0.3644602688363506,0.3644602688363505
0.4345703125,0.3642433589231822,0.3642433589231822
0.4346923828125,0.36402648762229994,0.3640264876223
0.434814453125,0.3638096549719244,0.3638096549719246
0.4349365234375,0.36359286101026583,0.36359286101026583
0.43505859375,0.3633761057755235,0.3633761057755235
0.4351806640625,0.3631593893058861,0.3631593893058861
0.435302734375,0.36294271163953196,0.362942711639532
0.4354248046875,0.36272607281462854,0.36272607281462854
0.435546875,0.36250947286933255,0.36250947286933255
0.4356689453125,0.36229291184179035,0.36229291184179024
0.435791015625,0.3620763897701372,0.36207638977013723
0.4359130859375,0.3618599066924983,0.3618599066924983
0.43603515625,0.36164346264698755,0.36164346264698755
0.4361572265625,0.36142705767170874,0.36142705767170874
0.436279296875,0.3612106918047546,0.3612106918047546
0.4364013671875,0.36099436508420757,0.3609943650842075
0.4365234375,0.360778077548139,0.360778077548139
0.4366455078125,0.36056182923460994,0.3605618292346098
0.436767578125,0.3603456201816704,0.36034562018167043
0.4368896484375,0.3601294504273602,0.3601294504273602
0.43701171875,0.35991332000970816,0.35991332000970816
0.4371337890625,0.35969722896673245,0.35969722896673245
0.437255859375,0.35948117733644075,0.35948117733644075
0.4373779296875,0.35926516515682977,0.3592651651568298
0.4375,0.3590491924658859,0.3590491924658859
0.4376220703125,0.3588332593015845,0.3588332593015845
0.437744140625,0.35861736570189046,0.35861736570189046
0.4378662109375,0.358401511704758,0.358401511704758
0.43798828125,0.3581856973481305,0.3581856973481305
0.4381103515625,0.35796992266994077,0.35796992266994077
0.438232421875,0.35775418770811107,0.3577541877081111
0.4383544921875,0.3575384925005526,0.3575384925005526
0.4384765625,0.3573228370851663,0.35732283708516627
0.4385986328125,0.357107221499842,0.357107221499842
0.438720703125,0.35689164578245913,0.35689164578245913
0.4388427734375,0.3566761099708864,0.3566761099708864
0.43896484375,0.3564606141029816,0.35646061410298163
0.4390869140625,0.3562451582165922,0.3562451582165922
0.439208984375,0.35602974234955453,0.35602974234955453
0.4393310546875,0.35581436653969456,0.3558143665396945
0.439453125,0.35559903082482736,0.35559903082482736
0.4395751953125,0.35538373524275735,0.3553837352427574
0.439697265625,0.3551684798312783,0.35516847983127836
0.4398193359375,0.3549532646281733,0.3549532646281733
0.43994140625,0.35473808967121456,0.35473808967121456
0.4400634765625,0.35452295499816355,0.3545229549981636
0.440185546875,0.35430786064677133,0.3543078606467714
0.4403076171875,0.35409280665477805,0.354092806654778
0.4404296875,0.353877793059913,0.353877793059913
0.4405517578125,0.35366281989989495,0.3536628198998949
0.440673828125,0.3534478872124318,0.3534478872124318
0.4407958984375,0.3532329950352209,0.35323299503522093
0.44091796875,0.35301814340594895,0.35301814340594884
0.4410400390625,0.35280333236229133,0.35280333236229133
0.441162109375,0.3525885619419134,0.3525885619419134
0.4412841796875,0.3523738321824694,0.3523738321824694
0.44140625,0.35215914312160307,0.35215914312160307
0.4415283203125,0.35194449479694706,0.35194449479694695
0.441650390625,0.3517298872461234,0.3517298872461234
0.4417724609375,0.3515153205067437,0.3515153205067438
0.44189453125,0.3513007946164085,0.3513007946164085
0.4420166015625,0.3510863096127077,0.35108630961270776
0.442138671875,0.3508718655332205,0.3508718655332204
0.4422607421875,0.3506574624155148,0.3506574624155149
0.4423828125,0.3504431002971488,0.35044310029714887
0.4425048828125,0.3502287792156692,0.3502287792156692
0.442626953125,0.35001449920861194,0.35001449920861194
0.4427490234375,0.34980026031350253,0.3498002603135025
0.44287109375,0.34958606256785546,0.34958606256785546
0.4429931640625,0.3493719060091745,0.3493719060091745
0.443115234375,0.3491577906749529,0.3491577906749529
0.4432373046875,0.3489437166026728,0.34894371660267276
0.443359375,0.34872968382980557,0.3487296838298057
0.4434814453125,0.34851569239381225,0.3485156923938122
0.443603515625,0.3483017423321425,0.34830174233214256
0.4437255859375,0.3480878336822357,0.3480878336822357
0.44384765625,0.34787396648152014,0.34787396648152025
0.4439697265625,0.34766014076741353,0.34766014076741353
0.444091796875,0.3474463565773226,0.34744635657732253
0.4442138671875,0.34723261394864335,0.34723261394864335
0.4443359375,0.34701891291876114,0.34701891291876114
0.4444580078125,0.34680525352505037,0.3468052535250503
0.444580078125,0.3465916358048747,0.3465916358048747
0.4447021484375,0.34637805979558695,0.3463780597955869
0.44482421875,0.3461645255345292,0.3461645255345292
0.4449462890625,0.34595103305903274,0.3459510330590328
0.445068359375,0.34573758240641805,0.34573758240641805
0.4451904296875,0.3455241736139946,0.34552417361399457
0.4453125,0.34531080671906145,0.34531080671906145
0.4454345703125,0.3450974817589064,0.3450974817589064
0.445556640625,0.3448841987708068,0.3448841987708068
0.4456787109375,0.3446709577920291,0.3446709577920291
0.44580078125,0.34445775885982854,0.34445775885982854
0.4459228515625,0.34424460201145013,0.34424460201145013
0.446044921875,0.3440314872841278,0.3440314872841278
0.4461669921875,0.3438184147150845,0.3438184147150845
0.4462890625,0.34360538434153254,0.34360538434153254
0.4464111328125,0.3433923962006734,0.3433923962006734
0.446533203125,0.3431794503296976,0.34317945032969754
0.4466552734375,0.34296654676578475,0.34296654676578475
0.44677734375,0.34275368554610397,0.342753685546104
0.4468994140625,0.34254086670781325,0.34254086670781325
0.447021484375,0.34232809028805977,0.34232809028805977
0.4471435546875,0.3421153563239798,0.3421153563239798
0.447265625,0.3419026648526992,0.34190266485269916
0.4473876953125,0.34169001591133225,0.34169001591133225
0.447509765625,0.3414774095369829,0.34147740953698286
0.4476318359375,0.341264845766744,0.34126484576674404
0.44775390625,0.3410523246376978,0.3410523246376978
0.4478759765625,0.34083984618691526,0.34083984618691526
0.447998046875,0.34062741045145695,0.34062741045145695
0.4481201171875,0.34041501746837216,0.3404150174683722
0.4482421875,0.34020266727469967,0.34020266727469967
0.4483642578125,0.33999035990746695,0.33999035990746695
0.448486328125,0.33977809540369097,0.3397780954036909
0.4486083984375,0.33956587380037756,0.33956587380037756
0.44873046875,0.33935369513452207,0.33935369513452207
0.4488525390625,0.33914155944310836,0.33914155944310836
0.448974609375,0.3389294667631099,0.33892946676310987
0.4490966796875,0.33871741713148906,0.33871741713148906
0.44921875,0.3385054105851971,0.3385054105851971
0.4493408203125,0.33829344716117493,0.33829344716117493
0.449462890625,0.3380815268963521,0.3380815268963521
0.4495849609375,0.33786964982764733,0.33786964982764733
0.44970703125,0.33765781599196854,0.33765781599196854
0.4498291015625,0.3374460254262127,0.3374460254262127
0.449951171875,0.3372342781672658,0.3372342781672658
0.4500732421875,0.337022574252003,0.337022574252003
0.4501953125,0.33681091371728844,0.3368109137172885
0.4503173828125,0.3365992965999755,0.33659929659997556
0.450439453125,0.33638772293690644,0.3363877229369065
0.4505615234375,0.3361761927649127,0.3361761927649127
0.45068359375,0.33596470612081464,0.3359647061208147
0.4508056640625,0.3357532630414221,0.3357532630414221
0.450927734375,0.33554186356353344,0.3355418635635335
0.4510498046875,0.3353305077239364,0.3353305077239364
0.451171875,0.33511919555940756,0.33511919555940756
0.4512939453125,0.33490792710671297,0.3349079271067129
0.451416015625,0.3346967024026071,0.3346967024026072
0.4515380859375,0.33448552148383415,0.33448552148383415
0.45166015625,0.3342743843871266,0.3342743843871267
0.4517822265625,0.3340632911492068,0.3340632911492068
0.451904296875,0.3338522418067855,0.3338522418067854
0.4520263671875,0.3336412363965627,0.3336412363965626
0.4521484375,0.3334302749552274,0.3334302749552274
0.4522705078125,0.33321935751945775,0.33321935751945775
0.452392578125,0.3330084841259207,0.33300848412592077
0.4525146484375,0.33279765481127255,0.33279765481127255
0.45263671875,0.33258686961215805,0.33258686961215816
0.4527587890625,0.3323761285652117,0.3323761285652117
0.452880859375,0.33216543170705637,0.33216543170705637
0.4530029296875,0.33195477907430426,0.33195477907430426
0.453125,0.3317441707035565,0.3317441707035565
0.4532470703125,0.3315336066314032,0.3315336066314031
0.453369140625,0.33132308689442347,0.33132308689442347
0.4534912109375,0.33111261152918536,0.33111261152918536
0.45361328125,0.33090218057224613,0.33090218057224613
0.4537353515625,0.33069179406015164,0.33069179406015164
0.453857421875,0.33048145202943724,0.33048145202943724
0.4539794921875,0.33027115451662686,0.3302711545166267
0.4541015625,0.33006090155823326,0.3300609015582332
0.4542236328125,0.3298506931907586,0.3298506931907586
0.454345703125,0.329640529450694,0.329640529450694
0.4544677734375,0.3294304103745192,0.32943041037451926
0.45458984375,0.329220335998703,0.329220335998703
0.4547119140625,0.3290103063597034,0.3290103063597033
0.454833984375,0.328800321493967,0.328800321493967
0.4549560546875,0.3285903814379296,0.3285903814379296
0.455078125,0.328380486228016,0.328380486228016
0.4552001953125,0.3281706359006398,0.3281706359006397
0.455322265625,0.32796083049220326,0.3279608304922032
0.4554443359375,0.3277510700390981,0.32775107003909815
0.45556640625,0.3275413545777048,0.3275413545777048
0.4556884765625,0.32733168414439245,0.32733168414439245
0.455810546875,0.32712205877551964,0.32712205877551964
0.4559326171875,0.3269124785074333,0.3269124785074333
0.4560546875,0.32670294337646977,0.32670294337646966
0.4561767578125,0.32649345341895375,0.32649345341895375
0.456298828125,0.3262840086711995,0.3262840086711995
0.4564208984375,0.32607460916950964,0.3260746091695096
0.45654296875,0.32586525495017593,0.3258652549501759
0.4566650390625,0.32565594604947906,0.32565594604947906
0.456787109375,0.32544668250368847,0.32544668250368847
0.4569091796875,0.32523746434906264,0.32523746434906264
0.45703125,0.32502829162184876,0.32502829162184876
0.4571533203125,0.32481916435828323,0.32481916435828323
0.457275390625,0.3246100825945909,0.3246100825945909
0.4573974609375,0.32440104636698575,0.3244010463669858
0.45751953125,0.32419205571167065,0.32419205571167076
0.4576416015625,0.3239831106648372,0.32398311066483726
0.457763671875,0.323774211262666,0.323774211262666
0.4578857421875,0.3235653575413263,0.3235653575413264
0.4580078125,0.32335654953697657,0.32335654953697657
0.4581298828125,0.3231477872857637,0.3231477872857637
0.458251953125,0.3229390708238238,0.3229390708238238
0.4583740234375,0.3227304001872814,0.32273040018728144
0.45849609375,0.32252177541225036,0.3225217754122504
0.4586181640625,0.32231319653483315,0.32231319653483315
0.458740234375,0.3221046635911209,0.3221046635911209
0.4588623046875,0.32189617661719383,0.3218961766171939
0.458984375,0.3216877356491209,0.32168773564912084
0.4591064453125,0.3214793407229597,0.3214793407229597
0.459228515625,0.32127099187475705,0.32127099187475705
0.4593505859375,0.3210626891405482,0.3210626891405482
0.45947265625,0.32085443255635737,0.3208544325563573
0.4595947265625,0.3206462221581976,0.3206462221581976
0.459716796875,0.32043805798207053,0.32043805798207053
0.4598388671875,0.3202299400639669,0.32022994006396693
0.4599609375,0.3200218684398661,0.320021868439866
0.4600830078125,0.3198138431457361,0.31981384314573613
0.460205078125,0.31960586421753395,0.31960586421753395
0.4603271484375,0.31939793169120556,0.3193979316912056
0.46044921875,0.3191900456026852,0.3191900456026852
0.4605712890625,0.3189822059878962,0.3189822059878962
0.460693359375,0.31877441288275055,0.31877441288275055
0.4608154296875,0.3185666663231491,0.31856666632314906
0.4609375,0.3183589663449814,0.3183589663449814
0.4610595703125,0.31815131298412563,0.31815131298412563
0.461181640625,0.317943706276449,0.3179437062764491
0.4613037109375,0.31773614625780733,0.31773614625780733
0.46142578125,0.31752863296404493,0.31752863296404493
0.4615478515625,0.3173211664309952,0.3173211664309952
0.461669921875,0.31711374669448017,0.31711374669448017
0.4617919921875,0.31690637379031056,0.3169063737903105
0.4619140625,0.3166990477542857,0.3166990477542856
0.4620361328125,0.31649176862219375,0.3164917686221937
0.462158203125,0.31628453642981164,0.31628453642981164
0.4622802734375,0.31607735121290503,0.316077351212905
0.46240234375,0.3158702130072281,0.3158702130072281
0.4625244140625,0.3156631218485239,0.3156631218485239
0.462646484375,0.3154560777725241,0.3154560777725241
0.4627685546875,0.31524908081494896,0.31524908081494896
0.462890625,0.3150421310115077,0.3150421310115077
0.4630126953125,0.31483522839789796,0.31483522839789807
0.463134765625,0.3146283730098063,0.3146283730098063
0.4632568359375,0.31442156488290757,0.31442156488290757
0.46337890625,0.3142148040528656,0.3142148040528656
0.4635009765625,0.314008090555333,0.3140080905553329
0.463623046875,0.31380142442595055,0.3138014244259506
0.4637451171875,0.31359480570034826,0.31359480570034826
0.4638671875,0.3133882344141444,0.3133882344141444
0.4639892578125,0.3131817106029459,0.3131817106029459
0.464111328125,0.31297523430234847,0.31297523430234847
0.4642333984375,0.31276880554793657,0.3127688055479365
0.46435546875,0.312562424375283,0.312562424375283
0.4644775390625,0.31235609081994936,0.3123560908199493
0.464599609375,0.3121498049174857,0.31214980491748573
0.4647216796875,0.3119435667034311,0.3119435667034311
0.46484375,0.3117373762133127,0.3117373762133127
0.4649658203125,0.3115312334826467,0.3115312334826467
0.465087890625,0.31132513854693766,0.31132513854693766
0.4652099609375,0.3111190914416787,0.3111190914416787
0.46533203125,0.3109130922023518,0.3109130922023518
0.4654541015625,0.31070714086442724,0.3107071408644272
0.465576171875,0.31050123746336394,0.31050123746336405
0.4656982421875,0.31029538203460977,0.3102953820346097
0.4658203125,0.3100895746136007,0.3100895746136007
0.4659423828125,0.3098838152357613,0.3098838152357613
0.466064453125,0.30967810393650497,0.30967810393650497
0.4661865234375,0.3094724407512335,0.3094724407512335
0.46630859375,0.3092668257153373,0.30926682571533737
0.4664306640625,0.30906125886419533,0.3090612588641954
0.466552734375,0.308855740233175,0.308855740233175
0.4666748046875,0.3086502698576324,0.30865026985763244
0.466796875,0.3084448477729122,0.30844484777291203
0.4669189453125,0.3082394740143471,0.30823947401434704
0.467041015625,0.3080341486172591,0.30803414861725903
0.4671630859375,0.307828871616958,0.30782887161695804
0.46728515625,0.30762364304874273,0.30762364304874273
0.4674072265625,0.3074184629479003,0.30741846294790026
0.467529296875,0.3072133313497064,0.3072133313497064
0.4676513671875,0.3070082482894252,0.3070082482894252
0.4677734375,0.3068032138023092,0.3068032138023092
0.4678955078125,0.3065982279235998,0.3065982279235998
0.468017578125,0.30639329068852644,0.30639329068852633
0.4681396484375,0.3061884021323072,0.3061884021323072
0.46826171875,0.30598356229014867,0.30598356229014884
0.4683837890625,0.30577877119724617,0.3057787711972461
0.468505859375,0.3055740288887828,0.3055740288887828
0.4686279296875,0.30536933539993083,0.30536933539993083
0.46875,0.30516469076585045,0.30516469076585045
0.4688720703125,0.30496009502169075,0.30496009502169064
0.468994140625,0.3047555482025887,0.3047555482025889
0.4691162109375,0.3045510503436705,0.3045510503436705
0.46923828125,0.30434660148005005,0.30434660148005005
0.4693603515625,0.30414220164683,0.30414220164683003
0.469482421875,0.3039378508791014,0.30393785087910147
0.4696044921875,0.30373354921194373,0.30373354921194373
0.4697265625,0.3035292966804248,0.3035292966804247
0.4698486328125,0.3033250933196008,0.3033250933196008
0.469970703125,0.30312093916451643,0.3031209391645166
0.4700927734375,0.302916834250205,0.30291683425020494
0.47021484375,0.3027127786116876,0.3027127786116876
0.4703369140625,0.3025087722839742,0.30250877228397427
0.470458984375,0.3023048153020631,0.3023048153020631
0.4705810546875,0.3021009077009407,0.3021009077009407
0.470703125,0.3018970495155822,0.30189704951558216
0.4708251953125,0.30169324078095067,0.3016932407809507
0.470947265625,0.3014894815319979,0.30148948153199795
0.4710693359375,0.3012857718036639,0.30128577180366395
0.47119140625,0.30108211163087706,0.30108211163087706
0.4713134765625,0.30087850104855396,0.30087850104855396
0.471435546875,0.3006749400915999,0.3006749400915999
0.4715576171875,0.300471428794908,0.300471428794908
0.4716796875,0.3002679671933601,0.30026796719336013
0.4718017578125,0.3000645553218263,0.3000645553218263
0.471923828125,0.2998611932151647,0.2998611932151647
0.4720458984375,0.299657880908222,0.29965788090822204
0.47216796875,0.2994546184358333,0.2994546184358333
0.4722900390625,0.2992514058328216,0.2992514058328216
0.472412109375,0.2990482431339986,0.2990482431339987
0.4725341796875,0.29884513037416416,0.29884513037416416
0.47265625,0.2986420675881062,0.2986420675881062
0.4727783203125,0.2984390548106012,0.29843905481060123
0.472900390625,0.29823609207641366,0.29823609207641366
0.4730224609375,0.2980331794202966,0.2980331794202966
0.47314453125,0.2978303168769911,0.29783031687699113
0.4732666015625,0.2976275044812266,0.2976275044812266
0.473388671875,0.2974247422677207,0.29742474226772075
0.4735107421875,0.2972220302711793,0.2972220302711794
0.4736328125,0.29701936852629657,0.2970193685262966
0.4737548828125,0.29681675706775484,0.29681675706775484
0.473876953125,0.29661419593022453,0.29661419593022453
0.4739990234375,0.29641168514836463,0.2964116851483646
0.47412109375,0.296209224756822,0.29620922475682193
0.4742431640625,0.2960068147902317,0.2960068147902317
0.474365234375,0.2958044552832175,0.29580445528321747
0.4744873046875,0.29560214627039066,0.29560214627039066
0.474609375,0.29539988778635107,0.29539988778635107
0.4747314453125,0.2951976798656867,0.2951976798656867
0.474853515625,0.2949955225429735,0.29499552254297357
0.4749755859375,0.29479341585277596,0.294793415852776
0.47509765625,0.29459135982964646,0.2945913598296465
0.4752197265625,0.29438935450812576,0.29438935450812576
0.475341796875,0.2941873999227423,0.29418739992274234
0.4754638671875,0.29398549610801317,0.2939854961080133
0.4755859375,0.2937836430984435,0.29378364309844346
0.4757080078125,0.2935818409285263,0.29358184092852624
0.475830078125,0.29338008963274304,0.2933800896327429
0.4759521484375,0.2931783892455629,0.2931783892455629
0.47607421875,0.2929767398014436,0.2929767398014436
0.4761962890625,0.29277514133483074,0.29277514133483074
0.476318359375,0.2925735938801581,0.292573593880158
0.4764404296875,0.29237209747184734,0.29237209747184734
0.4765625,0.2921706521443086,0.2921706521443086
0.4766845703125,0.29196925793193984,0.29196925793193984
0.476806640625,0.2917679148691271,0.29176791486912707
0.4769287109375,0.29156662299024466,0.29156662299024466
0.47705078125,0.29136538232965453,0.29136538232965453
0.4771728515625,0.29116419292170725,0.29116419292170714
0.477294921875,0.29096305480074086,0.29096305480074086
0.4774169921875,0.290761968001082,0.290761968001082
0.4775390625,0.29056093255704485,0.29056093255704485
0.4776611328125,0.2903599485029321,0.2903599485029322
0.477783203125,0.2901590158730341,0.2901590158730341
0.4779052734375,0.28995813470162946,0.2899581347016294
0.47802734375,0.28975730502298447,0.28975730502298447
0.4781494140625,0.28955652687135386,0.28955652687135386
0.478271484375,0.28935580028098007,0.28935580028098007
0.4783935546875,0.2891551252860936,0.2891551252860936
0.478515625,0.28895450192091304,0.28895450192091304
0.4786376953125,0.2887539302196448,0.28875393021964474
0.478759765625,0.28855341021648334,0.2885534102164833
0.4788818359375,0.2883529419456112,0.2883529419456111
0.47900390625,0.2881525254411985,0.2881525254411985
0.4791259765625,0.28795216073740393,0.2879521607374039
0.479248046875,0.2877518478683736,0.28775184786837354
0.4793701171875,0.28755158686824184,0.28755158686824184
0.4794921875,0.28735137777113073,0.28735137777113073
0.4796142578125,0.28715122061115045,0.28715122061115045
0.479736328125,0.2869511154223991,0.2869511154223991
0.4798583984375,0.28675106223896246,0.28675106223896246
0.47998046875,0.28655106109491457,0.28655106109491457
0.4801025390625,0.28635111202431707,0.28635111202431707
0.480224609375,0.28615121506121965,0.28615121506121965
0.4803466796875,0.2859513702396599,0.2859513702396599
0.48046875,0.28575157759366326,0.28575157759366326
0.4805908203125,0.285551837157243,0.285551837157243
0.480712890625,0.2853521489644004,0.28535214896440025
0.4808349609375,0.28515251304912426,0.28515251304912426
0.48095703125,0.28495292944539174,0.28495292944539174
0.4810791015625,0.28475339818716755,0.28475339818716755
0.481201171875,0.2845539193084042,0.2845539193084042
0.4813232421875,0.28435449284304226,0.2843544928430422
0.4814453125,0.2841551188250098,0.2841551188250098
0.4815673828125,0.28395579728822307,0.28395579728822307
0.481689453125,0.28375652826658593,0.28375652826658593
0.4818115234375,0.28355731179399013,0.28355731179399013
0.48193359375,0.28335814790431507,0.283358147904315
0.4820556640625,0.2831590366314281,0.28315903663142805
0.482177734375,0.2829599780091844,0.2829599780091844
0.4822998046875,0.28276097207142675,0.28276097207142675
0.482421875,0.282562018851986,0.2825620188519859
0.4825439453125,0.28236311838468026,0.28236311838468026
0.482666015625,0.28216427070331607,0.28216427070331607
0.4827880859375,0.2819654758416871,0.2819654758416871
0.48291015625,0.2817667338335751,0.2817667338335751
0.4830322265625,0.2815680447127496,0.28156804471274954
0.483154296875,0.28136940851296754,0.28136940851296766
0.4832763671875,0.28117082526797416,0.28117082526797416
0.4833984375,0.2809722950115017,0.2809722950115018
0.4835205078125,0.28077381777727073,0.28077381777727073
0.483642578125,0.2805753935989892,0.2805753935989892
0.4837646484375,0.28037702251035274,0.28037702251035274
0.48388671875,0.2801787045450449,0.2801787045450449
0.4840087890625,0.2799804397367367,0.2799804397367367
0.484130859375,0.27978222811908676,0.2797822281190868
0.4842529296875,0.27958406972574185,0.2795840697257419
0.484375,0.2793859645903359,0.27938596459033593
0.4844970703125,0.2791879127464906,0.2791879127464905
0.484619140625,0.27898991422781544,0.27898991422781544
0.4847412109375,0.2787919690679075,0.2787919690679075
0.48486328125,0.2785940773003513,0.2785940773003513
0.4849853515625,0.27839623895871934,0.27839623895871934
0.485107421875,0.27819845407657146,0.27819845407657146
0.4852294921875,0.2780007226874551,0.2780007226874551
0.4853515625,0.27780304482490553,0.2778030448249056
0.4854736328125,0.2776054205224454,0.2776054205224454
0.485595703125,0.27740784981358513,0.27740784981358513
0.4857177734375,0.2772103327318226,0.27721033273182255
0.48583984375,0.2770128693106432,0.2770128693106432
0.4859619140625,0.27681545958352005,0.27681545958352005
0.486083984375,0.27661810358391375,0.2766181035839137
0.4862060546875,0.2764208013452725,0.27642080134527236
0.486328125,0.2762235529010319,0.2762235529010319
0.4864501953125,0.2760263582846153,0.27602635828461525
0.486572265625,0.2758292175294334,0.2758292175294334
0.4866943359375,0.2756321306688845,0.27563213066888453
0.48681640625,0.27543509773635455,0.27543509773635455
0.4869384765625,0.2752381187652167,0.2752381187652167
0.487060546875,0.2750411937888318,0.27504119378883185
0.4871826171875,0.27484432284054827,0.2748443228405482
0.4873046875,0.2746475059537017,0.2746475059537017
0.4874267578125,0.2744507431616155,0.2744507431616156
0.487548828125,0.27425403449760055,0.27425403449760055
0.4876708984375,0.2740573799949549,0.2740573799949549
0.48779296875,0.27386077968696404,0.27386077968696404
0.4879150390625,0.27366423360690134,0.27366423360690134
0.488037109375,0.27346774178802735,0.2734677417880274
0.4881591796875,0.27327130426359,0.27327130426359
0.48828125,0.27307492106682457,0.2730749210668245
0.4884033203125,0.2728785922309539,0.2728785922309539
0.488525390625,0.27268231778918833,0.2726823177891884
0.4886474609375,0.2724860977747255,0.2724860977747255
0.48876953125,0.2722899322207503,0.2722899322207503
0.4888916015625,0.27209382116043523,0.27209382116043523
0.489013671875,0.27189776462694004,0.2718977646269401
0.4891357421875,0.271701762653412,0.2717017626534119
0.4892578125,0.27150581527298534,0.27150581527298534
0.4893798828125,0.2713099225187822,0.2713099225187822
0.489501953125,0.27111408442391177,0.27111408442391177
0.4896240234375,0.27091830102147046,0.27091830102147046
0.48974609375,0.2707225723445421,0.2707225723445421
0.4898681640625,0.27052689842619815,0.27052689842619826
0.489990234375,0.2703312792994971,0.2703312792994971
0.4901123046875,0.27013571499748446,0.27013571499748446
0.490234375,0.26994020555319376,0.2699402055531937
0.4903564453125,0.26974475099964507,0.26974475099964507
0.490478515625,0.2695493513698463,0.2695493513698463
0.4906005859375,0.2693540066967924,0.2693540066967924
0.49072265625,0.26915871701346544,0.2691587170134655
0.4908447265625,0.26896348235283524,0.26896348235283524
0.490966796875,0.26876830274785823,0.2687683027478582
0.4910888671875,0.26857317823147847,0.26857317823147847
0.4912109375,0.2683781088366274,0.2683781088366274
0.4913330078125,0.2681830945962231,0.2681830945962231
0.491455078125,0.2679881355431716,0.2679881355431716
0.4915771484375,0.26779323171036556,0.26779323171036556
0.49169921875,0.2675983831306852,0.2675983831306852
0.4918212890625,0.26740358983699763,0.26740358983699763
0.491943359375,0.2672088518621574,0.2672088518621575
0.4920654296875,0.26701416923900617,0.26701416923900617
0.4921875,0.2668195420003727,0.2668195420003727
0.4923095703125,0.2666249701790729,0.2666249701790729
0.492431640625,0.2664304538079101,0.2664304538079101
0.4925537109375,0.2662359929196742,0.26623599291967426
0.49267578125,0.26604158754714297,0.26604158754714297
0.4927978515625,0.2658472377230807,0.2658472377230807
0.492919921875,0.26565294348023916,0.26565294348023916
0.4930419921875,0.2654587048513571,0.2654587048513571
0.4931640625,0.26526452186916016,0.26526452186916016
0.4932861328125,0.26507039456636156,0.2650703945663616
0.493408203125,0.2648763229756612,0.2648763229756613
0.4935302734375,0.26468230712974633,0.26468230712974633
0.49365234375,0.26448834706129093,0.264488347061291
0.4937744140625,0.2642944428029564,0.26429444280295633
0.493896484375,0.2641005943873909,0.26410059438739086
0.4940185546875,0.26390680184723,0.26390680184722987
0.494140625,0.26371306521509574,0.26371306521509574
0.4942626953125,0.2635193845235977,0.26351938452359774
0.494384765625,0.26332575980533235,0.2633257598053324
0.4945068359375,0.26313219109288305,0.26313219109288305
0.49462890625,0.26293867841882024,0.26293867841882024
0.4947509765625,0.2627452218157014,0.2627452218157014
0.494873046875,0.26255182131607074,0.26255182131607074
0.4949951171875,0.2623584769524599,0.26235847695245984
0.4951171875,0.262165188757387,0.2621651887573871
0.4952392578125,0.26197195676335755,0.26197195676335744
0.495361328125,0.26177878100286356,0.26177878100286356
0.4954833984375,0.2615856615083843,0.2615856615083843
0.49560546875,0.2613925983123861,0.2613925983123861
0.4957275390625,0.26119959144732174,0.26119959144732174
0.495849609375,0.2610066409456313,0.2610066409456313
0.4959716796875,0.2608137468397416,0.2608137468397416
0.49609375,0.2606209091620665,0.2606209091620665
0.4962158203125,0.2604281279450066,0.2604281279450066
0.496337890625,0.26023540322094935,0.2602354032209493
0.4964599609375,0.2600427350222691,0.2600427350222692
0.49658203125,0.2598501233813274,0.2598501233813274
0.4967041015625,0.25965756833047215,0.2596575683304721
0.496826171875,0.25946506990203827,0.2594650699020382
0.4969482421875,0.2592726281283476,0.2592726281283476
0.4970703125,0.2590802430417089,0.2590802430417089
0.4971923828125,0.25888791467441735,0.2588879146744174
0.497314453125,0.25869564305875536,0.25869564305875536
0.4974365234375,0.258503428226992,0.25850342822699196
0.49755859375,0.25831127021138295,0.25831127021138295
0.4976806640625,0.25811916904417087,0.25811916904417087
0.497802734375,0.2579271247575852,0.2579271247575852
0.4979248046875,0.2577351373838421,0.2577351373838421
0.498046875,0.2575432069551445,0.2575432069551445
0.4981689453125,0.2573513335036819,0.25735133350368194
0.498291015625,0.2571595170616308,0.2571595170616308
0.4984130859375,0.2569677576611543,0.2569677576611542
0.49853515625,0.2567760553344021,0.2567760553344021
0.4986572265625,0.2565844101135109,0.2565844101135109
0.498779296875,0.2563928220306038,0.2563928220306038
0.4989013671875,0.2562012911177909,0.25620129111779094
0.4990234375,0.25600981740716866,0.25600981740716877
0.4991455078125,0.25581840093082037,0.25581840093082037
0.499267578125,0.255627041720816,0.255627041720816
0.4993896484375,0.2554357398092121,0.2554357398092121
0.49951171875,0.2552444952280519,0.2552444952280519
0.4996337890625,0.25505330800936543,0.25505330800936543
0.499755859375,0.2548621781851691,0.25486217818516904
0.4998779296875,0.2546711057874659,0.2546711057874658
0.5,0.2544800908482456,0.25448009084824563
0.5001220703125,0.2542891333994846,0.2542891333994846
0.500244140625,0.2540982334731458,0.2540982334731458
0.5003662109375,0.25390739110117855,0.25390739110117855
0.50048828125,0.2537166063155191,0.2537166063155191
0.5006103515625,0.2535258791480899,0.2535258791480899
0.500732421875,0.2533352096308002,0.25333520963080025
0.5008544921875,0.2531445977955457,0.2531445977955457
0.5009765625,0.25295404367420854,0.2529540436742086
0.5010986328125,0.25276354729865763,0.2527635472986577
0.501220703125,0.2525731087007481,0.2525731087007482
0.5013427734375,0.2523827279123219,0.25238272791232186
0.50146484375,0.2521924049652072,0.2521924049652072
0.5015869140625,0.25200213989121856,0.2520021398912185
0.501708984375,0.25181193272215746,0.25181193272215746
0.5018310546875,0.2516217834898116,0.2516217834898116
0.501953125,0.25143169222595496,0.25143169222595496
0.5020751953125,0.25124165896234824,0.25124165896234824
0.502197265625,0.25105168373073833,0.25105168373073844
0.5023193359375,0.25086176656285897,0.25086176656285897
0.50244140625,0.25067190749042983,0.2506719074904298
0.5025634765625,0.2504821065451572,0.2504821065451572
0.502685546875,0.25029236375873376,0.25029236375873376
0.5028076171875,0.25010267916283846,0.25010267916283846
0.5029296875,0.249913052789137,0.249913052789137
0.5030517578125,0.249723484669281,0.24972348466928104
0.503173828125,0.24953397483490872,0.24953397483490872
0.5032958984375,0.24934452331764456,0.2493445233176445
0.50341796875,0.24915513014909943,0.24915513014909943
0.5035400390625,0.24896579536087063,0.24896579536087052
0.503662109375,0.2487765189845414,0.2487765189845414
0.5037841796875,0.24858730105168178,0.24858730105168178
0.50390625,0.2483981415938478,0.2483981415938478
0.5040283203125,0.24820904064258184,0.24820904064258184
0.504150390625,0.24801999822941267,0.24801999822941256
0.5042724609375,0.24783101438585503,0.24783101438585503
0.50439453125,0.24764208914341038,0.2476420891434103
0.5045166015625,0.24745322253356591,0.24745322253356591
0.504638671875,0.24726441458779555,0.24726441458779555
0.5047607421875,0.24707566533755912,0.24707566533755906
0.5048828125,0.24688697481430272,0.24688697481430272
0.5050048828125,0.24669834304945887,0.24669834304945876
0.505126953125,0.24650977007444583,0.24650977007444583
0.5052490234375,0.24632125592066864,0.24632125592066864
0.50537109375,0.24613280061951803,0.24613280061951803
0.5054931640625,0.24594440420237115,0.24594440420237115
0.505615234375,0.2457560667005913,0.2457560667005913
0.5057373046875,0.24556778814552782,0.24556778814552777
0.505859375,0.24537956856851617,0.24537956856851612
0.5059814453125,0.24519140800087807,0.24519140800087807
0.506103515625,0.24500330647392138,0.24500330647392143
0.5062255859375,0.24481526401893988,0.24481526401893988
0.50634765625,0.24462728066721362,0.24462728066721368
0.5064697265625,0.24443935645000867,0.2444393564500086
0.506591796875,0.24425149139857708,0.24425149139857708
0.5067138671875,0.24406368554415717,0.24406368554415717
0.5068359375,0.2438759389179732,0.2438759389179732
0.5069580078125,0.24368825155123547,0.24368825155123547
0.507080078125,0.24350062347514032,0.24350062347514032
0.5072021484375,0.24331305472087017,0.24331305472087017
0.50732421875,0.24312554531959332,0.24312554531959327
0.5074462890625,0.2429380953024642,0.2429380953024642
0.507568359375,0.24275070470062327,0.24275070470062327
0.5076904296875,0.2425633735451969,0.2425633735451969
0.5078125,0.24237610186729736,0.24237610186729736
0.5079345703125,0.24218888969802302,0.24218888969802296
0.508056640625,0.24200173706845804,0.24200173706845804
0.5081787109375,0.24181464400967279,0.24181464400967279
0.50830078125,0.24162761055272325,0.2416276105527232
0.5084228515625,0.24144063672865154,0.24144063672865154
0.508544921875,0.2412537225684857,0.2412537225684857
0.5086669921875,0.2410668681032395,0.24106686810323943
0.5087890625,0.24088007336391265,0.2408800733639126
0.5089111328125,0.24069333838149085,0.24069333838149085
0.509033203125,0.2405066631869455,0.24050666318694558
0.5091552734375,0.24032004781123417,0.24032004781123417
0.50927734375,0.2401334922853,0.2401334922853
0.5093994140625,0.23994699664007182,0.23994699664007177
0.509521484375,0.23976056090646453,0.23976056090646458
0.5096435546875,0.239574185115379,0.239574185115379
0.509765625,0.23938786929770162,0.23938786929770162
0.5098876953125,0.2392016134843047,0.23920161348430458
0.510009765625,0.23901541770604606,0.239015417706046
0.5101318359375,0.23882928199376965,0.2388292819937697
0.51025390625,0.23864320637830522,0.23864320637830522
0.5103759765625,0.23845719089046796,0.23845719089046785
0.510498046875,0.23827123556105884,0.23827123556105884
0.5106201171875,0.2380853404208648,0.2380853404208648
0.5107421875,0.23789950550065825,0.23789950550065825
0.5108642578125,0.23771373083119748,0.23771373083119748
0.510986328125,0.23752801644322633,0.23752801644322633
0.5111083984375,0.23734236236747444,0.23734236236747439
0.51123046875,0.237156768634657,0.237156768634657
0.5113525390625,0.23697123527547506,0.23697123527547512
0.511474609375,0.23678576232061513,0.23678576232061513
0.5115966796875,0.23660034980074945,0.2366003498007494
0.51171875,0.23641499774653574,0.23641499774653574
0.5118408203125,0.23622970618861763,0.23622970618861763
0.511962890625,0.23604447515762403,0.23604447515762403
0.5120849609375,0.23585930468416974,0.23585930468416974
0.51220703125,0.23567419479885499,0.23567419479885499
0.5123291015625,0.2354891455322655,0.23548914553226544
0.512451171875,0.2353041569149726,0.2353041569149726
0.5125732421875,0.23511922897753343,0.23511922897753337
0.5126953125,0.23493436175049018,0.23493436175049023
0.5128173828125,0.23474955526437116,0.23474955526437116
0.512939453125,0.23456480954968964,0.23456480954968964
0.5130615234375,0.23438012463694477,0.23438012463694471
0.51318359375,0.23419550055662097,0.23419550055662097
0.5133056640625,0.23401093733918832,0.23401093733918824
0.513427734375,0.2338264350151021,0.2338264350151021
0.5135498046875,0.23364199361480342,0.23364199361480342
0.513671875,0.23345761316871866,0.23345761316871866
0.5137939453125,0.23327329370725955,0.23327329370725955
0.513916015625,0.2330890352608233,0.2330890352608233
0.5140380859375,0.2329048378597926,0.2329048378597926
0.51416015625,0.23272070153453553,0.23272070153453547
0.5142822265625,0.2325366263154054,0.2325366263154054
0.514404296875,0.2323526122327413,0.2323526122327413
0.5145263671875,0.23216865931686706,0.23216865931686717
0.5146484375,0.2319847675980926,0.2319847675980926
0.5147705078125,0.2318009371067125,0.2318009371067125
0.514892578125,0.23161716787300723,0.23161716787300723
0.5150146484375,0.23143345992724215,0.2314334599272422
0.51513671875,0.23124981329966823,0.2312498132996683
0.5152587890625,0.23106622802052165,0.23106622802052165
0.515380859375,0.23088270412002374,0.23088270412002385
0.5155029296875,0.23069924162838137,0.23069924162838137
0.515625,0.2305158405757864,0.23051584057578645
0.5157470703125,0.23033250099241614,0.23033250099241614
0.515869140625,0.230149222908433,0.230149222908433
0.5159912109375,0.2299660063539848,0.2299660063539848
0.51611328125,0.22978285135920437,0.22978285135920437
0.5162353515625,0.22959975795420984,0.22959975795420995
0.516357421875,0.22941672616910463,0.22941672616910463
0.5164794921875,0.22923375603397722,0.2292337560339772
0.5166015625,0.2290508475789012,0.2290508475789012
0.5167236328125,0.22886800083393546,0.22886800083393546
0.516845703125,0.228685215829124,0.228685215829124
0.5169677734375,0.22850249259449584,0.22850249259449584
0.51708984375,0.2283198311600654,0.2283198311600654
0.5172119140625,0.22813723155583185,0.22813723155583185
0.517333984375,0.22795469381177974,0.22795469381177974
0.5174560546875,0.22777221795787858,0.22777221795787864
0.517578125,0.227589804024083,0.22758980402408294
0.5177001953125,0.22740745204033258,0.22740745204033258
0.517822265625,0.2272251620365522,0.2272251620365522
0.5179443359375,0.22704293404265144,0.22704293404265138
0.51806640625,0.22686076808852515,0.2268607680885252
0.5181884765625,0.22667866420405333,0.22667866420405333
0.518310546875,0.2264966224191005,0.2264966224191005
0.5184326171875,0.22631464276351665,0.22631464276351665
0.5185546875,0.22613272526713643,0.22613272526713643
0.5186767578125,0.22595086995977964,0.22595086995977964
0.518798828125,0.22576907687125092,0.22576907687125095
0.5189208984375,0.22558734603134006,0.22558734603134004
0.51904296875,0.22540567746982146,0.2254056774698214
0.5191650390625,0.2252240712164546,0.2252240712164546
0.519287109375,0.22504252730098398,0.22504252730098395
0.5194091796875,0.22486104575313884,0.22486104575313884
0.51953125,0.22467962660263333,0.22467962660263335
0.5196533203125,0.22449826987916652,0.2244982698791665
0.519775390625,0.22431697561242217,0.22431697561242211
0.5198974609375,0.22413574383206908,0.22413574383206913
0.52001953125,0.2239545745677609,0.2239545745677609
0.5201416015625,0.22377346784913588,0.22377346784913593
0.520263671875,0.22359242370581733,0.22359242370581733
0.5203857421875,0.2234114421674131,0.2234114421674131
0.5205078125,0.22323052326351603,0.22323052326351603
0.5206298828125,0.22304966702370363,0.22304966702370368
0.520751953125,0.22286887347753814,0.22286887347753817
0.5208740234375,0.22268814265456674,0.22268814265456674
0.52099609375,0.22250747458432102,0.222507474584321
0.5211181640625,0.2223268692963175,0.2223268692963175
0.521240234375,0.22214632682005744,0.22214632682005744
0.5213623046875,0.2219658471850266,0.22196584718502665
0.521484375,0.22178543042069576,0.22178543042069573
0.5216064453125,0.22160507655651987,0.22160507655651987
0.521728515625,0.22142478562193907,0.22142478562193907
0.5218505859375,0.22124455764637774,0.22124455764637768
0.52197265625,0.22106439265924505,0.22106439265924505
0.5220947265625,0.22088429068993484,0.22088429068993481
0.522216796875,0.22070425176782546,0.22070425176782546
0.5223388671875,0.22052427592227988,0.22052427592227988
0.5224609375,0.22034436318264564,0.22034436318264564
0.5225830078125,0.22016451357825492,0.22016451357825495
0.522705078125,0.2199847271384244,0.21998472713842443
0.5228271484375,0.21980500389245528,0.21980500389245525
0.52294921875,0.21962534386963325,0.21962534386963325
0.5230712890625,0.21944574709922862,0.21944574709922865
0.523193359375,0.21926621361049617,0.21926621361049617
0.5233154296875,0.21908674343267512,0.21908674343267512
0.5234375,0.21890733659498932,0.21890733659498926
0.5235595703125,0.21872799312664673,0.21872799312664676
0.523681640625,0.21854871305684023,0.21854871305684026
0.5238037109375,0.21836949641474682,0.21836949641474682
0.52392578125,0.21819034322952796,0.21819034322952796
0.5240478515625,0.21801125353032966,0.21801125353032969
0.524169921875,0.2178322273462822,0.2178322273462822
0.5242919921875,0.21765326470650026,0.21765326470650026
0.5244140625,0.21747436564008302,0.217474365640083
0.5245361328125,0.21729553017611383,0.21729553017611378
0.524658203125,0.21711675834366043,0.21711675834366043
0.5247802734375,0.21693805017177506,0.21693805017177506
0.52490234375,0.21675940568949412,0.21675940568949417
0.5250244140625,0.2165808249258384,0.2165808249258384
0.525146484375,0.2164023079098128,0.21640230790981285
0.5252685546875,0.21622385467040683,0.21622385467040683
0.525390625,0.21604546523659396,0.21604546523659396
0.5255126953125,0.21586713963733206,0.21586713963733212
0.525634765625,0.21568887790156324,0.21568887790156324
0.5257568359375,0.2155106800582138,0.21551068005821378
0.52587890625,0.21533254613619418,0.21533254613619426
0.5260009765625,0.21515447616439937,0.2151544761643993
0.526123046875,0.21497647017170796,0.21497647017170796
0.5262451171875,0.21479852818698333,0.21479852818698328
0.5263671875,0.21462065023907245,0.21462065023907245
0.5264892578125,0.21444283635680697,0.21444283635680697
0.526611328125,0.21426508656900228,0.21426508656900228
0.5267333984375,0.2140874009044581,0.2140874009044581
0.52685546875,0.21390977939195815,0.21390977939195818
0.5269775390625,0.21373222206027032,0.2137322220602703
0.527099609375,0.21355472893814653,0.21355472893814653
0.5272216796875,0.2133773000543228,0.2133773000543228
0.52734375,0.21319993543751914,0.21319993543751917
0.5274658203125,0.21302263511643973,0.21302263511643968
0.527587890625,0.21284539911977252,0.21284539911977254
0.5277099609375,0.21266822747618983,0.21266822747618983
0.52783203125,0.21249112021434774,0.2124911202143478
0.5279541015625,0.21231407736288632,0.21231407736288632
0.528076171875,0.21213709895042965,0.21213709895042965
0.5281982421875,0.21196018500558592,0.21196018500558592
0.5283203125,0.2117833355569469,0.2117833355569469
0.5284423828125,0.21160655063308867,0.2116065506330886
0.528564453125,0.2114298302625709,0.21142983026257092
0.5286865234375,0.21125317447393754,0.21125317447393752
0.52880859375,0.21107658329571605,0.21107658329571607
0.5289306640625,0.21090005675641807,0.21090005675641804
0.529052734375,0.21072359488453885,0.21072359488453885
0.5291748046875,0.2105471977085576,0.21054719770855754
0.529296875,0.21037086525693735,0.21037086525693738
0.5294189453125,0.2101945975581251,0.2101945975581251
0.529541015625,0.21001839464055136,0.2100183946405514
0.5296630859375,0.2098422565326307,0.20984225653263072
0.52978515625,0.2096661832627613,0.20966618326276135
0.5299072265625,0.20949017485932514,0.2094901748593252
0.530029296875,0.20931423135068802,0.20931423135068802
0.5301513671875,0.2091383527651994,0.20913835276519938
0.5302734375,0.20896253913119245,0.20896253913119248
0.5303955078125,0.20878679047698412,0.20878679047698415
0.530517578125,0.20861110683087508,0.20861110683087508
0.5306396484375,0.20843548822114952,0.2084354882211495
0.53076171875,0.20825993467607537,0.20825993467607537
0.5308837890625,0.2080844462239043,0.20808444622390432
0.531005859375,0.20790902289287153,0.20790902289287153
0.5311279296875,0.20773366471119592,0.2077336647111959
0.53125,0.20755837170707994,0.20755837170707997
0.5313720703125,0.20738314390870963,0.2073831439087096
0.531494140625,0.20720798134425455,0.20720798134425464
0.5316162109375,0.20703288404186815,0.20703288404186815
0.53173828125,0.20685785202968704,0.20685785202968704
0.5318603515625,0.2066828853358314,0.20668288533583146
0.531982421875,0.20650798398840528,0.20650798398840528
0.5321044921875,0.20633314801549582,0.20633314801549582
0.5322265625,0.20615837744517396,0.20615837744517393
0.5323486328125,0.20598367230549391,0.20598367230549391
0.532470703125,0.2058090326244935,0.2058090326244935
0.5325927734375,0.20563445843019387,0.20563445843019387
0.53271484375,0.20545994975059972,0.20545994975059972
0.5328369140625,0.20528550661369915,0.20528550661369918
0.532958984375,0.20511112904746362,0.20511112904746356
0.5330810546875,0.20493681707984793,0.2049368170798479
0.533203125,0.20476257073879034,0.20476257073879034
0.5333251953125,0.20458839005221258,0.20458839005221255
0.533447265625,0.2044142750480195,0.20441427504801948
0.5335693359375,0.20424022575409945,0.20424022575409945
0.53369140625,0.204066242198324,0.204066242198324
0.5338134765625,0.20389232440854807,0.20389232440854807
0.533935546875,0.2037184724126099,0.20371847241260996
0.5340576171875,0.203544686238331,0.203544686238331
0.5341796875,0.203370965913516,0.20337096591351606
0.5343017578125,0.20319731146595305,0.20319731146595302
0.534423828125,0.20302372292341328,0.20302372292341328
0.5345458984375,0.20285020031365106,0.20285020031365106
0.53466796875,0.20267674366440414,0.20267674366440416
0.5347900390625,0.2025033530033933,0.2025033530033933
0.534912109375,0.2023300283583226,0.2023300283583226
0.5350341796875,0.2021567697568791,0.2021567697568791
0.53515625,0.20198357722673316,0.20198357722673316
0.5352783203125,0.20181045079553814,0.20181045079553814
0.535400390625,0.2016373904909307,0.20163739049093068
0.5355224609375,0.20146439634053034,0.20146439634053037
0.53564453125,0.20129146837193987,0.20129146837193987
0.5357666015625,0.20111860661274494,0.20111860661274503
0.535888671875,0.20094581109051463,0.20094581109051463
0.5360107421875,0.2007730818328006,0.2007730818328006
0.5361328125,0.20060041886713784,0.20060041886713784
0.5362548828125,0.20042782222104413,0.20042782222104413
0.536376953125,0.20025529192202057,0.20025529192202057
0.5364990234375,0.20008282799755087,0.20008282799755084
0.53662109375,0.1999104304751019,0.1999104304751019
0.5367431640625,0.19973809938212347,0.1997380993821235
0.536865234375,0.1995658347460483,0.1995658347460483
0.5369873046875,0.19939363659429202,0.19939363659429202
0.537109375,0.1992215049542531,0.1992215049542531
0.5372314453125,0.19904943985331297,0.19904943985331297
0.537353515625,0.19887744131883592,0.19887744131883592
0.5374755859375,0.19870550937816917,0.1987055093781692
0.53759765625,0.1985336440586426,0.1985336440586426
0.5377197265625,0.19836184538756904,0.19836184538756904
0.537841796875,0.1981901133922441,0.19819011339224415
0.5379638671875,0.19801844809994626,0.1980184480999463
0.5380859375,0.19784684953793663,0.19784684953793666
0.5382080078125,0.19767531773345917,0.19767531773345917
0.538330078125,0.1975038527137406,0.19750385271374057
0.5384521484375,0.19733245450599027,0.19733245450599027
0.53857421875,0.19716112313740042,0.1971611231374004
0.5386962890625,0.19698985863514593,0.19698985863514584
0.538818359375,0.19681866102638415,0.19681866102638412
0.5389404296875,0.19664753033825538,0.1966475303382554
0.5390625,0.1964764665978826,0.19647646659788262
0.5391845703125,0.19630546983237113,0.19630546983237113
0.539306640625,0.19613454006880918,0.19613454006880918
0.5394287109375,0.19596367733426748,0.19596367733426745
0.53955078125,0.19579288165579925,0.1957928816557992
0.5396728515625,0.19562215306044048,0.19562215306044045
0.539794921875,0.19545149157520952,0.19545149157520955
0.5399169921875,0.19528089722710754,0.19528089722710756
0.5400390625,0.1951103700431179,0.19511037004311796
0.5401611328125,0.19493991005020675,0.19493991005020678
0.540283203125,0.19476951727532263,0.19476951727532263
0.5404052734375,0.19459919174539642,0.19459919174539644
0.54052734375,0.19442893348734178,0.19442893348734178
0.5406494140625,0.1942587425280545,0.1942587425280545
0.540771484375,0.19408861889441306,0.19408861889441312
0.5408935546875,0.19391856261327822,0.19391856261327822
0.541015625,0.19374857371149312,0.19374857371149312
0.5411376953125,0.19357865221588338,0.19357865221588344
0.541259765625,0.19340879815325696,0.19340879815325698
0.5413818359375,0.19323901155040413,0.19323901155040416
0.54150390625,0.19306929243409757,0.1930692924340975
0.5416259765625,0.19289964083109215,0.19289964083109212
0.541748046875,0.19273005676812524,0.1927300567681252
0.5418701171875,0.19256054027191627,0.19256054027191627
0.5419921875,0.19239109136916727,0.19239109136916724
0.5421142578125,0.1922217100865622,0.19222171008656214
0.542236328125,0.19205239645076733,0.19205239645076733
0.5423583984375,0.1918831504884314,0.19188315048843138
0.54248046875,0.19171397222618494,0.19171397222618497
0.5426025390625,0.19154486169064114,0.19154486169064114
0.542724609375,0.19137581890839503,0.19137581890839503
0.5428466796875,0.1912068439060239,0.19120684390602388
0.54296875,0.19103793671008723,0.1910379367100872
0.5430908203125,0.19086909734712654,0.19086909734712654
0.543212890625,0.19070032584366556,0.19070032584366556
0.5433349609375,0.19053162222621006,0.19053162222621006
0.54345703125,0.1903629865212478,0.1903629865212479
0.5435791015625,0.19019441875524895,0.19019441875524892
0.543701171875,0.19002591895466517,0.19002591895466522
0.5438232421875,0.1898574871459307,0.1898574871459307
0.5439453125,0.1896891233554614,0.1896891233554614
0.5440673828125,0.18952082760965536,0.18952082760965536
0.544189453125,0.18935259993489248,0.1893525999348925
0.5443115234375,0.18918444035753484,0.1891844403575348
0.54443359375,0.18901634890392618,0.1890163489039262
0.5445556640625,0.18884832560039244,0.18884832560039244
0.544677734375,0.18868037047324132,0.18868037047324135
0.5447998046875,0.18851248354876254,0.18851248354876257
0.544921875,0.1883446648532275,0.18834466485322754
0.5450439453125,0.18817691441288975,0.18817691441288975
0.545166015625,0.18800923225398436,0.18800923225398436
0.5452880859375,0.18784161840272845,0.18784161840272842
0.54541015625,0.18767407288532093,0.18767407288532093
0.5455322265625,0.18750659572794243,0.18750659572794245
0.545654296875,0.18733918695675547,0.18733918695675547
0.5457763671875,0.18717184659790423,0.18717184659790426
0.5458984375,0.18700457467751472,0.18700457467751472
0.5460205078125,0.1868373712216946,0.1868373712216946
0.546142578125,0.1866702362565333,0.18667023625653334
0.5462646484375,0.18650316980810203,0.18650316980810203
0.54638671875,0.18633617190245336,0.18633617190245338
0.5465087890625,0.18616924256562192,0.1861692425656219
0.546630859375,0.18600238182362372,0.18600238182362377
0.5467529296875,0.18583558970245662,0.18583558970245664
0.546875,0.1856688662280998,0.18566886622809978
0.5469970703125,0.18550221142651427,0.18550221142651424
0.547119140625,0.1853356253236426,0.18533562532364256
0.5472412109375,0.18516910794540875,0.1851691079454087
0.54736328125,0.18500265931771837,0.1850026593177184
0.5474853515625,0.18483627946645875,0.18483627946645872
0.547607421875,0.18466996841749836,0.18466996841749836
0.5477294921875,0.18450372619668742,0.18450372619668745
0.5478515625,0.1843375528298576,0.18433755282985756
0.5479736328125,0.18417144834282184,0.18417144834282184
0.548095703125,0.1840054127613749,0.1840054127613749
0.5482177734375,0.18383944611129246,0.1838394461112925
0.54833984375,0.18367354841833206,0.18367354841833206
0.5484619140625,0.1835077197082324,0.1835077197082324
0.548583984375,0.18334196000671352,0.18334196000671354
0.5487060546875,0.18317626933947706,0.183176269339477
0.548828125,0.1830106477322056,0.1830106477322056
0.5489501953125,0.1828450952105634,0.1828450952105635
0.549072265625,0.18267961180019593,0.18267961180019593
0.5491943359375,0.18251419752672984,0.18251419752672984
0.54931640625,0.1823488524157731,0.1823488524157731
0.5494384765625,0.18218357649291494,0.18218357649291494
0.549560546875,0.18201836978372582,0.18201836978372582
0.5496826171875,0.1818532323137575,0.18185323231375752
0.5498046875,0.18168816410854283,0.18168816410854285
0.5499267578125,0.1815231651935958,0.1815231651935958
0.550048828125,0.18135823559441167,0.18135823559441164
0.5501708984375,0.1811933753364668,0.18119337533646682
0.55029296875,0.1810285844452187,0.1810285844452187
0.5504150390625,0.18086386294610596,0.18086386294610593
0.550537109375,0.1806992108645483,0.18069921086454827
0.5506591796875,0.1805346282259464,0.18053462822594646
0.55078125,0.1803701150556822,0.1803701150556822
0.5509033203125,0.18020567137911853,0.18020567137911853
0.551025390625,0.18004129722159926,0.18004129722159928
0.5511474609375,0.17987699260844928,0.17987699260844925
0.55126953125,0.17971275756497443,0.17971275756497443
0.5513916015625,0.17954859211646162,0.1795485921164616
0.551513671875,0.17938449628817862,0.17938449628817862
0.5516357421875,0.17922047010537412,0.17922047010537412
0.5517578125,0.17905651359327782,0.1790565135932778
0.5518798828125,0.17889262677710016,0.17889262677710016
0.552001953125,0.17872880968203264,0.17872880968203264
0.5521240234375,0.17856506233324757,0.17856506233324757
0.55224609375,0.17840138475589795,0.17840138475589795
0.5523681640625,0.17823777697511778,0.17823777697511778
0.552490234375,0.17807423901602176,0.17807423901602182
0.5526123046875,0.17791077090370555,0.17791077090370555
0.552734375,0.17774737266324533,0.17774737266324536
0.5528564453125,0.17758404431969826,0.17758404431969826
0.552978515625,0.177420785898102,0.177420785898102
0.5531005859375,0.17725759742347522,0.1772575974234752
0.55322265625,0.17709447892081698,0.17709447892081695
0.5533447265625,0.1769314304151072,0.17693143041510717
0.553466796875,0.17676845193130644,0.1767684519313065
0.5535888671875,0.17660554349435595,0.17660554349435598
0.5537109375,0.17644270512917745,0.17644270512917745
0.5538330078125,0.17627993686067345,0.17627993686067345
0.553955078125,0.17611723871372686,0.1761172387137269
0.5540771484375,0.17595461071320137,0.17595461071320137
0.55419921875,0.175792052883941,0.17579205288394104
0.5543212890625,0.1756295652507705,0.17562956525077053
0.554443359375,0.175467147838495,0.175467147838495
0.5545654296875,0.1753048006719002,0.1753048006719002
0.5546875,0.1751425237757522,0.17514252377575223
0.5548095703125,0.17498031717479776,0.1749803171747977
0.554931640625,0.1748181808937637,0.1748181808937637
0.5550537109375,0.17465611495735767,0.17465611495735767
0.55517578125,0.1744941193902675,0.1744941193902675
0.5552978515625,0.17433219421716145,0.1743321942171614
0.555419921875,0.17417033946268812,0.17417033946268817
0.5555419921875,0.1740085551514766,0.1740085551514766
0.5556640625,0.17384684130813607,0.1738468413081361
0.5557861328125,0.17368519795725623,0.17368519795725623
0.555908203125,0.173523625123407,0.173523625123407
0.5560302734375,0.1733621228311385,0.17336212283113844
0.55615234375,0.17320069110498118,0.17320069110498118
0.5562744140625,0.17303932996944577,0.17303932996944574
0.556396484375,0.1728780394490231,0.1728780394490231
0.5565185546875,0.1727168195681843,0.17271681956818433
0.556640625,0.17255567035138064,0.17255567035138064
0.5567626953125,0.1723945918230436,0.1723945918230436
0.556884765625,0.17223358400758465,0.17223358400758465
0.5570068359375,0.17207264692939556,0.1720726469293956
0.55712890625,0.17191178061284812,0.17191178061284812
0.5572509765625,0.17175098508229422,0.17175098508229422
0.557373046875,0.1715902603620658,0.1715902603620658
0.5574951171875,0.17142960647647482,0.17142960647647484
0.5576171875,0.17126902344981337,0.1712690234498134
0.5577392578125,0.1711085113063535,0.17110851130635352
0.557861328125,0.1709480700703472,0.1709480700703472
0.5579833984375,0.1707876997660265,0.17078769976602645
0.55810546875,0.17062740041760327,0.17062740041760327
0.5582275390625,0.17046717204926948,0.17046717204926948
0.558349609375,0.17030701468519688,0.17030701468519688
0.5584716796875,0.17014692834953718,0.1701469283495372
0.55859375,0.169986913066422,0.16998691306642194
0.5587158203125,0.16982696885996265,0.16982696885996265
0.558837890625,0.1696670957542505,0.16966709575425046
0.5589599609375,0.16950729377335658,0.16950729377335652
0.55908203125,0.1693475629413317,0.1693475629413317
0.5592041015625,0.16918790328220665,0.16918790328220665
0.559326171875,0.16902831481999175,0.16902831481999175
0.5594482421875,0.1688687975786772,0.16886879757867718
0.5595703125,0.16870935158223285,0.16870935158223285
0.5596923828125,0.16854997685460826,0.16854997685460826
0.559814453125,0.16839067341973277,0.16839067341973277
0.5599365234375,0.16823144130151524,0.1682314413015152
0.56005859375,0.16807228052384418,0.16807228052384418
0.5601806640625,0.16791319111058792,0.16791319111058792
0.560302734375,0.16775417308559412,0.16775417308559412
0.5604248046875,0.1675952264726903,0.16759522647269026
0.560546875,0.16743635129568327,0.16743635129568327
0.5606689453125,0.16727754757835958,0.16727754757835958
0.560791015625,0.16711881534448528,0.16711881534448528
0.5609130859375,0.1669601546178058,0.1669601546178058
0.56103515625,0.1668015654220462,0.16680156542204616
0.5611572265625,0.16664304778091094,0.1666430477809109
0.561279296875,0.16648460171808394,0.16648460171808396
0.5614013671875,0.16632622725722862,0.1663262272572286
0.5615234375,0.1661679244219876,0.1661679244219876
0.5616455078125,0.16600969323598314,0.16600969323598314
0.561767578125,0.1658515337228167,0.1658515337228167
0.5618896484375,0.1656934459060692,0.16569344590606916
0.56201171875,0.16553542980930072,0.16553542980930072
0.5621337890625,0.16537748545605085,0.16537748545605085
0.562255859375,0.16521961286983833,0.1652196128698383
0.5623779296875,0.1650618120741612,0.16506181207416123
0.5625,0.16490408309249682,0.16490408309249688
0.5626220703125,0.16474642594830172,0.16474642594830172
0.562744140625,0.16458884066501164,0.16458884066501162
0.5628662109375,0.16443132726604137,0.16443132726604137
0.56298828125,0.16427388577478522,0.1642738857747852
0.5631103515625,0.16411651621461626,0.16411651621461626
0.563232421875,0.163959218608887,0.163959218608887
0.5633544921875,0.16380199298092882,0.16380199298092882
0.5634765625,0.16364483935405236,0.16364483935405236
0.5635986328125,0.16348775775154725,0.16348775775154725
0.563720703125,0.1633307481966821,0.16333074819668214
0.5638427734375,0.16317381071270473,0.1631738107127047
0.56396484375,0.16301694532284178,0.1630169453228418
0.5640869140625,0.16286015205029902,0.16286015205029902
0.564208984375,0.1627034309182611,0.16270343091826106
0.5643310546875,0.16254678194989158,0.16254678194989158
0.564453125,0.1623902051683331,0.1623902051683331
0.5645751953125,0.1622337005967071,0.16223370059670708
0.564697265625,0.1620772682581139,0.16207726825811386
0.5648193359375,0.16192090817563268,0.16192090817563265
0.56494140625,0.16176462037232148,0.16176462037232148
0.5650634765625,0.16160840487121725,0.1616084048712172
0.565185546875,0.16145226169533558,0.16145226169533558
0.5653076171875,0.16129619086767097,0.16129619086767097
0.5654296875,0.16114019241119662,0.16114019241119662
0.5655517578125,0.16098426634886456,0.16098426634886456
0.565673828125,0.16082841270360543,0.1608284127036054
0.5657958984375,0.16067263149832856,0.16067263149832856
0.56591796875,0.16051692275592208,0.16051692275592208
0.5660400390625,0.16036128649925271,0.1603612864992527
0.566162109375,0.16020572275116576,0.16020572275116576
0.5662841796875,0.1600502315344853,0.16005023153448533
0.56640625,0.15989481287201385,0.15989481287201385
0.5665283203125,0.15973946678653259,0.15973946678653259
0.566650390625,0.1595841933008012,0.15958419330080123
0.5667724609375,0.15942899243755798,0.15942899243755798
0.56689453125,0.1592738642195196,0.15927386421951964
0.5670166015625,0.15911880866938147,0.15911880866938147
0.567138671875,0.15896382580981716,0.15896382580981713
0.5672607421875,0.15880891566347893,0.15880891566347893
0.5673828125,0.15865407825299735,0.15865407825299732
0.5675048828125,0.15849931360098143,0.15849931360098143
0.567626953125,0.15834462173001862,0.15834462173001862
0.5677490234375,0.15819000266267466,0.15819000266267466
0.56787109375,0.15803545642149378,0.15803545642149378
0.5679931640625,0.15788098302899825,0.15788098302899825
0.568115234375,0.15772658250768892,0.15772658250768892
0.5682373046875,0.15757225488004487,0.15757225488004487
0.568359375,0.15741800016852325,0.15741800016852328
0.5684814453125,0.15726381839555978,0.15726381839555978
0.568603515625,0.15710970958356807,0.1571097095835681
0.5687255859375,0.15695567375494018,0.1569556737549402
0.56884765625,0.15680171093204623,0.15680171093204623
0.5689697265625,0.15664782113723444,0.15664782113723444
0.569091796875,0.15649400439283132,0.15649400439283132
0.5692138671875,0.15634026072114138,0.15634026072114135
0.5693359375,0.15618659014444727,0.15618659014444725
0.5694580078125,0.15603299268500967,0.15603299268500967
0.569580078125,0.1558794683650673,0.1558794683650673
0.5697021484375,0.15572601720683704,0.15572601720683704
0.56982421875,0.15557263923251363,0.15557263923251363
0.5699462890625,0.15541933446426984,0.15541933446426984
0.570068359375,0.1552661029242564,0.1552661029242564
0.5701904296875,0.15511294463460204,0.15511294463460204
0.5703125,0.15495985961741335,0.15495985961741332
0.5704345703125,0.1548068478947748,0.15480684789477478
0.570556640625,0.15465390948874883,0.15465390948874883
0.5706787109375,0.15450104442137558,0.15450104442137558
0.57080078125,0.15434825271467323,0.1543482527146732
0.5709228515625,0.1541955343906376,0.1541955343906376
0.571044921875,0.15404288947124245,0.15404288947124242
0.5711669921875,0.15389031797843913,0.15389031797843916
0.5712890625,0.15373781993415692,0.15373781993415694
0.5714111328125,0.15358539536030272,0.15358539536030266
0.571533203125,0.15343304427876106,0.15343304427876106
0.5716552734375,0.15328076671139443,0.15328076671139443
0.57177734375,0.15312856268004266,0.15312856268004266
0.5718994140625,0.15297643220652343,0.1529764322065234
0.572021484375,0.15282437531263196,0.1528243753126319
0.5721435546875,0.15267239202014102,0.15267239202014105
0.572265625,0.15252048235080107,0.15252048235080107
0.5723876953125,0.1523686463263401,0.1523686463263401
0.572509765625,0.15221688396846347,0.15221688396846347
0.5726318359375,0.15206519529885426,0.1520651952988543
0.57275390625,0.1519135803391729,0.1519135803391729
0.5728759765625,0.15176203911105737,0.15176203911105737
0.572998046875,0.15161057163612304,0.15161057163612301
0.5731201171875,0.15145917793596264,0.15145917793596264
0.5732421875,0.15130785803214644,0.15130785803214647
0.5733642578125,0.15115661194622204,0.15115661194622204
0.573486328125,0.15100543969971428,0.15100543969971428
0.5736083984375,0.15085434131412548,0.15085434131412548
0.57373046875,0.15070331681093513,0.15070331681093516
0.5738525390625,0.15055236621160017,0.15055236621160017
0.573974609375,0.15040148953755467,0.15040148953755467
0.5740966796875,0.15025068681021,0.15025068681020998
0.57421875,0.15009995805095472,0.15009995805095472
0.5743408203125,0.1499493032811547,0.1499493032811547
0.574462890625,0.1497987225221527,0.14979872252215273
0.5745849609375,0.14964821579526902,0.14964821579526902
0.57470703125,0.14949778312180076,0.14949778312180073
0.5748291015625,0.14934742452302233,0.14934742452302235
0.574951171875,0.14919714002018514,0.14919714002018514
0.5750732421875,0.14904692963451768,0.14904692963451768
0.5751953125,0.1488967933872255,0.1488967933872255
0.5753173828125,0.14874673129949112,0.14874673129949112
0.575439453125,0.14859674339247408,0.14859674339247408
0.5755615234375,0.14844682968731088,0.1484468296873109
0.57568359375,0.14829699020511508,0.14829699020511508
0.5758056640625,0.14814722496697696,0.14814722496697696
0.575927734375,0.14799753399396395,0.14799753399396393
0.5760498046875,0.14784791730712013,0.1478479173071201
0.576171875,0.1476983749274665,0.1476983749274665
0.5762939453125,0.14754890687600108,0.14754890687600108
0.576416015625,0.14739951317369845,0.14739951317369845
0.5765380859375,0.14725019384151014,0.14725019384151014
0.57666015625,0.14710094890036438,0.14710094890036443
0.5767822265625,0.14695177837116624,0.14695177837116624
0.576904296875,0.14680268227479737,0.14680268227479737
0.5770263671875,0.14665366063211618,0.1466536606321162
0.5771484375,0.14650471346395783,0.1465047134639578
0.5772705078125,0.146355840791134,0.146355840791134
0.577392578125,0.14620704263443315,0.14620704263443315
0.5775146484375,0.14605831901462019,0.14605831901462019
0.57763671875,0.1459096699524368,0.1459096699524368
0.5777587890625,0.14576109546860097,0.14576109546860094
0.577880859375,0.14561259558380749,0.14561259558380754
0.5780029296875,0.14546417031872758,0.14546417031872758
0.578125,0.14531581969400884,0.14531581969400884
0.5782470703125,0.14516754373027546,0.14516754373027546
0.578369140625,0.14501934244812806,0.14501934244812806
0.5784912109375,0.14487121586814364,0.14487121586814364
0.57861328125,0.14472316401087562,0.14472316401087565
0.5787353515625,0.1445751868968539,0.1445751868968539
0.578857421875,0.1444272845465845,0.14442728454658446
0.5789794921875,0.14427945698054995,0.14427945698054997
0.5791015625,0.14413170421920912,0.14413170421920912
0.5792236328125,0.143984026282997,0.143984026282997
0.579345703125,0.14383642319232495,0.14383642319232495
0.5794677734375,0.1436888949675806,0.1436888949675806
0.57958984375,0.1435414416291277,0.1435414416291277
0.5797119140625,0.1433940631973062,0.14339406319730622
0.579833984375,0.1432467596924323,0.1432467596924323
0.5799560546875,0.14309953113479826,0.14309953113479826
0.580078125,0.1429523775446725,0.14295237754467252
0.5802001953125,0.14280529894229954,0.14280529894229957
0.580322265625,0.14265829534789992,0.14265829534789992
0.5804443359375,0.1425113667816703,0.1425113667816703
0.58056640625,0.14236451326378333,0.14236451326378333
0.5806884765625,0.1422177348143877,0.1422177348143877
0.580810546875,0.14207103145360797,0.14207103145360797
0.5809326171875,0.14192440320154479,0.14192440320154476
0.5810546875,0.14177785007827462,0.14177785007827462
0.5811767578125,0.14163137210384993,0.14163137210384993
0.581298828125,0.14148496929829907,0.14148496929829907
0.5814208984375,0.14133864168162613,0.14133864168162613
0.58154296875,0.14119238927381114,0.14119238927381114
0.5816650390625,0.14104621209480994,0.14104621209480994
0.581787109375,0.14090011016455412,0.14090011016455412
0.5819091796875,0.14075408350295104,0.14075408350295104
0.58203125,0.14060813212988382,0.14060813212988382
0.5821533203125,0.1404622560652113,0.1404622560652113
0.582275390625,0.14031645532876794,0.14031645532876796
0.5823974609375,0.14017072994036398,0.140170729940364
0.58251953125,0.14002507991978527,0.14002507991978527
0.5826416015625,0.1398795052867932,0.1398795052867932
0.582763671875,0.13973400606112482,0.13973400606112485
0.5828857421875,0.13958858226249285,0.13958858226249285
0.5830078125,0.1394432339105853,0.1394432339105853
0.5831298828125,0.13929796102506603,0.139297961025066
0.583251953125,0.13915276362557408,0.13915276362557408
0.5833740234375,0.13900764173172417,0.13900764173172417
0.58349609375,0.13886259536310644,0.13886259536310644
0.5836181640625,0.13871762453928643,0.13871762453928643
0.583740234375,0.13857272927980505,0.13857272927980507
0.5838623046875,0.1384279096041787,0.1384279096041787
0.583984375,0.13828316553189895,0.13828316553189893
0.5841064453125,0.1381384970824329,0.1381384970824329
0.584228515625,0.13799390427522285,0.13799390427522285
0.5843505859375,0.13784938712968633,0.13784938712968636
0.58447265625,0.1377049456652163,0.1377049456652163
0.5845947265625,0.1375605799011807,0.1375605799011807
0.584716796875,0.137416289856923,0.137416289856923
0.5848388671875,0.13727207555176155,0.13727207555176157
0.5849609375,0.13712793700499004,0.13712793700499
0.5850830078125,0.13698387423587716,0.13698387423587716
0.585205078125,0.13683988726366683,0.13683988726366683
0.5853271484375,0.13669597610757808,0.13669597610757808
0.58544921875,0.13655214078680483,0.13655214078680486
0.5855712890625,0.1364083813205162,0.1364083813205162
0.585693359375,0.13626469772785627,0.13626469772785624
0.5858154296875,0.136121090027944,0.13612109002794398
0.5859375,0.13597755823987348,0.13597755823987348
0.5860595703125,0.13583410238271368,0.1358341023827137
0.586181640625,0.13569072247550845,0.13569072247550845
0.5863037109375,0.1355474185372765,0.1355474185372765
0.58642578125,0.1354041905870115,0.13540419058701147
0.5865478515625,0.13526103864368186,0.13526103864368186
0.586669921875,0.13511796272623086,0.1351179627262309
0.5867919921875,0.13497496285357657,0.13497496285357655
0.5869140625,0.13483203904461177,0.13483203904461177
0.5870361328125,0.13468919131820403,0.13468919131820403
0.587158203125,0.13454641969319564,0.13454641969319564
0.5872802734375,0.13440372418840352,0.13440372418840352
0.58740234375,0.13426110482261924,0.1342611048226193
0.5875244140625,0.13411856161460917,0.13411856161460917
0.587646484375,0.1339760945831141,0.1339760945831141
0.5877685546875,0.13383370374684952,0.13383370374684952
0.587890625,0.13369138912450537,0.13369138912450537
0.5880126953125,0.1335491507347463,0.1335491507347463
0.588134765625,0.1334069885962113,0.1334069885962113
0.5882568359375,0.1332649027275139,0.13326490272751396
0.58837890625,0.13312289314724227,0.13312289314724227
0.5885009765625,0.13298095987395872,0.13298095987395872
0.588623046875,0.13283910292620013,0.1328391029262001
0.5887451171875,0.13269732232247775,0.13269732232247775
0.5888671875,0.13255561808127717,0.13255561808127717
0.5889892578125,0.13241399022105838,0.1324139902210584
0.589111328125,0.1322724387602556,0.1322724387602556
0.5892333984375,0.13213096371727737,0.13213096371727737
0.58935546875,0.1319895651105065,0.1319895651105065
0.5894775390625,0.1318482429583,0.13184824295829997
0.589599609375,0.13170699727898902,0.13170699727898902
0.5897216796875,0.1315658280908791,0.1315658280908791
0.58984375,0.13142473541224978,0.13142473541224978
0.5899658203125,0.13128371926135474,0.13128371926135474
0.590087890625,0.13114277965642182,0.13114277965642182
0.5902099609375,0.13100191661565286,0.13100191661565286
0.59033203125,0.13086113015722384,0.1308611301572238
0.5904541015625,0.13072042029928474,0.1307204202992847
0.590576171875,0.13057978705995946,0.13057978705995946
0.5906982421875,0.13043923045734604,0.13043923045734607
0.5908203125,0.13029875050951634,0.13029875050951634
0.5909423828125,0.13015834723451616,0.13015834723451616
0.591064453125,0.1300180206503653,0.1300180206503653
0.5911865234375,0.1298777707750573,0.1298777707750573
0.59130859375,0.12973759762655965,0.12973759762655962
0.5914306640625,0.12959750122281355,0.12959750122281355
0.591552734375,0.12945748158173412,0.12945748158173412
0.5916748046875,0.12931753872121016,0.12931753872121018
0.591796875,0.12917767265910432,0.12917767265910432
0.5919189453125,0.12903788341325287,0.12903788341325287
0.592041015625,0.12889817100146575,0.12889817100146575
0.5921630859375,0.1287585354415267,0.12875853544152666
0.59228515625,0.12861897675119294,0.12861897675119294
0.5924072265625,0.12847949494819544,0.12847949494819544
0.592529296875,0.1283400900502386,0.1283400900502386
0.5926513671875,0.12820076207500064,0.12820076207500064
0.5927734375,0.12806151104013302,0.12806151104013302
0.5928955078125,0.12792233696326089,0.1279223369632609
0.593017578125,0.12778323986198287,0.12778323986198287
0.5931396484375,0.12764421975387094,0.12764421975387094
0.59326171875,0.12750527665647068,0.12750527665647066
0.5933837890625,0.12736641058730083,0.12736641058730083
0.593505859375,0.12722762156385378,0.12722762156385378
0.5936279296875,0.1270889096035951,0.1270889096035951
0.59375,0.12695027472396364,0.12695027472396364
0.5938720703125,0.12681171694237175,0.12681171694237175
0.593994140625,0.12667323627620491,0.1266732362762049
0.5941162109375,0.1265348327428218,0.1265348327428218
0.59423828125,0.12639650635955446,0.1263965063595545
0.5943603515625,0.12625825714370809,0.12625825714370809
0.594482421875,0.1261200851125609,0.1261200851125609
0.5946044921875,0.12598199028336446,0.12598199028336446
0.5947265625,0.12584397267334338,0.12584397267334338
0.5948486328125,0.12570603229969524,0.12570603229969524
0.594970703125,0.12556816917959082,0.12556816917959082
0.5950927734375,0.12543038333017384,0.12543038333017387
0.59521484375,0.12529267476856115,0.12529267476856118
0.5953369140625,0.12515504351184248,0.12515504351184248
0.595458984375,0.1250174895770805,0.1250174895770805
0.5955810546875,0.12488001298131085,0.12488001298131085
0.595703125,0.1247426137415421,0.12474261374154207
0.5958251953125,0.12460529187475558,0.12460529187475558
0.595947265625,0.1244680473979056,0.1244680473979056
0.5960693359375,0.12433088032791924,0.12433088032791924
0.59619140625,0.12419379068169631,0.12419379068169628
0.5963134765625,0.12405677847610948,0.12405677847610948
0.596435546875,0.12391984372800408,0.12391984372800408
0.5965576171875,0.12378298645419819,0.12378298645419819
0.5966796875,0.12364620667148261,0.12364620667148261
0.5968017578125,0.12350950439662073,0.12350950439662076
0.596923828125,0.12337287964634865,0.12337287964634865
0.5970458984375,0.12323633243737495,0.12323633243737495
0.59716796875,0.12309986278638088,0.12309986278638088
0.5972900390625,0.12296347071002021,0.12296347071002021
0.597412109375,0.1228271562249193,0.1228271562249193
0.5975341796875,0.12269091934767683,0.12269091934767686
0.59765625,0.12255476009486423,0.1225547600948642
0.5977783203125,0.12241867848302504,0.12241867848302504
0.597900390625,0.12228267452867546,0.12228267452867546
0.5980224609375,0.12214674824830399,0.12214674824830399
0.59814453125,0.12201089965837143,0.12201089965837143
0.5982666015625,0.12187512877531105,0.12187512877531105
0.598388671875,0.12173943561552829,0.12173943561552829
0.5985107421875,0.12160382019540095,0.12160382019540095
0.5986328125,0.12146828253127905,0.12146828253127905
0.5987548828125,0.1213328226394848,0.1213328226394848
0.598876953125,0.12119744053631268,0.12119744053631268
0.5989990234375,0.12106213623802928,0.12106213623802928
0.59912109375,0.12092690976087331,0.12092690976087331
0.5992431640625,0.12079176112105568,0.12079176112105568
0.599365234375,0.12065669033475929,0.12065669033475929
0.5994873046875,0.12052169741813913,0.12052169741813913
0.599609375,0.12038678238732224,0.12038678238732221
0.5997314453125,0.12025194525840763,0.12025194525840763
0.599853515625,0.1201171860474663,0.12011718604746632
0.5999755859375,0.11998250477054119,0.11998250477054122
0.60009765625,0.1198479014436472,0.1198479014436472
0.6002197265625,0.11971337608277102,0.11971337608277105
0.600341796875,0.1195789287038713,0.1195789287038713
0.6004638671875,0.11944455932287851,0.11944455932287851
0.6005859375,0.11931026795569485,0.11931026795569485
0.6007080078125,0.1191760546181944,0.1191760546181944
0.600830078125,0.11904191932622292,0.11904191932622292
0.6009521484375,0.11890786209559794,0.11890786209559796
0.60107421875,0.11877388294210867,0.11877388294210867
0.6011962890625,0.11863998188151595,0.11863998188151595
0.601318359375,0.11850615892955231,0.11850615892955231
0.6014404296875,0.11837241410192187,0.11837241410192187
0.6015625,0.11823874741430035,0.11823874741430035
0.6016845703125,0.11810515888233501,0.11810515888233501
0.601806640625,0.1179716485216446,0.1179716485216446
0.6019287109375,0.11783821634781948,0.11783821634781948
0.60205078125,0.11770486237642135,0.11770486237642135
0.6021728515625,0.11757158662298342,0.11757158662298345
0.602294921875,0.11743838910301037,0.11743838910301034
0.6024169921875,0.1173052698319781,0.1173052698319781
0.6025390625,0.11717222882533405,0.11717222882533405
0.6026611328125,0.1170392660984969,0.1170392660984969
0.602783203125,0.11690638166685662,0.11690638166685662
0.6029052734375,0.11677357554577449,0.11677357554577449
0.60302734375,0.11664084775058305,0.11664084775058305
0.6031494140625,0.11650819829658599,0.11650819829658596
0.603271484375,0.11637562719905822,0.11637562719905822
0.6033935546875,0.11624313447324584,0.11624313447324588
0.603515625,0.11611072013436609,0.11611072013436609
0.6036376953125,0.11597838419760723,0.11597838419760723
0.603759765625,0.11584612667812866,0.11584612667812866
0.6038818359375,0.11571394759106082,0.11571394759106082
0.60400390625,0.11558184695150517,0.11558184695150517
0.6041259765625,0.11544982477453414,0.11544982477453417
0.604248046875,0.11531788107519113,0.1153178810751911
0.6043701171875,0.11518601586849044,0.11518601586849046
0.6044921875,0.11505422916941736,0.11505422916941735
0.6046142578125,0.11492252099292796,0.11492252099292796
0.604736328125,0.1147908913539492,0.1147908913539492
0.6048583984375,0.11465934026737887,0.11465934026737887
0.60498046875,0.1145278677480855,0.1145278677480855
0.6051025390625,0.11439647381090842,0.11439647381090842
0.605224609375,0.11426515847065771,0.11426515847065771
0.6053466796875,0.11413392174211405,0.11413392174211408
0.60546875,0.11400276364002897,0.11400276364002897
0.6055908203125,0.11387168417912442,0.11387168417912442
0.605712890625,0.11374068337409318,0.11374068337409318
0.6058349609375,0.11360976123959846,0.11360976123959846
0.60595703125,0.11347891779027411,0.11347891779027408
0.6060791015625,0.11334815304072446,0.11334815304072446
0.606201171875,0.1132174670055244,0.1132174670055244
0.6063232421875,0.11308685969921924,0.11308685969921926
0.6064453125,0.11295633113632474,0.11295633113632474
0.6065673828125,0.11282588133132707,0.11282588133132708
0.606689453125,0.11269551029868283,0.11269551029868285
0.6068115234375,0.11256521805281892,0.11256521805281892
0.60693359375,0.11243500460813255,0.11243500460813255
0.6070556640625,0.11230486997899128,0.11230486997899128
0.607177734375,0.1121748141797329,0.11217481417973288
0.6072998046875,0.11204483722466545,0.11204483722466546
0.607421875,0.11191493912806719,0.11191493912806719
0.6075439453125,0.1117851199041865,0.11178511990418653
0.607666015625,0.11165537956724203,0.11165537956724203
0.6077880859375,0.11152571813142244,0.11152571813142247
0.60791015625,0.11139613561088652,0.11139613561088652
0.6080322265625,0.1112666320197631,0.1112666320197631
0.608154296875,0.11113720737215103,0.11113720737215102
0.6082763671875,0.11100786168211925,0.11100786168211924
0.6083984375,0.11087859496370657,0.11087859496370657
0.6085205078125,0.11074940723092185,0.11074940723092185
0.608642578125,0.1106202984977437,0.1106202984977437
0.6087646484375,0.11049126877812078,0.11049126877812078
0.60888671875,0.11036231808597154,0.11036231808597154
0.6090087890625,0.11023344643518425,0.11023344643518422
0.609130859375,0.11010465383961693,0.11010465383961693
0.6092529296875,0.1099759403130975,0.1099759403130975
0.609375,0.1098473058694235,0.10984730586942347
0.6094970703125,0.10971875052236216,0.10971875052236216
0.609619140625,0.10959027428565049,0.10959027428565049
0.6097412109375,0.10946187717299508,0.10946187717299508
0.60986328125,0.10933355919807212,0.10933355919807212
0.6099853515625,0.10920532037452749,0.10920532037452749
0.610107421875,0.10907716071597648,0.10907716071597647
0.6102294921875,0.10894908023600401,0.108949080236004
0.6103515625,0.10882107894816449,0.10882107894816449
0.6104736328125,0.10869315686598173,0.10869315686598173
0.610595703125,0.10856531400294908,0.10856531400294912
0.6107177734375,0.10843755037252922,0.10843755037252922
0.61083984375,0.10830986598815426,0.10830986598815426
0.6109619140625,0.10818226086322558,0.10818226086322558
0.611083984375,0.10805473501111398,0.10805473501111398
0.6112060546875,0.10792728844515946,0.10792728844515946
0.611328125,0.10779992117867135,0.10779992117867135
0.6114501953125,0.10767263322492816,0.10767263322492816
0.611572265625,0.10754542459717757,0.10754542459717756
0.6116943359375,0.10741829530863656,0.10741829530863653
0.61181640625,0.10729124537249106,0.10729124537249106
0.6119384765625,0.1071642748018963,0.1071642748018963
0.612060546875,0.10703738360997644,0.10703738360997642
0.6121826171875,0.1069105718098247,0.1069105718098247
0.6123046875,0.10678383941450345,0.10678383941450345
0.6124267578125,0.10665718643704386,0.10665718643704386
0.612548828125,0.10653061289044619,0.10653061289044621
0.6126708984375,0.10640411878767961,0.10640411878767964
0.61279296875,0.10627770414168214,0.10627770414168214
0.6129150390625,0.10615136896536068,0.10615136896536063
0.613037109375,0.10602511327159092,0.10602511327159092
0.6131591796875,0.10589893707321743,0.10589893707321743
0.61328125,0.1057728403830536,0.1057728403830536
0.6134033203125,0.10564682321388139,0.10564682321388139
0.613525390625,0.10552088557845161,0.10552088557845161
0.6136474609375,0.10539502748948375,0.10539502748948375
0.61376953125,0.1052692489596658,0.10526924895966584
0.6138916015625,0.10514355000165465,0.10514355000165465
0.614013671875,0.1050179306280755,0.1050179306280755
0.6141357421875,0.10489239085152224,0.10489239085152224
0.6142578125,0.10476693068455731,0.1047669306845573
0.6143798828125,0.10464155013971155,0.10464155013971158
0.614501953125,0.1045162492294844,0.1045162492294844
0.6146240234375,0.10439102796634363,0.10439102796634363
0.61474609375,0.10426588636272544,0.10426588636272544
0.6148681640625,0.10414082443103445,0.10414082443103444
0.614990234375,0.10401584218364354,0.10401584218364354
0.6151123046875,0.10389093963289402,0.103890939632894
0.615234375,0.1037661167910954,0.10376611679109538
0.6153564453125,0.10364137367052538,0.10364137367052538
0.615478515625,0.10351671028343006,0.10351671028343006
0.6156005859375,0.10339212664202357,0.1033921266420236
0.61572265625,0.10326762275848832,0.10326762275848832
0.6158447265625,0.10314319864497472,0.10314319864497472
0.615966796875,0.10301885431360135,0.10301885431360135
0.6160888671875,0.10289458977645488,0.10289458977645488
0.6162109375,0.10277040504558997,0.10277040504558997
0.6163330078125,0.1026463001330293,0.1026463001330293
0.616455078125,0.10252227505076349,0.10252227505076349
0.6165771484375,0.10239832981075114,0.10239832981075114
0.61669921875,0.10227446442491878,0.10227446442491882
0.6168212890625,0.10215067890516079,0.10215067890516079
0.616943359375,0.10202697326333937,0.10202697326333934
0.6170654296875,0.10190334751128452,0.10190334751128452
0.6171875,0.10177980166079416,0.10177980166079419
0.6173095703125,0.10165633572363385,0.10165633572363383
0.617431640625,0.10153294971153684,0.10153294971153684
0.6175537109375,0.10140964363620415,0.10140964363620418
0.61767578125,0.10128641750930448,0.10128641750930448
0.6177978515625,0.10116327134247406,0.10116327134247405
0.617919921875,0.10104020514731678,0.10104020514731678
0.6180419921875,0.1009172189354041,0.1009172189354041
0.6181640625,0.10079431271827502,0.10079431271827502
0.6182861328125,0.10067148650743599,0.10067148650743599
0.618408203125,0.10054874031436097,0.10054874031436095
0.6185302734375,0.10042607415049135,0.10042607415049135
0.61865234375,0.10030348802723596,0.10030348802723596
0.6187744140625,0.10018098195597093,0.10018098195597093
0.618896484375,0.10005855594803985,0.10005855594803985
0.6190185546875,0.09993621001475349,0.09993621001475349
0.619140625,0.09981394416739002,0.09981394416738999
0.6192626953125,0.09969175841719476,0.09969175841719477
0.619384765625,0.09956965277538034,0.09956965277538034
0.6195068359375,0.09944762725312647,0.0994476272531265
0.61962890625,0.0993256818615802,0.09932568186158017
0.6197509765625,0.09920381661185543,0.09920381661185543
0.619873046875,0.0990820315150334,0.09908203151503339
0.6199951171875,0.09896032658216226,0.09896032658216226
0.6201171875,0.09883870182425726,0.09883870182425726
0.6202392578125,0.09871715725230062,0.09871715725230062
0.620361328125,0.09859569287724149,0.09859569287724153
0.6204833984375,0.09847430870999609,0.09847430870999609
0.62060546875,0.09835300476144734,0.09835300476144734
0.6207275390625,0.09823178104244515,0.09823178104244515
0.620849609375,0.09811063756380624,0.09811063756380624
0.6209716796875,0.09798957433631414,0.09798957433631414
0.62109375,0.09786859137071914,0.09786859137071914
0.6212158203125,0.0977476886777383,0.09774768867773828
0.621337890625,0.09762686626805532,0.09762686626805532
0.6214599609375,0.09750612415232067,0.09750612415232066
0.62158203125,0.09738546234115136,0.09738546234115136
0.6217041015625,0.0972648808451311,0.09726488084513109
0.621826171875,0.09714437967481011,0.09714437967481011
0.6219482421875,0.09702395884070518,0.09702395884070521
0.6220703125,0.09690361835329968,0.09690361835329968
0.6221923828125,0.0967833582230434,0.0967833582230434
0.622314453125,0.0966631784603525,0.0966631784603525
0.6224365234375,0.09654307907560973,0.09654307907560973
0.62255859375,0.0964230600791641,0.0964230600791641
0.6226806640625,0.09630312148133101,0.09630312148133101
0.622802734375,0.09618326329239214,0.09618326329239216
0.6229248046875,0.0960634855225956,0.0960634855225956
0.623046875,0.09594378818215556,0.09594378818215556
0.6231689453125,0.09582417128125253,0.09582417128125253
0.623291015625,0.0957046348300332,0.09570463483003318
0.6234130859375,0.09558517883861041,0.09558517883861041
0.62353515625,0.09546580331706311,0.0954658033170631
0.6236572265625,0.09534650827543636,0.09534650827543636
0.623779296875,0.09522729372374121,0.09522729372374124
0.6239013671875,0.09510815967195495,0.09510815967195495
0.6240234375,0.0949891061300206,0.09498910613002058
0.6241455078125,0.09487013310784728,0.09487013310784728
0.624267578125,0.09475124061531001,0.09475124061531001
0.6243896484375,0.09463242866224976,0.09463242866224975
0.62451171875,0.09451369725847325,0.09451369725847328
0.6246337890625,0.0943950464137532,0.09439504641375324
0.624755859375,0.09427647613782798,0.09427647613782798
0.6248779296875,0.09415798644040177,0.09415798644040177
0.625,0.09403957733114447,0.0940395773311445
0.6251220703125,0.09392124881969176,0.09392124881969177
0.625244140625,0.09380300091564493,0.09380300091564492
0.6253662109375,0.09368483362857087,0.09368483362857087
0.62548828125,0.09356674696800212,0.09356674696800212
0.6256103515625,0.09344874094343673,0.09344874094343676
0.625732421875,0.09333081556433843,0.09333081556433842
0.6258544921875,0.09321297084013629,0.09321297084013629
0.6259765625,0.0930952067802249,0.0930952067802249
0.6260986328125,0.09297752339396433,0.09297752339396433
0.626220703125,0.09285992069068004,0.09285992069068004
0.6263427734375,0.09274239867966283,0.09274239867966287
0.62646484375,0.09262495737016889,0.09262495737016889
0.6265869140625,0.09250759677141962,0.09250759677141962
0.626708984375,0.09239031689260178,0.09239031689260178
0.6268310546875,0.09227311774286735,0.09227311774286738
0.626953125,0.09215599933133349,0.0921559993313335
0.6270751953125,0.09203896166708256,0.0920389616670826
0.627197265625,0.09192200475916207,0.09192200475916207
0.6273193359375,0.09180512861658455,0.09180512861658459
0.62744140625,0.09168833324832772,0.09168833324832772
0.6275634765625,0.09157161866333424,0.09157161866333424
0.627685546875,0.0914549848705119,0.0914549848705119
0.6278076171875,0.09133843187873328,0.09133843187873328
0.6279296875,0.09122195969683604,0.09122195969683605
0.6280517578125,0.09110556833362274,0.09110556833362274
0.628173828125,0.09098925779786077,0.09098925779786074
0.6282958984375,0.0908730280982823,0.09087302809828231
0.62841796875,0.09075687924358448,0.09075687924358446
0.6285400390625,0.09064081124242904,0.09064081124242901
0.628662109375,0.09052482410344255,0.09052482410344258
0.6287841796875,0.09040891783521635,0.09040891783521632
0.62890625,0.09029309244630623,0.09029309244630623
0.6290283203125,0.09017734794523287,0.09017734794523287
0.629150390625,0.09006168434048137,0.09006168434048137
0.6292724609375,0.08994610164050154,0.08994610164050156
0.62939453125,0.08983059985370763,0.08983059985370763
0.6295166015625,0.08971517898847839,0.08971517898847842
0.629638671875,0.08959983905315713,0.08959983905315713
0.6297607421875,0.08948458005605152,0.08948458005605152
0.6298828125,0.08936940200543358,0.08936940200543361
0.6300048828125,0.08925430490953988,0.08925430490953988
0.630126953125,0.08913928877657117,0.08913928877657117
0.6302490234375,0.08902435361469255,0.08902435361469252
0.63037109375,0.08890949943203331,0.08890949943203333
0.6304931640625,0.08879472623668715,0.08879472623668715
0.630615234375,0.08868003403671183,0.08868003403671183
0.6307373046875,0.0885654228401293,0.08856542284012928
0.630859375,0.08845089265492563,0.08845089265492559
0.6309814453125,0.08833644348905101,0.08833644348905101
0.631103515625,0.08822207535041973,0.08822207535041976
0.6312255859375,0.08810778824691008,0.08810778824691008
0.63134765625,0.0879935821863643,0.08799358218636433
0.6314697265625,0.08787945717658867,0.08787945717658867
0.631591796875,0.0877654132253533,0.0877654132253533
0.6317138671875,0.08765145034039232,0.08765145034039233
0.6318359375,0.08753756852940363,0.08753756852940359
0.6319580078125,0.08742376780004892,0.0874237678000489
0.632080078125,0.0873100481599538,0.0873100481599538
0.6322021484375,0.08719640961670753,0.08719640961670753
0.63232421875,0.08708285217786316,0.08708285217786316
0.6324462890625,0.08696937585093738,0.08696937585093735
0.632568359375,0.08685598064341052,0.08685598064341052
0.6326904296875,0.08674266656272661,0.08674266656272661
0.6328125,0.08662943361629322,0.0866294336162932
0.6329345703125,0.08651628181148147,0.08651628181148147
0.633056640625,0.08640321115562592,0.08640321115562592
0.6331787109375,0.08629022165602478,0.0862902216560248
0.63330078125,0.08617731331993965,0.08617731331993965
0.6334228515625,0.08606448615459542,0.08606448615459543
0.633544921875,0.08595174016718053,0.08595174016718053
0.6336669921875,0.08583907536484665,0.08583907536484665
0.6337890625,0.08572649175470883,0.08572649175470883
0.6339111328125,0.08561398934384536,0.08561398934384536
0.634033203125,0.08550156813929775,0.08550156813929778
0.6341552734375,0.08538922814807084,0.08538922814807084
0.63427734375,0.08527696937713249,0.08527696937713249
0.6343994140625,0.08516479183341376,0.08516479183341379
0.634521484375,0.08505269552380886,0.08505269552380886
0.6346435546875,0.084940680455175,0.08494068045517499
0.634765625,0.08482874663433244,0.08482874663433246
0.6348876953125,0.08471689406806451,0.08471689406806451
0.635009765625,0.08460512276311741,0.08460512276311741
0.6351318359375,0.08449343272620032,0.08449343272620032
0.63525390625,0.0843818239639853,0.0843818239639853
0.6353759765625,0.08427029648310733,0.08427029648310733
0.635498046875,0.08415885029016411,0.0841588502901641
0.6356201171875,0.08404748539171623,0.08404748539171622
0.6357421875,0.08393620179428696,0.08393620179428696
0.6358642578125,0.08382499950436238,0.0838249995043624
0.635986328125,0.08371387852839121,0.08371387852839121
0.6361083984375,0.08360283887278482,0.0836028388727848
0.63623046875,0.08349188054391714,0.08349188054391715
0.6363525390625,0.08338100354812486,0.08338100354812486
0.636474609375,0.083270207891707,0.08327020789170704
0.6365966796875,0.0831594935809253,0.08315949358092531
0.63671875,0.08304886062200384,0.08304886062200384
0.6368408203125,0.08293830902112914,0.08293830902112914
0.636962890625,0.08282783878445024,0.08282783878445023
0.6370849609375,0.08271744991807843,0.08271744991807845
0.63720703125,0.08260714242808746,0.08260714242808748
0.6373291015625,0.08249691632051327,0.08249691632051329
0.637451171875,0.08238677160135417,0.08238677160135417
0.6375732421875,0.08227670827657062,0.0822767082765706
0.6376953125,0.08216672635208533,0.08216672635208533
0.6378173828125,0.08205682583378314,0.08205682583378314
0.637939453125,0.08194700672751107,0.08194700672751104
0.6380615234375,0.08183726903907818,0.08183726903907816
0.63818359375,0.08172761277425558,0.08172761277425558
0.6383056640625,0.08161803793877649,0.0816180379387765
0.638427734375,0.08150854453833606,0.08150854453833606
0.6385498046875,0.08139913257859134,0.08139913257859134
0.638671875,0.08128980206516143,0.08128980206516144
0.6387939453125,0.08118055300362718,0.08118055300362718
0.638916015625,0.08107138539953135,0.08107138539953135
0.6390380859375,0.08096229925837851,0.08096229925837853
0.63916015625,0.08085329458563505,0.08085329458563505
0.6392822265625,0.08074437138672895,0.08074437138672896
0.639404296875,0.08063552966705008,0.0806355296670501
0.6395263671875,0.0805267694319499,0.0805267694319499
0.6396484375,0.08041809068674145,0.08041809068674145
0.6397705078125,0.08030949343669948,0.08030949343669946
0.639892578125,0.08020097768706021,0.08020097768706022
0.6400146484375,0.08009254344302146,0.08009254344302146
0.64013671875,0.07998419070974248,0.07998419070974248
0.6402587890625,0.07987591949234403,0.07987591949234403
0.640380859375,0.07976772979590828,0.07976772979590828
0.6405029296875,0.07965962162547877,0.07965962162547877
0.640625,0.07955159498606038,0.07955159498606039
0.6407470703125,0.07944364988261937,0.07944364988261936
0.640869140625,0.07933578632008319,0.0793357863200832
0.6409912109375,0.07922800430334061,0.0792280043033406
0.64111328125,0.07912030383724157,0.07912030383724157
0.6412353515625,0.0790126849265972,0.0790126849265972
0.641357421875,0.07890514757617975,0.07890514757617975
0.6414794921875,0.0787976917907226,0.07879769179072259
0.6416015625,0.07869031757492018,0.07869031757492018
0.6417236328125,0.07858302493342795,0.07858302493342795
0.641845703125,0.07847581387086233,0.07847581387086235
0.6419677734375,0.07836868439180078,0.07836868439180078
0.64208984375,0.07826163650078165,0.07826163650078163
0.6422119140625,0.07815467020230411,0.0781546702023041
0.642333984375,0.07804778550082825,0.07804778550082828
0.6424560546875,0.077940982400775,0.07794098240077502
0.642578125,0.07783426090652605,0.07783426090652605
0.6427001953125,0.07772762102242374,0.07772762102242374
0.642822265625,0.07762106275277125,0.07762106275277127
0.6429443359375,0.07751458610183239,0.07751458610183239
0.64306640625,0.07740819107383158,0.07740819107383158
0.6431884765625,0.07730187767295382,0.07730187767295382
0.643310546875,0.0771956459033448,0.07719564590334478
0.6434326171875,0.07708949576911055,0.07708949576911056
0.6435546875,0.07698342727431776,0.07698342727431777
0.6436767578125,0.0768774404229935,0.0768774404229935
0.643798828125,0.07677153521912526,0.07677153521912526
0.6439208984375,0.07666571166666092,0.07666571166666093
0.64404296875,0.07655996976950874,0.07655996976950874
0.6441650390625,0.07645430953153722,0.07645430953153723
0.644287109375,0.07634873095657524,0.07634873095657524
0.6444091796875,0.07624323404841184,0.07624323404841184
0.64453125,0.07613781881079627,0.07613781881079629
0.6446533203125,0.07603248524743801,0.07603248524743801
0.644775390625,0.07592723336200662,0.07592723336200662
0.6448974609375,0.07582206315813173,0.07582206315813171
0.64501953125,0.07571697463940308,0.07571697463940308
0.6451416015625,0.07561196780937043,0.07561196780937045
0.645263671875,0.07550704267154351,0.0755070426715435
0.6453857421875,0.075402199229392,0.075402199229392
0.6455078125,0.0752974374863455,0.0752974374863455
0.6456298828125,0.07519275744579353,0.07519275744579351
0.645751953125,0.07508815911108534,0.07508815911108535
0.6458740234375,0.07498364248553012,0.07498364248553013
0.64599609375,0.07487920757239674,0.07487920757239674
0.6461181640625,0.07477485437491382,0.07477485437491382
0.646240234375,0.07467058289626972,0.07467058289626972
0.6463623046875,0.07456639313961241,0.07456639313961241
0.646484375,0.07446228510804952,0.07446228510804952
0.6466064453125,0.0743582588046482,0.0743582588046482
0.646728515625,0.07425431423243525,0.07425431423243525
0.6468505859375,0.07415045139439691,0.07415045139439694
0.64697265625,0.07404667029347896,0.07404667029347896
0.6470947265625,0.07394297093258656,0.07394297093258656
0.647216796875,0.07383935331458429,0.07383935331458427
0.6473388671875,0.07373581744229611,0.07373581744229611
0.6474609375,0.07363236331850535,0.07363236331850535
0.6475830078125,0.07352899094595457,0.07352899094595457
0.647705078125,0.0734257003273456,0.0734257003273456
0.6478271484375,0.07332249146533956,0.07332249146533956
0.64794921875,0.0732193643625567,0.0732193643625567
0.6480712890625,0.07311631902157639,0.07311631902157639
0.648193359375,0.07301335544493716,0.07301335544493716
0.6483154296875,0.07291047363513661,0.07291047363513663
0.6484375,0.0728076735946314,0.0728076735946314
0.6485595703125,0.07270495532583715,0.07270495532583715
0.648681640625,0.07260231883112848,0.07260231883112846
0.6488037109375,0.07249976411283886,0.07249976411283887
0.64892578125,0.07239729117326081,0.0723972911732608
0.6490478515625,0.07229490001464554,0.07229490001464554
0.649169921875,0.07219259063920322,0.07219259063920322
0.6492919921875,0.07209036304910267,0.07209036304910267
0.6494140625,0.07198821724647154,0.07198821724647157
0.6495361328125,0.07188615323339624,0.07188615323339624
0.649658203125,0.0717841710119217,0.0717841710119217
0.6497802734375,0.07168227058405158,0.07168227058405158
0.64990234375,0.07158045195174816,0.07158045195174816
0.6500244140625,0.07147871511693223,0.07147871511693223
0.650146484375,0.07137706008148313,0.07137706008148313
0.6502685546875,0.07127548684723871,0.07127548684723868
0.650390625,0.07117399541599517,0.07117399541599517
0.6505126953125,0.07107258578950727,0.07107258578950727
0.650634765625,0.07097125796948807,0.07097125796948808
0.6507568359375,0.07087001195760896,0.07087001195760896
0.65087890625,0.07076884775549964,0.07076884775549964
0.6510009765625,0.07066776536474811,0.07066776536474811
0.651123046875,0.07056676478690056,0.07056676478690056
0.6512451171875,0.07046584602346141,0.07046584602346141
0.6513671875,0.07036500907589319,0.0703650090758932
0.6514892578125,0.07026425394561658,0.07026425394561658
0.651611328125,0.07016358063401036,0.07016358063401039
0.6517333984375,0.07006298914241135,0.07006298914241135
0.65185546875,0.06996247947211429,0.06996247947211429
0.6519775390625,0.06986205162437197,0.06986205162437198
0.652099609375,0.06976170560039517,0.06976170560039517
0.6522216796875,0.06966144140135243,0.06966144140135243
0.65234375,0.06956125902837025,0.06956125902837025
0.6524658203125,0.06946115848253294,0.06946115848253291
0.652587890625,0.0693611397648825,0.06936113976488252
0.6527099609375,0.06926120287641886,0.06926120287641886
0.65283203125,0.06916134781809948,0.06916134781809948
0.6529541015625,0.06906157459083959,0.06906157459083959
0.653076171875,0.06896188319551204,0.06896188319551201
0.6531982421875,0.06886227363294724,0.06886227363294724
0.6533203125,0.06876274590393323,0.06876274590393325
0.6534423828125,0.06866330000921556,0.06866330000921556
0.653564453125,0.06856393594949722,0.06856393594949721
0.6536865234375,0.06846465372543865,0.06846465372543865
0.65380859375,0.06836545333765778,0.06836545333765778
0.6539306640625,0.06826633478672985,0.06826633478672986
0.654052734375,0.06816729807318746,0.06816729807318746
0.6541748046875,0.0680683431975205,0.0680683431975205
0.654296875,0.06796947016017614,0.06796947016017615
0.6544189453125,0.06787067896155875,0.06787067896155877
0.654541015625,0.06777196960202993,0.06777196960202994
0.6546630859375,0.0676733420819084,0.0676733420819084
0.65478515625,0.06757479640147002,0.06757479640147
0.6549072265625,0.06747633256094766,0.06747633256094766
0.655029296875,0.06737795056053132,0.06737795056053134
0.6551513671875,0.06727965040036797,0.06727965040036797
0.6552734375,0.06718143208056153,0.06718143208056153
0.6553955078125,0.06708329560117286,0.06708329560117285
0.655517578125,0.06698524096221968,0.06698524096221967
0.6556396484375,0.0668872681636766,0.0668872681636766
0.65576171875,0.06678937720547505,0.06678937720547506
0.6558837890625,0.06669156808750322,0.06669156808750323
0.656005859375,0.06659384080960605,0.06659384080960605
0.6561279296875,0.06649619537158515,0.06649619537158515
0.65625,0.06639863177319882,0.06639863177319882
0.6563720703125,0.06630115001416202,0.06630115001416202
0.656494140625,0.06620375009414627,0.06620375009414625
0.6566162109375,0.06610643201277959,0.06610643201277959
0.65673828125,0.06600919576964663,0.06600919576964663
0.6568603515625,0.06591204136428841,0.06591204136428841
0.656982421875,0.06581496879620248,0.06581496879620248
0.6571044921875,0.0657179780648427,0.06571797806484271
0.6572265625,0.06562106916961938,0.06562106916961938
0.6573486328125,0.06552424210989911,0.06552424210989911
0.657470703125,0.0654274968850048,0.0654274968850048
0.6575927734375,0.06533083349421556,0.06533083349421555
0.65771484375,0.06523425193676677,0.06523425193676677
0.6578369140625,0.06513775221184995,0.06513775221184995
0.657958984375,0.0650413343186128,0.0650413343186128
0.6580810546875,0.06494499825615908,0.06494499825615908
0.658203125,0.06484874402354865,0.06484874402354865
0.6583251953125,0.06475257161979736,0.06475257161979735
0.658447265625,0.06465648104387707,0.06465648104387707
0.6585693359375,0.06456047229471559,0.0645604722947156
0.65869140625,0.06446454537119665,0.06446454537119665
0.6588134765625,0.06436870027215984,0.06436870027215985
0.658935546875,0.0642729369964006,0.0642729369964006
0.6590576171875,0.06417725554267018,0.06417725554267019
0.6591796875,0.06408165590967556,0.06408165590967556
0.6593017578125,0.06398613809607945,0.06398613809607945
0.659423828125,0.06389070210050031,0.06389070210050031
0.6595458984375,0.06379534792151216,0.06379534792151216
0.65966796875,0.06370007555764468,0.06370007555764468
0.6597900390625,0.06360488500738314,0.06360488500738314
0.659912109375,0.0635097762691683,0.0635097762691683
0.6600341796875,0.06341474934139645,0.06341474934139645
0.66015625,0.06331980422241933,0.06331980422241931
0.6602783203125,0.06322494091054409,0.06322494091054409
0.660400390625,0.06313015940403333,0.06313015940403333
0.6605224609375,0.06303545970110488,0.06303545970110488
0.66064453125,0.06294084179993198,0.06294084179993199
0.6607666015625,0.06284630569864312,0.06284630569864313
0.660888671875,0.06275185139532202,0.06275185139532202
0.6610107421875,0.06265747888800757,0.06265747888800757
0.6611328125,0.0625631881746938,0.0625631881746938
0.6612548828125,0.06246897925332997,0.062468979253329955
0.661376953125,0.06237485212182027,0.06237485212182027
0.6614990234375,0.06228080677802408,0.06228080677802408
0.66162109375,0.062186843219755684,0.06218684321975569
0.6617431640625,0.06209296144478438,0.06209296144478438
0.661865234375,0.06199916145083438,0.06199916145083438
0.6619873046875,0.06190544323558482,0.06190544323558482
0.662109375,0.06181180679666963,0.06181180679666963
0.6622314453125,0.061718252131677614,0.061718252131677614
0.662353515625,0.06162477923815232,0.06162477923815232
0.6624755859375,0.06153138811359209,0.06153138811359209
0.66259765625,0.061438078755449904,0.061438078755449904
0.6627197265625,0.06134485116113343,0.06134485116113343
0.662841796875,0.06125170532800497,0.06125170532800497
0.6629638671875,0.06115864125338145,0.061158641253381434
0.6630859375,0.06106565893453424,0.06106565893453424
0.6632080078125,0.060972758368689366,0.06097275836868935
0.663330078125,0.0608799395530272,0.06087993955302719
0.6634521484375,0.06078720248468264,0.06078720248468266
0.66357421875,0.06069454716074497,0.06069454716074497
0.6636962890625,0.0606019735782578,0.0606019735782578
0.663818359375,0.06050948173421906,0.06050948173421906
0.6639404296875,0.060417071625581034,0.060417071625581034
0.6640625,0.06032474324925016,0.06032474324925016
0.6641845703125,0.06023249660208717,0.06023249660208718
0.664306640625,0.06014033168090691,0.06014033168090691
0.6644287109375,0.06004824848247842,0.06004824848247842
0.66455078125,0.059956247003524726,0.059956247003524726
0.6646728515625,0.05986432724072304,0.059864327240723055
0.664794921875,0.059772489190704534,0.059772489190704534
0.6649169921875,0.059680732850054305,0.05968073285005433
0.6650390625,0.05958905821531153,0.05958905821531152
0.6651611328125,0.05949746528296916,0.05949746528296916
0.665283203125,0.05940595404947408,0.05940595404947408
0.6654052734375,0.059314524511226985,0.059314524511226985
0.66552734375,0.059223176664582385,0.059223176664582385
0.6656494140625,0.05913191050584852,0.05913191050584852
0.665771484375,0.059040726031287336,0.059040726031287336
0.6658935546875,0.05894962323711447,0.05894962323711447
0.666015625,0.05885860211949921,0.0588586021194992
0.6661376953125,0.05876766267456444,0.05876766267456442
0.666259765625,0.058676804898386566,0.058676804898386566
0.6663818359375,0.058586028786995585,0.058586028786995585
0.66650390625,0.05849533433637495,0.05849533433637495
0.6666259765625,0.05840472154246155,0.05840472154246155
0.666748046875,0.058314190401145695,0.058314190401145695
0.6668701171875,0.05822374090827107,0.05822374090827107
0.6669921875,0.0581333730596347,0.0581333730596347
0.6671142578125,0.0580430868509869,0.0580430868509869
0.667236328125,0.05795288227803122,0.05795288227803122
0.6673583984375,0.05786275933642448,0.05786275933642448
0.66748046875,0.05777271802177662,0.05777271802177663
0.6676025390625,0.057682758329650814,0.057682758329650814
0.667724609375,0.05759288025556323,0.057592880255563236
0.6678466796875,0.0575030837949832,0.05750308379498321
0.66796875,0.05741336894333303,0.05741336894333303
0.6680908203125,0.05732373569598803,0.05732373569598803
0.668212890625,0.057234184048276446,0.05723418404827647
0.6683349609375,0.05714471399547952,0.05714471399547952
0.66845703125,0.05705532553283125,0.05705532553283126
0.6685791015625,0.056966018655518584,0.056966018655518584
0.668701171875,0.05687679335868118,0.05687679335868118
0.6688232421875,0.056787649637411515,0.056787649637411515
0.6689453125,0.05669858748675478,0.05669858748675477
0.6690673828125,0.056609606901708846,0.05660960690170883
0.669189453125,0.05652070787722422,0.05652070787722421
0.6693115234375,0.05643189040820407,0.05643189040820407
0.66943359375,0.05634315448950407,0.056343154489504076
0.6695556640625,0.05625450011593247,0.056254500115932464
0.669677734375,0.05616592728225,0.05616592728225
0.6697998046875,0.05607743598316986,0.05607743598316986
0.669921875,0.055989026213357655,0.055989026213357655
0.6700439453125,0.0559006979674314,0.055900697967431384
0.670166015625,0.0558124512399614,0.055812451239961404
0.6702880859375,0.05572428602547031,0.05572428602547031
0.67041015625,0.05563620231843306,0.05563620231843306
0.6705322265625,0.05554820011327678,0.05554820011327678
0.670654296875,0.055460279404380794,0.055460279404380794
0.6707763671875,0.05537244018607658,0.055372440186076594
0.6708984375,0.055284682452647754,0.055284682452647754
0.6710205078125,0.055197006198329984,0.055197006198329984
0.671142578125,0.05510941141731099,0.05510941141731099
0.6712646484375,0.05502189810373048,0.055021898103730496
0.67138671875,0.05493446625168015,0.05493446625168015
0.6715087890625,0.05484711585520359,0.05484711585520358
0.671630859375,0.05475984690829627,0.05475984690829628
0.6717529296875,0.054672659404905566,0.054672659404905566
0.671875,0.054585553338930594,0.054585553338930594
0.6719970703125,0.05449852870422229,0.05449852870422228
0.672119140625,0.054411585494583296,0.054411585494583296
0.6722412109375,0.05432472370376797,0.05432472370376797
0.67236328125,0.054237943325482325,0.054237943325482325
0.6724853515625,0.05415124435338398,0.05415124435338398
0.672607421875,0.054064626781082155,0.05406462678108214
0.6727294921875,0.05397809060213758,0.05397809060213758
0.6728515625,0.05389163581006251,0.05389163581006252
0.6729736328125,0.053805262398320716,0.053805262398320716
0.673095703125,0.05371897036032731,0.05371897036032731
0.6732177734375,0.05363275968944885,0.05363275968944885
0.67333984375,0.05354663037900322,0.05354663037900323
0.6734619140625,0.05346058242225968,0.05346058242225968
0.673583984375,0.053374615812438665,0.05337461581243867
0.6737060546875,0.05328873054271195,0.05328873054271195
0.673828125,0.05320292660620245,0.05320292660620245
0.6739501953125,0.053117203995984276,0.053117203995984276
0.674072265625,0.053031562705082615,0.053031562705082615
0.6741943359375,0.0529460027264738,0.0529460027264738
0.67431640625,0.05286052405308518,0.05286052405308518
0.6744384765625,0.052775126677795124,0.052775126677795124
0.674560546875,0.052689810593432966,0.052689810593432966
0.6746826171875,0.05260457579277899,0.05260457579277899
0.6748046875,0.05251942226856436,0.05251942226856436
0.6749267578125,0.052434350013471125,0.05243435001347113
0.675048828125,0.05234935902013214,0.05234935902013214
0.6751708984375,0.052264449281131005,0.052264449281131005
0.67529296875,0.05217962078900212,0.05217962078900213
0.6754150390625,0.05209487353623059,0.05209487353623059
0.675537109375,0.052010207515252135,0.052010207515252156
0.6756591796875,0.051925622718453184,0.0519256227184532
0.67578125,0.0518411191381707,0.05184111913817071
0.6759033203125,0.05175669676669222,0.05175669676669222
0.676025390625,0.05167235559625579,0.05167235559625579
0.6761474609375,0.05158809561904996,0.05158809561904996
0.67626953125,0.05150391682721369,0.05150391682721369
0.6763916015625,0.05141981921283638,0.05141981921283638
0.676513671875,0.051335802767957746,0.051335802767957746
0.6766357421875,0.05125186748456787,0.05125186748456787
0.6767578125,0.05116801335460712,0.05116801335460712
0.6768798828125,0.051084240369966116,0.051084240369966116
0.677001953125,0.05100054852248567,0.05100054852248567
0.6771240234375,0.050916937803956785,0.05091693780395679
0.67724609375,0.050833408206120645,0.050833408206120624
0.6773681640625,0.05074995972066843,0.05074995972066843
0.677490234375,0.0506665923392415,0.0506665923392415
0.6776123046875,0.050583306053431164,0.05058330605343115
0.677734375,0.05050010085477872,0.05050010085477872
0.6778564453125,0.05041697673477547,0.05041697673477547
0.677978515625,0.05033393368486258,0.05033393368486258
0.6781005859375,0.050250971696431106,0.050250971696431106
0.67822265625,0.050168090760821946,0.050168090760821925
0.6783447265625,0.05008529086932575,0.05008529086932575
0.678466796875,0.050002572013183005,0.050002572013183
0.6785888671875,0.049919934183583856,0.049919934183583856
0.6787109375,0.04983737737166818,0.04983737737166817
0.6788330078125,0.04975490156852545,0.04975490156852545
0.678955078125,0.049672506765194795,0.04967250676519481
0.6790771484375,0.04959019295266492,0.049590192952664904
0.67919921875,0.049507960121873994,0.049507960121873994
0.6793212890625,0.04942580826370975,0.04942580826370975
0.679443359375,0.04934373736900936,0.04934373736900936
0.6795654296875,0.049261747428559446,0.04926174742855944
0.6796875,0.049179838433095945,0.049179838433095945
0.6798095703125,0.04909801037330419,0.049098010373304184
0.679931640625,0.049016263239818794,0.049016263239818794
0.6800537109375,0.04893459702322369,0.04893459702322369
0.68017578125,0.048853011714052,0.048853011714052
0.6802978515625,0.04877150730278604,0.04877150730278604
0.680419921875,0.048690083779857306,0.048690083779857306
0.6805419921875,0.04860874113564639,0.04860874113564639
0.6806640625,0.04852747936048299,0.04852747936048299
0.6807861328125,0.04844629844464583,0.04844629844464584
0.680908203125,0.04836519837836267,0.04836519837836267
0.6810302734375,0.0482841791518102,0.0482841791518102
0.68115234375,0.04820324075511407,0.04820324075511407
0.6812744140625,0.048122383178348806,0.048122383178348806
0.681396484375,0.048041606411537825,0.048041606411537825
0.6815185546875,0.04796091044465331,0.04796091044465331
0.681640625,0.04788029526761629,0.04788029526761628
0.6817626953125,0.04779976087029648,0.047799760870296484
0.681884765625,0.04771930724251234,0.04771930724251234
0.6820068359375,0.047638934374030974,0.04763893437403099
0.68212890625,0.047558642254568156,0.04755864225456817
0.6822509765625,0.04747843087378823,0.04747843087378823
0.682373046875,0.04739830022130409,0.04739830022130409
0.6824951171875,0.04731825028667716,0.04731825028667716
0.6826171875,0.04723828105941735,0.04723828105941736
0.6827392578125,0.04715839252898304,0.04715839252898304
0.682861328125,0.047078584684780954,0.047078584684780954
0.6829833984375,0.04699885751616624,0.04699885751616624
0.68310546875,0.04691921101244237,0.046919211012442376
0.6832275390625,0.04683964516286112,0.04683964516286112
0.683349609375,0.046760159956622506,0.046760159956622506
0.6834716796875,0.04668075538287476,0.046680755382874764
0.68359375,0.04660143143071434,0.04660143143071434
0.6837158203125,0.0465221880891858,0.046522188089185804
0.683837890625,0.04644302534728187,0.046443025347281855
0.6839599609375,0.04636394319394327,0.04636394319394327
0.68408203125,0.04628494161805883,0.04628494161805882
0.6842041015625,0.046206020608465334,0.046206020608465334
0.684326171875,0.04612718015394754,0.04612718015394755
0.6844482421875,0.04604842024323818,0.04604842024323817
0.6845703125,0.04596974086501777,0.045969740865017775
0.6846923828125,0.04589114200791478,0.04589114200791476
0.684814453125,0.04581262366050542,0.04581262366050542
0.6849365234375,0.04573418581131373,0.04573418581131373
0.68505859375,0.045655828448811456,0.045655828448811456
0.6851806640625,0.045577551561418066,0.04557755156141808
0.685302734375,0.04549935513750069,0.04549935513750069
0.6854248046875,0.04542123916537407,0.04542123916537408
0.685546875,0.045343203633300556,0.045343203633300556
0.6856689453125,0.045265248529490064,0.045265248529490064
0.685791015625,0.0451873738421,0.045187373842100004
0.6859130859375,0.04510957955923528,0.04510957955923528
0.68603515625,0.04503186566894825,0.045031865668948255
0.6861572265625,0.04495423215923866,0.04495423215923866
0.686279296875,0.044876679018053624,0.044876679018053624
0.6864013671875,0.04479920623328764,0.04479920623328764
0.6865234375,0.04472181379278242,0.04472181379278242
0.6866455078125,0.04464450168432702,0.04464450168432702
0.686767578125,0.04456726989565768,0.044567269895657666
0.6868896484375,0.0444901184144578,0.04449011841445781
0.68701171875,0.044413047228357996,0.044413047228357996
0.6871337890625,0.04433605632493594,0.04433605632493594
0.687255859375,0.04425914569171642,0.04425914569171642
0.6873779296875,0.044182315316171235,0.04418231531617124
0.6875,0.04410556518571923,0.04410556518571923
0.6876220703125,0.04402889528772616,0.04402889528772616
0.687744140625,0.04395230560950475,0.04395230560950475
0.6878662109375,0.043875796138314625,0.043875796138314625
0.68798828125,0.04379936686136224,0.04379936686136224
0.6881103515625,0.04372301776580089,0.043723017765800884
0.688232421875,0.04364674883873065,0.04364674883873065
0.6883544921875,0.04357056006719835,0.04357056006719835
0.6884765625,0.04349445143819752,0.04349445143819752
0.6885986328125,0.043418422938668384,0.043418422938668384
0.688720703125,0.043342474555497786,0.04334247455549778
0.6888427734375,0.04326660627551919,0.04326660627551919
0.68896484375,0.0431908180855126,0.0431908180855126
0.6890869140625,0.04311510997220461,0.04311510997220459
0.689208984375,0.04303948192226823,0.04303948192226823
0.6893310546875,0.04296393392232298,0.04296393392232298
0.689453125,0.0428884659589348,0.0428884659589348
0.6895751953125,0.042813078018615995,0.04281307801861599
0.689697265625,0.04273777008782523,0.04273777008782523
0.6898193359375,0.04266254215296747,0.04266254215296747
0.68994140625,0.042587394200394,0.042587394200394
0.6900634765625,0.0425123262164023,0.0425123262164023
0.690185546875,0.042437338187236086,0.042437338187236086
0.6903076171875,0.04236243009908522,0.04236243009908522
0.6904296875,0.0422876019380857,0.0422876019380857
0.6905517578125,0.042212853690319664,0.04221285369031966
0.690673828125,0.04213818534181523,0.04213818534181523
0.6907958984375,0.04206359687854662,0.04206359687854662
0.69091796875,0.041989088286433995,0.04198908828643401
0.6910400390625,0.04191465955134353,0.04191465955134352
0.691162109375,0.04184031065908723,0.04184031065908723
0.6912841796875,0.04176604159542304,0.04176604159542305
0.69140625,0.04169185234605477,0.04169185234605478
0.6915283203125,0.041617742896632,0.04161774289663198
0.691650390625,0.04154371323275007,0.04154371323275007
0.6917724609375,0.04146976333995013,0.04146976333995012
0.69189453125,0.04139589320371896,0.04139589320371896
0.6920166015625,0.041322102809489045,0.04132210280948905
0.692138671875,0.04124839214263852,0.04124839214263852
0.6922607421875,0.04117476118849107,0.04117476118849107
0.6923828125,0.04110120993231597,0.04110120993231597
0.6925048828125,0.041027738359328,0.041027738359328
0.692626953125,0.04095434645468749,0.04095434645468749
0.6927490234375,0.040881034203500144,0.04088103420350015
0.69287109375,0.04080780159081715,0.04080780159081715
0.6929931640625,0.040734648601635025,0.040734648601635046
0.693115234375,0.04066157522089571,0.04066157522089572
0.6932373046875,0.040588581433486384,0.04058858143348638
0.693359375,0.04051566722423953,0.040515667224239514
0.6934814453125,0.04044283257793287,0.04044283257793287
0.693603515625,0.04037007747928938,0.04037007747928938
0.6937255859375,0.04029740191297717,0.04029740191297717
0.69384765625,0.04022480586360945,0.04022480586360945
0.6939697265625,0.0401522893157446,0.0401522893157446
0.694091796875,0.04007985225388604,0.04007985225388604
0.6942138671875,0.04000749466248222,0.04000749466248222
0.6943359375,0.03993521652592659,0.03993521652592658
0.6944580078125,0.039863017828557556,0.039863017828557556
0.694580078125,0.03979089855465846,0.039790898554658484
0.6947021484375,0.039718858688457565,0.039718858688457565
0.69482421875,0.03964689821412792,0.03964689821412793
0.6949462890625,0.039575017115787474,0.039575017115787474
0.695068359375,0.039503215377498895,0.039503215377498895
0.6951904296875,0.039431492983269666,0.039431492983269666
0.6953125,0.039359849917051944,0.039359849917051944
0.6954345703125,0.0392882861627426,0.0392882861627426
0.695556640625,0.03921680170418314,0.03921680170418314
0.6956787109375,0.03914539652515968,0.03914539652515968
0.69580078125,0.039074070609402926,0.03907407060940293
0.6959228515625,0.03900282394058813,0.03900282394058814
0.696044921875,0.03893165650233505,0.03893165650233505
0.6961669921875,0.03886056827820793,0.03886056827820793
0.6962890625,0.03878955925171544,0.03878955925171544
0.6964111328125,0.03871862940631066,0.038718629406310656
0.696533203125,0.03864777872539107,0.03864777872539107
0.6966552734375,0.03857700719229845,0.03857700719229845
0.69677734375,0.038506314790318914,0.038506314790318914
0.6968994140625,0.03843570150268284,0.03843570150268284
0.697021484375,0.03836516731256483,0.038365167312564834
0.6971435546875,0.03829471220308372,0.038294712203083725
0.697265625,0.038224336157302474,0.038224336157302474
0.6973876953125,0.038154039158228195,0.038154039158228195
0.697509765625,0.038083821188812136,0.038083821188812136
0.6976318359375,0.03801368223194954,0.03801368223194955
0.69775390625,0.03794362227047976,0.037943622270479774
0.6978759765625,0.037873641287186094,0.03787364128718608
0.697998046875,0.037803739264795806,0.0378037392647958
0.6981201171875,0.03773391618598012,0.03773391618598011
0.6982421875,0.03766417203335413,0.03766417203335413
0.6983642578125,0.03759450678947682,0.03759450678947681
0.698486328125,0.03752492043685096,0.03752492043685096
0.6986083984375,0.03745541295792318,0.037455412957923186
0.69873046875,0.03738598433508382,0.037385984335083805
0.6988525390625,0.03731663455066694,0.03731663455066694
0.698974609375,0.037247363586950334,0.03724736358695034
0.6990966796875,0.03717817142615547,0.03717817142615547
0.69921875,0.03710905805044737,0.03710905805044736
0.6993408203125,0.0370400234419347,0.037040023441934716
0.699462890625,0.03697106758266973,0.03697106758266973
0.6995849609375,0.036902190454648175,0.036902190454648175
0.69970703125,0.03683339203980928,0.03683339203980927
0.6998291015625,0.03676467232003576,0.03676467232003576
0.699951171875,0.03669603127715374,0.03669603127715375
0.7000732421875,0.03662746889293277,0.03662746889293277
0.7001953125,0.03655898514908573,0.036558985149085725
0.7003173828125,0.03649058002726884,0.03649058002726884
0.700439453125,0.036422253509081626,0.036422253509081626
0.7005615234375,0.036354005576066856,0.036354005576066856
0.70068359375,0.03628583620971053,0.036285836209710536
0.7008056640625,0.03621774539144189,0.03621774539144189
0.700927734375,0.03614973310263327,0.03614973310263327
0.7010498046875,0.03608179932460019,0.036081799324600206
0.701171875,0.03601394403860127,0.03601394403860127
0.7012939453125,0.035946167225838155,0.03594616722583815
0.701416015625,0.035878468867455555,0.03587846886745555
0.7015380859375,0.03581084894454116,0.03581084894454115
0.70166015625,0.03574330743812564,0.03574330743812564
0.7017822265625,0.03567584432918264,0.03567584432918263
0.701904296875,0.03560845959862863,0.03560845959862863
0.7020263671875,0.03554115322732299,0.035541153227323
0.7021484375,0.035473925196067985,0.03547392519606798
0.7022705078125,0.035406775485608596,0.035406775485608596
0.702392578125,0.035339704076632644,0.035339704076632644
0.7025146484375,0.035272710949770664,0.035272710949770664
0.70263671875,0.03520579608559593,0.03520579608559592
0.7027587890625,0.03513895946462435,0.03513895946462435
0.702880859375,0.03507220106731452,0.03507220106731452
0.7030029296875,0.03500552087406762,0.03500552087406762
0.703125,0.034938918865227424,0.034938918865227424
0.7032470703125,0.03487239502108027,0.03487239502108027
0.703369140625,0.03480594932185498,0.03480594932185498
0.7034912109375,0.0347395817477229,0.0347395817477229
0.70361328125,0.034673292278797806,0.034673292278797806
0.7037353515625,0.03460708089513591,0.03460708089513591
0.703857421875,0.03454094757673581,0.03454094757673579
0.7039794921875,0.03447489230353844,0.03447489230353844
0.7041015625,0.03440891505542712,0.034408915055427126
0.7042236328125,0.03434301581222743,0.034343015812227436
0.704345703125,0.034277194553707216,0.03427719455370721
0.7044677734375,0.03421145125957655,0.03421145125957656
0.70458984375,0.03414578590948774,0.03414578590948775
0.7047119140625,0.03408019848303524,0.034080198483035236
0.704833984375,0.034014688959755644,0.03401468895975564
0.7049560546875,0.033949257319127665,0.03394925731912767
0.705078125,0.033883903540572094,0.0338839035405721
0.7052001953125,0.03381862760345177,0.03381862760345177
0.705322265625,0.03375342948707154,0.03375342948707154
0.7054443359375,0.033688309170678256,0.03368830917067825
0.70556640625,0.03362326663346069,0.03362326663346069
0.7056884765625,0.03355830185454958,0.033558301854549576
0.705810546875,0.033493414813017534,0.03349341481301753
0.7059326171875,0.03342860548787901,0.03342860548787901
0.7060546875,0.03336387385809034,0.033363873858090344
0.7061767578125,0.03329921990254962,0.033299219902549616
0.706298828125,0.033234643600096724,0.033234643600096724
0.7064208984375,0.03317014492951329,0.03317014492951329
0.70654296875,0.03310572386952264,0.03310572386952264
0.7066650390625,0.03304138039878978,0.03304138039878978
0.706787109375,0.032977114495921375,0.032977114495921375
0.7069091796875,0.03291292613946572,0.03291292613946572
0.70703125,0.03284881530791267,0.032848815307912664
0.7071533203125,0.03278478197969365,0.03278478197969365
0.707275390625,0.03272082613318165,0.03272082613318165
0.7073974609375,0.032656947746691097,0.032656947746691097
0.70751953125,0.03259314679847793,0.03259314679847794
0.7076416015625,0.032529423266739535,0.032529423266739535
0.707763671875,0.03246577712961469,0.03246577712961469
0.7078857421875,0.03240220836518354,0.03240220836518353
0.7080078125,0.032338716951467596,0.0323387169514676
0.7081298828125,0.03227530286642971,0.03227530286642971
0.708251953125,0.032211966087974,0.032211966087974005
0.7083740234375,0.03214870659394586,0.032148706593945864
0.70849609375,0.03208552436213189,0.0320855243621319
0.7086181640625,0.032022419370259944,0.03202241937025995
0.708740234375,0.03195939159599901,0.03195939159599901
0.7088623046875,0.031896441016959216,0.03189644101695922
0.708984375,0.031833567610691865,0.031833567610691865
0.7091064453125,0.03177077135468927,0.03177077135468927
0.709228515625,0.03170805222638486,0.03170805222638486
0.7093505859375,0.03164541020315307,0.03164541020315307
0.70947265625,0.031582845262309325,0.031582845262309325
0.7095947265625,0.03152035738111005,0.03152035738111006
0.709716796875,0.0314579465367526,0.03145794653675261
0.7098388671875,0.031395612706375246,0.03139561270637525
0.7099609375,0.031333355867057135,0.03133335586705713
0.7100830078125,0.03127117599581829,0.03127117599581829
0.710205078125,0.031209073069619533,0.031209073069619533
0.7103271484375,0.031147047065362532,0.031147047065362532
0.71044921875,0.031085097959889684,0.031085097959889688
0.7105712890625,0.03102322572998417,0.03102322572998417
0.710693359375,0.030961430352369843,0.03096143035236985
0.7108154296875,0.030899711803711292,0.030899711803711292
0.7109375,0.030838070060613725,0.030838070060613718
0.7110595703125,0.030776505099622996,0.030776505099622996
0.711181640625,0.030715016897225583,0.030715016897225583
0.7113037109375,0.030653605429848522,0.030653605429848522
0.71142578125,0.030592270673859397,0.030592270673859397
0.7115478515625,0.030531012605566312,0.030531012605566312
0.711669921875,0.030469831201217885,0.030469831201217885
0.7117919921875,0.030408726437003167,0.030408726437003167
0.7119140625,0.030347698289051688,0.03034769828905168
0.7120361328125,0.03028674673343334,0.03028674673343334
0.712158203125,0.030225871746158463,0.030225871746158456
0.7122802734375,0.03016507330317768,0.03016507330317768
0.71240234375,0.030104351380382015,0.030104351380382015
0.7125244140625,0.030043705953602742,0.030043705953602735
0.712646484375,0.02998313699861144,0.02998313699861144
0.7127685546875,0.029922644491119928,0.029922644491119928
0.712890625,0.029862228406780246,0.029862228406780246
0.7130126953125,0.029801888721184635,0.029801888721184635
0.713134765625,0.029741625409865496,0.029741625409865496
0.7132568359375,0.0296814384482954,0.02968143844829539
0.71337890625,0.029621327811886977,0.02962132781188697
0.7135009765625,0.029561293475992987,0.029561293475992987
0.713623046875,0.029501335415906275,0.029501335415906268
0.7137451171875,0.029441453606859666,0.029441453606859666
0.7138671875,0.02938164802402604,0.02938164802402604
0.7139892578125,0.029321918642518235,0.029321918642518235
0.714111328125,0.029262265437389072,0.029262265437389072
0.7142333984375,0.029202688383631284,0.029202688383631284
0.71435546875,0.029143187456177513,0.029143187456177513
0.7144775390625,0.029083762629900298,0.029083762629900298
0.714599609375,0.029024413879612,0.029024413879612
0.7147216796875,0.02896514118006486,0.02896514118006486
0.71484375,0.02890594450595087,0.02890594450595087
0.7149658203125,0.028846823831901833,0.028846823831901836
0.715087890625,0.028787779132489297,0.0287877791324893
0.7152099609375,0.02872881038222454,0.028728810382224544
0.71533203125,0.028669917555558543,0.028669917555558543
0.7154541015625,0.028611100626881946,0.028611100626881946
0.715576171875,0.028552359570525068,0.028552359570525068
0.7156982421875,0.02849369436075785,0.02849369436075785
0.7158203125,0.028435104971789818,0.028435104971789815
0.7159423828125,0.028376591377770093,0.028376591377770093
0.716064453125,0.02831815355278734,0.02831815355278734
0.7161865234375,0.028259791470869766,0.02825979147086976
0.71630859375,0.02820150510598506,0.02820150510598506
0.7164306640625,0.028143294432040413,0.028143294432040413
0.716552734375,0.028085159422882457,0.028085159422882457
0.7166748046875,0.02802710005229725,0.02802710005229725
0.716796875,0.027969116294010273,0.027969116294010273
0.7169189453125,0.027911208121686387,0.027911208121686387
0.717041015625,0.027853375508929797,0.027853375508929794
0.7171630859375,0.02779561842928406,0.02779561842928406
0.71728515625,0.027737936856232024,0.027737936856232024
0.7174072265625,0.02768033076319584,0.027680330763195843
0.717529296875,0.027622800123536923,0.027622800123536923
0.7176513671875,0.02756534491055592,0.02756534491055592
0.7177734375,0.02750796509749269,0.027507965097492697
0.7178955078125,0.02745066065752631,0.02745066065752631
0.718017578125,0.027393431563774988,0.027393431563774988
0.7181396484375,0.027336277789296103,0.027336277789296103
0.71826171875,0.027279199307086163,0.027279199307086163
0.7183837890625,0.02722219609008076,0.02722219609008076
0.718505859375,0.027165268111154574,0.027165268111154568
0.7186279296875,0.027108415343121327,0.027108415343121327
0.71875,0.027051637758733784,0.027051637758733784
0.7188720703125,0.026994935330683725,0.026994935330683728
0.718994140625,0.0269383080316019,0.026938308031601896
0.7191162109375,0.02688175583405803,0.02688175583405803
0.71923828125,0.026825278710560774,0.026825278710560778
0.7193603515625,0.026768876633557735,0.026768876633557728
0.719482421875,0.026712549575435368,0.026712549575435368
0.7196044921875,0.026656297508519045,0.026656297508519045
0.7197265625,0.026600120405072973,0.026600120405072966
0.7198486328125,0.02654401823730019,0.02654401823730019
0.719970703125,0.02648799097734254,0.02648799097734254
0.7200927734375,0.026432038597280674,0.026432038597280674
0.72021484375,0.026376161069133982,0.026376161069133982
0.7203369140625,0.026320358364860626,0.026320358364860626
0.720458984375,0.02626463045635747,0.02626463045635747
0.7205810546875,0.026208977315460093,0.026208977315460093
0.720703125,0.026153398913942746,0.02615339891394274
0.7208251953125,0.02609789522351835,0.026097895223518346
0.720947265625,0.02604246621583845,0.026042466215838455
0.7210693359375,0.025987111862493223,0.02598711186249323
0.72119140625,0.02593183213501145,0.02593183213501145
0.7213134765625,0.025876627004860462,0.025876627004860462
0.721435546875,0.025821496443446158,0.025821496443446165
0.7215576171875,0.025766440422112985,0.02576644042211299
0.7216796875,0.0257114589121439,0.025711458912143898
0.7218017578125,0.02565655188476033,0.025656551884760327
0.721923828125,0.025601719311122217,0.025601719311122217
0.7220458984375,0.02554696116232792,0.02554696116232792
0.72216796875,0.02549227740941426,0.02549227740941426
0.7222900390625,0.025437668023356456,0.02543766802335646
0.722412109375,0.025383132975068137,0.025383132975068137
0.7225341796875,0.02532867223540128,0.025328672235401282
0.72265625,0.025274285775146253,0.02527428577514626
0.7227783203125,0.025219973565031733,0.025219973565031733
0.722900390625,0.02516573557572473,0.02516573557572473
0.7230224609375,0.02511157177783054,0.025111571777830546
0.72314453125,0.02505748214189275,0.025057482141892753
0.7232666015625,0.025003466638393194,0.025003466638393194
0.723388671875,0.024949525237751954,0.024949525237751954
0.7235107421875,0.024895657910327332,0.02489565791032733
0.7236328125,0.024841864626415824,0.024841864626415827
0.7237548828125,0.02478814535625214,0.024788145356252133
0.723876953125,0.02473450007000911,0.024734500070009106
0.7239990234375,0.024680928737797755,0.024680928737797755
0.72412109375,0.02462743132966721,0.024627431329667205
0.7242431640625,0.0245740078156047,0.024574007815604704
0.724365234375,0.02452065816553559,0.02452065816553559
0.7244873046875,0.024467382349323268,0.024467382349323268
0.724609375,0.02441418033676921,0.02441418033676921
0.7247314453125,0.024361052097612943,0.024361052097612943
0.724853515625,0.024307997601531975,0.024307997601531982
0.7249755859375,0.024255016818141868,0.024255016818141868
0.72509765625,0.024202109716996136,0.024202109716996136
0.7252197265625,0.02414927626758627,0.02414927626758627
0.725341796875,0.02409651643934172,0.02409651643934172
0.7254638671875,0.02404383020162988,0.024043830201629878
0.7255859375,0.02399121752375605,0.023991217523756044
0.7257080078125,0.023938678374963426,0.023938678374963426
0.725830078125,0.023886212724433115,0.023886212724433115
0.7259521484375,0.02383382054128407,0.023833820541284072
0.72607421875,0.02378150179457312,0.02378150179457312
0.7261962890625,0.0237292564532949,0.023729256453294895
0.726318359375,0.023677084486381887,0.023677084486381884
0.7264404296875,0.023624985862704364,0.023624985862704357
0.7265625,0.023572960551070384,0.02357296055107038
0.7266845703125,0.023521008520225796,0.023521008520225796
0.726806640625,0.023469129738854188,0.023469129738854195
0.7269287109375,0.023417324175576903,0.0234173241755769
0.72705078125,0.023365591798952996,0.023365591798952996
0.7271728515625,0.023313932577479237,0.023313932577479237
0.727294921875,0.0232623464795901,0.023262346479590097
0.7274169921875,0.023210833473657724,0.023210833473657728
0.7275390625,0.023159393527991942,0.023159393527991942
0.7276611328125,0.023108026610840195,0.023108026610840198
0.727783203125,0.023056732690387594,0.02305673269038759
0.7279052734375,0.02300551173475686,0.02300551173475686
0.72802734375,0.022954363712008315,0.022954363712008312
0.7281494140625,0.022903288590139872,0.022903288590139872
0.728271484375,0.02285228633708705,0.02285228633708705
0.7283935546875,0.022801356920722885,0.022801356920722885
0.728515625,0.022750500308858005,0.022750500308858005
0.7286376953125,0.02269971646924055,0.02269971646924055
0.728759765625,0.022649005369556188,0.02264900536955619
0.7288818359375,0.022598366977428105,0.022598366977428105
0.72900390625,0.022547801260416972,0.022547801260416972
0.7291259765625,0.022497308186020935,0.022497308186020935
0.729248046875,0.022446887721675635,0.022446887721675635
0.7293701171875,0.02239653983475414,0.02239653983475414
0.7294921875,0.022346264492566978,0.022346264492566974
0.7296142578125,0.022296061662362098,0.022296061662362098
0.729736328125,0.02224593131132488,0.022245931311324883
0.7298583984375,0.02219587340657809,0.02219587340657809
0.72998046875,0.022145887915181895,0.0221458879151819
0.7301025390625,0.022095974804133854,0.022095974804133847
0.730224609375,0.022046134040368856,0.022046134040368856
0.7303466796875,0.0219963655907592,0.021996365590759195
0.73046875,0.021946669422114488,0.021946669422114488
0.7305908203125,0.02189704550118167,0.021897045501181666
0.730712890625,0.02184749379464501,0.02184749379464501
0.7308349609375,0.02179801426912609,0.021798014269126087
0.73095703125,0.021748606891183783,0.021748606891183783
0.7310791015625,0.02169927162731424,0.02169927162731424
0.731201171875,0.02165000844395092,0.02165000844395092
0.7313232421875,0.021600817307464496,0.0216008173074645
0.7314453125,0.021551698184162946,0.021551698184162946
0.7315673828125,0.021502651040291455,0.021502651040291455
0.731689453125,0.021453675842032453,0.021453675842032456
0.7318115234375,0.0214047725555056,0.0214047725555056
0.73193359375,0.021355941146767754,0.021355941146767757
0.7320556640625,0.021307181581812978,0.021307181581812978
0.732177734375,0.021258493826572543,0.021258493826572543
0.7322998046875,0.021209877846914867,0.021209877846914863
0.732421875,0.021161333608645583,0.02116133360864558
0.7325439453125,0.02111286107750745,0.02111286107750745
0.732666015625,0.021064460219180407,0.021064460219180403
0.7327880859375,0.02101613099928151,0.02101613099928151
0.73291015625,0.020967873383364987,0.020967873383364987
0.7330322265625,0.02091968733692216,0.020919687336922156
0.733154296875,0.020871572825381473,0.020871572825381473
0.7332763671875,0.02082352981410849,0.020823529814108493
0.7333984375,0.020775558268405867,0.02077555826840587
0.7335205078125,0.020727658153513365,0.020727658153513365
0.733642578125,0.020679829434607805,0.0206798294346078
0.7337646484375,0.02063207207680309,0.02063207207680309
0.73388671875,0.020584386045150206,0.02058438604515021
0.7340087890625,0.020536771304637186,0.020536771304637186
0.734130859375,0.020489227820189117,0.020489227820189117
0.7342529296875,0.02044175555666812,0.020441755556668124
0.734375,0.02039435447887338,0.02039435447887338
0.7344970703125,0.020347024551541075,0.02034702455154108
0.734619140625,0.02029976573934444,0.02029976573934444
0.7347412109375,0.020252578006893705,0.020252578006893705
0.73486328125,0.02020546131873611,0.02020546131873611
0.7349853515625,0.0201584156393559,0.0201584156393559
0.735107421875,0.020111440933174334,0.020111440933174334
0.7352294921875,0.020064537164549628,0.020064537164549628
0.7353515625,0.020017704297777,0.020017704297777
0.7354736328125,0.01997094229708865,0.01997094229708865
0.735595703125,0.019924251126653733,0.019924251126653733
0.7357177734375,0.019877630750578384,0.01987763075057838
0.73583984375,0.019831081132905694,0.019831081132905694
0.7359619140625,0.019784602237615707,0.019784602237615707
0.736083984375,0.019738194028625415,0.019738194028625415
0.7362060546875,0.019691856469788768,0.01969185646978877
0.736328125,0.019645589524896638,0.019645589524896638
0.7364501953125,0.019599393157676833,0.019599393157676837
0.736572265625,0.01955326733179412,0.01955326733179412
0.7366943359375,0.019507212010850154,0.01950721201085015
0.73681640625,0.019461227158383523,0.019461227158383526
0.7369384765625,0.01941531273786975,0.019415312737869745
0.737060546875,0.019369468712721244,0.01936946871272125
0.7371826171875,0.01932369504628736,0.019323695046287358
0.7373046875,0.019277991701854322,0.019277991701854322
0.7374267578125,0.019232358642645275,0.019232358642645275
0.737548828125,0.019186795831820265,0.01918679583182027
0.7376708984375,0.019141303232476228,0.01914130323247623
0.73779296875,0.01909588080764699,0.019095880807646994
0.7379150390625,0.019050528520303294,0.019050528520303294
0.738037109375,0.019005246333352727,0.019005246333352727
0.7381591796875,0.018960034209639792,0.018960034209639792
0.73828125,0.018914892111945865,0.018914892111945865
0.7384033203125,0.018869820002989215,0.018869820002989215
0.738525390625,0.018824817845424967,0.018824817845424967
0.7386474609375,0.018779885601845146,0.01877988560184515
0.73876953125,0.018735023234778637,0.01873502323477864
0.7388916015625,0.018690230706691204,0.018690230706691208
0.739013671875,0.01864550797998549,0.01864550797998549
0.7391357421875,0.018600855017001,0.018600855017000997
0.7392578125,0.0185562717800141,0.0185562717800141
0.7393798828125,0.018511758231238053,0.018511758231238053
0.739501953125,0.018467314332822976,0.018467314332822976
0.7396240234375,0.01842294004685585,0.01842294004685585
0.73974609375,0.018378635335360532,0.018378635335360532
0.7398681640625,0.018334400160297738,0.018334400160297738
0.739990234375,0.018290234483565055,0.018290234483565055
0.7401123046875,0.018246138266996954,0.01824613826699695
0.740234375,0.01820211147236475,0.01820211147236475
0.7403564453125,0.018158154061376646,0.018158154061376646
0.740478515625,0.018114265995677704,0.018114265995677708
0.7406005859375,0.01807044723684987,0.018070447236849866
0.74072265625,0.018026697746411934,0.018026697746411937
0.7408447265625,0.0179830174858196,0.0179830174858196
0.740966796875,0.017939406416465412,0.017939406416465412
0.7410888671875,0.0178958644996788,0.017895864499678806
0.7412109375,0.017852391696726092,0.01785239169672609
0.7413330078125,0.017808987968810468,0.017808987968810468
0.741455078125,0.017765653277072004,0.017765653277072
0.7415771484375,0.017722387582587647,0.017722387582587654
0.74169921875,0.017679190846371266,0.017679190846371266
0.7418212890625,0.01763606302937358,0.017636063029373587
0.741943359375,0.017593004092482222,0.017593004092482226
0.7420654296875,0.017550013996521726,0.017550013996521726
0.7421875,0.017507092702253497,0.017507092702253497
0.7423095703125,0.017464240170375872,0.017464240170375872
0.742431640625,0.01742145636152408,0.01742145636152408
0.7425537109375,0.01737874123627026,0.017378741236270256
0.74267578125,0.017336094755123467,0.01733609475512347
0.7427978515625,0.01729351687852969,0.01729351687852969
0.742919921875,0.017251007566871805,0.01725100756687181
0.7430419921875,0.01720856678046965,0.01720856678046965
0.7431640625,0.01716619447957997,0.017166194479579965
0.7432861328125,0.017123890624396454,0.017123890624396454
0.743408203125,0.017081655175049747,0.017081655175049743
0.7435302734375,0.01703948809160742,0.01703948809160742
0.74365234375,0.01699738933407401,0.016997389334074013
0.7437744140625,0.01695535886239101,0.01695535886239101
0.743896484375,0.016913396636436866,0.016913396636436866
0.7440185546875,0.016871502616027004,0.016871502616027004
0.744140625,0.016829676760913837,0.016829676760913834
0.7442626953125,0.016787919030786736,0.01678791903078674
0.744384765625,0.016746229385272086,0.01674622938527208
0.7445068359375,0.01670460778393324,0.01670460778393324
0.74462890625,0.01666305418627058,0.01666305418627058
0.7447509765625,0.016621568551721488,0.016621568551721488
0.744873046875,0.016580150839660374,0.016580150839660374
0.7449951171875,0.01653880100939865,0.016538801009398654
0.7451171875,0.016497519020184787,0.016497519020184787
0.7452392578125,0.016456304831204277,0.016456304831204277
0.745361328125,0.01641515840157968,0.01641515840157968
0.7454833984375,0.016374079690370594,0.016374079690370597
0.74560546875,0.016333068656573697,0.016333068656573697
0.7457275390625,0.01629212525912275,0.016292125259122745
0.745849609375,0.016251249456888568,0.016251249456888568
0.7459716796875,0.016210441208679094,0.016210441208679094
0.74609375,0.016169700473239353,0.016169700473239353
0.7462158203125,0.016129027209251485,0.016129027209251485
0.746337890625,0.016088421375334755,0.016088421375334755
0.7464599609375,0.016047882930045564,0.016047882930045564
0.74658203125,0.016007411831877455,0.016007411831877455
0.7467041015625,0.01596700803926111,0.01596700803926111
0.746826171875,0.015926671510564393,0.01592667151056439
0.7469482421875,0.015886402204092324,0.015886402204092324
0.7470703125,0.015846200078087125,0.015846200078087125
0.7471923828125,0.01580606509072821,0.015806065090728214
0.747314453125,0.01576599720013219,0.015765997200132196
0.7474365234375,0.015725996364352915,0.01572599636435292
0.74755859375,0.01568606254138145,0.01568606254138145
0.7476806640625,0.01564619568914611,0.01564619568914611
0.747802734375,0.015606395765512449,0.015606395765512454
0.7479248046875,0.01556666272828333,0.015566662728283326
0.748046875,0.015526996535198852,0.015526996535198852
0.7481689453125,0.015487397143936434,0.015487397143936436
0.748291015625,0.015447864512110795,0.015447864512110795
0.7484130859375,0.015408398597273974,0.015408398597273977
0.74853515625,0.015368999356915346,0.015368999356915346
0.7486572265625,0.015329666748461623,0.015329666748461626
0.748779296875,0.015290400729276893,0.01529040072927689
0.7489013671875,0.015251201256662614,0.015251201256662614
0.7490234375,0.015212068287857629,0.015212068287857629
0.7491455078125,0.015173001780038187,0.015173001780038187
0.749267578125,0.015134001690317969,0.015134001690317969
0.7493896484375,0.01509506797574807,0.01509506797574807
0.74951171875,0.01505620059331705,0.015056200593317054
0.7496337890625,0.015017399499950934,0.015017399499950934
0.749755859375,0.014978664652513216,0.014978664652513216
0.7498779296875,0.014939996007804893,0.014939996007804893
0.75,0.014901393522564471,0.014901393522564475
0.7501220703125,0.014862857153468004,0.014862857153468004
0.750244140625,0.014824386857129071,0.014824386857129074
0.7503662109375,0.014785982590098817,0.014785982590098817
0.75048828125,0.014747644308865972,0.014747644308865972
0.7506103515625,0.014709371969856864,0.014709371969856864
0.750732421875,0.01467116552943542,0.014671165529435424
0.7508544921875,0.014633024943903228,0.014633024943903231
0.7509765625,0.014594950169499498,0.014594950169499498
0.7510986328125,0.014556941162401128,0.014556941162401122
0.751220703125,0.014518997878722682,0.01451899787872268
0.7513427734375,0.014481120274516441,0.014481120274516443
0.75146484375,0.014443308305772418,0.014443308305772421
0.7515869140625,0.014405561928418359,0.014405561928418355
0.751708984375,0.014367881098319765,0.014367881098319766
0.7518310546875,0.014330265771279938,0.014330265771279934
0.751953125,0.014292715903039955,0.014292715903039956
0.7520751953125,0.014255231449278748,0.014255231449278748
0.752197265625,0.01421781236561306,0.01421781236561306
0.7523193359375,0.014180458607597509,0.014180458607597509
0.75244140625,0.0141431701307246,0.0141431701307246
0.7525634765625,0.014105946890424733,0.01410594689042473
0.752685546875,0.014068788842066235,0.014068788842066237
0.7528076171875,0.014031695940955382,0.014031695940955382
0.7529296875,0.013994668142336417,0.013994668142336417
0.7530517578125,0.01395770540139157,0.01395770540139157
0.753173828125,0.013920807673241081,0.01392080767324108
0.7532958984375,0.013883974912943228,0.013883974912943227
0.75341796875,0.013847207075494347,0.013847207075494344
0.7535400390625,0.013810504115828844,0.013810504115828844
0.753662109375,0.013773865988819236,0.013773865988819238
0.7537841796875,0.01373729264927617,0.013737292649276166
0.75390625,0.013700784051948417,0.013700784051948418
0.7540283203125,0.013664340151522953,0.013664340151522956
0.754150390625,0.013627960902624933,0.013627960902624933
0.7542724609375,0.013591646259817732,0.013591646259817732
0.75439453125,0.013555396177602977,0.013555396177602975
0.7545166015625,0.013519210610420558,0.01351921061042056
0.754638671875,0.013483089512648668,0.01348308951264867
0.7547607421875,0.013447032838603814,0.013447032838603814
0.7548828125,0.01341104054254085,0.01341104054254085
0.7550048828125,0.013375112578653007,0.013375112578653007
0.755126953125,0.013339248901071906,0.013339248901071904
0.7552490234375,0.013303449463867583,0.013303449463867585
0.75537109375,0.013267714221048554,0.013267714221048553
0.7554931640625,0.013232043126561779,0.013232043126561777
0.755615234375,0.013196436134292732,0.013196436134292732
0.7557373046875,0.013160893198065427,0.01316089319806543
0.755859375,0.013125414271642433,0.013125414271642433
0.7559814453125,0.01308999930872489,0.013089999308724887
0.756103515625,0.01305464826295257,0.013054648262952568
0.7562255859375,0.013019361087903872,0.013019361087903874
0.75634765625,0.012984137737095882,0.012984137737095886
0.7564697265625,0.012948978163984364,0.012948978163984368
0.756591796875,0.012913882321963836,0.012913882321963836
0.7567138671875,0.012878850164367548,0.012878850164367548
0.7568359375,0.012843881644467547,0.012843881644467545
0.7569580078125,0.012808976715474698,0.012808976715474698
0.757080078125,0.01277413533053871,0.01277413533053871
0.7572021484375,0.012739357442748168,0.01273935744274817
0.75732421875,0.012704643005130566,0.01270464300513057
0.7574462890625,0.012669991970652337,0.012669991970652337
0.757568359375,0.012635404292218872,0.012635404292218872
0.7576904296875,0.01260087992267458,0.012600879922674574
0.7578125,0.012566418814802876,0.012566418814802874
0.7579345703125,0.012532020921326263,0.012532020921326265
0.758056640625,0.012497686194906332,0.012497686194906332
0.7581787109375,0.012463414588143791,0.012463414588143793
0.75830078125,0.01242920605357852,0.012429206053578522
0.7584228515625,0.01239506054368959,0.01239506054368959
0.758544921875,0.012360978010895292,0.01236097801089529
0.7586669921875,0.012326958407553178,0.01232695840755318
0.7587890625,0.012293001685960104,0.012293001685960104
0.7589111328125,0.012259107798352233,0.012259107798352232
0.759033203125,0.012225276696905105,0.012225276696905105
0.7591552734375,0.012191508333733652,0.012191508333733652
0.75927734375,0.01215780266089223,0.01215780266089223
0.7593994140625,0.012124159630374666,0.012124159630374668
0.759521484375,0.012090579194114293,0.01209057919411429
0.7596435546875,0.012057061303983959,0.012057061303983959
0.759765625,0.012023605911796107,0.012023605911796104
0.7598876953125,0.011990212969302775,0.011990212969302775
0.760009765625,0.01195688242819565,0.011956882428195651
0.7601318359375,0.011923614240106092,0.011923614240106092
0.76025390625,0.011890408356605191,0.011890408356605191
0.7603759765625,0.011857264729203783,0.011857264729203783
0.760498046875,0.011824183309352494,0.011824183309352494
0.7606201171875,0.011791164048441783,0.011791164048441783
0.7607421875,0.011758206897801982,0.011758206897801984
0.7608642578125,0.01172531180870332,0.01172531180870332
0.760986328125,0.011692478732355975,0.011692478732355975
0.7611083984375,0.011659707619910104,0.011659707619910104
0.76123046875,0.011626998422455898,0.011626998422455898
0.7613525390625,0.011594351091023594,0.011594351091023594
0.761474609375,0.011561765576583543,0.011561765576583541
0.7615966796875,0.011529241830046225,0.011529241830046224
0.76171875,0.011496779802262314,0.011496779802262314
0.7618408203125,0.011464379444022699,0.0114643794440227
0.761962890625,0.011432040706058536,0.011432040706058536
0.7620849609375,0.011399763539041279,0.011399763539041279
0.76220703125,0.011367547893582726,0.011367547893582727
0.7623291015625,0.011335393720235077,0.011335393720235077
0.762451171875,0.011303300969490938,0.01130330096949094
0.7625732421875,0.011271269591783404,0.011271269591783402
0.7626953125,0.011239299537486074,0.011239299537486072
0.7628173828125,0.011207390756913106,0.011207390756913104
0.762939453125,0.011175543200319256,0.011175543200319257
0.7630615234375,0.011143756817899928,0.011143756817899928
0.76318359375,0.011112031559791204,0.011112031559791204
0.7633056640625,0.011080367376069896,0.0110803673760699
0.763427734375,0.011048764216753605,0.011048764216753605
0.7635498046875,0.01101722203180073,0.011017222031800734
0.763671875,0.010985740771110551,0.010985740771110551
0.7637939453125,0.010954320384523243,0.010954320384523241
0.763916015625,0.010922960821819946,0.010922960821819944
0.7640380859375,0.010891662032722791,0.010891662032722791
0.76416015625,0.010860423966894966,0.010860423966894966
0.7642822265625,0.010829246573940736,0.010829246573940736
0.764404296875,0.010798129803405523,0.010798129803405523
0.7645263671875,0.010767073604775917,0.010767073604775917
0.7646484375,0.01073607792747975,0.010736077927479751
0.7647705078125,0.010705142720886136,0.010705142720886138
0.764892578125,0.010674267934305514,0.010674267934305516
0.7650146484375,0.010643453516989696,0.010643453516989696
0.76513671875,0.010612699418131923,0.010612699418131921
0.7652587890625,0.010582005586866904,0.010582005586866904
0.765380859375,0.010551371972270879,0.010551371972270879
0.7655029296875,0.010520798523361652,0.010520798523361652
0.765625,0.010490285189098654,0.010490285189098652
0.7657470703125,0.010459831918382973,0.010459831918382975
0.765869140625,0.010429438660057438,0.010429438660057438
0.7659912109375,0.01039910536290664,0.010399105362906641
0.76611328125,0.010368831975656986,0.010368831975656983
0.7662353515625,0.010338618446976765,0.010338618446976765
0.766357421875,0.01030846472547619,0.010308464725476188
0.7664794921875,0.010278370759707452,0.01027837075970745
0.7666015625,0.01024833649816476,0.010248336498164761
0.7667236328125,0.01021836188928442,0.01021836188928442
0.766845703125,0.010188446881444864,0.010188446881444865
0.7669677734375,0.010158591422966707,0.010158591422966707
0.76708984375,0.010128795462112813,0.010128795462112813
0.7672119140625,0.010099058947088327,0.010099058947088327
0.767333984375,0.010069381826040755,0.010069381826040755
0.7674560546875,0.01003976404706,0.01003976404706
0.767578125,0.010010205558178413,0.010010205558178414
0.7677001953125,0.00998070630737087,0.00998070630737087
0.767822265625,0.009951266242554805,0.009951266242554805
0.7679443359375,0.009921885311590273,0.009921885311590273
0.76806640625,0.009892563462280015,0.009892563462280013
0.7681884765625,0.009863300642369491,0.009863300642369491
0.768310546875,0.009834096799546966,0.009834096799546967
0.7684326171875,0.00980495188144355,0.00980495188144355
0.7685546875,0.009775865835633243,0.009775865835633243
0.7686767578125,0.009746838609633025,0.009746838609633025
0.768798828125,0.009717870150902884,0.009717870150902884
0.7689208984375,0.009688960406845887,0.009688960406845887
0.76904296875,0.009660109324808241,0.009660109324808241
0.7691650390625,0.00963131685207934,0.009631316852079342
0.769287109375,0.009602582935891842,0.00960258293589184
0.7694091796875,0.009573907523421701,0.009573907523421701
0.76953125,0.009545290561788261,0.009545290561788261
0.7696533203125,0.00951673199805429,0.00951673199805429
0.769775390625,0.009488231779226048,0.009488231779226048
0.7698974609375,0.009459789852253351,0.009459789852253351
0.77001953125,0.009431406164029628,0.00943140616402963
0.7701416015625,0.009403080661391984,0.009403080661391984
0.770263671875,0.00937481329112126,0.00937481329112126
0.7703857421875,0.009346603999942098,0.009346603999942098
0.7705078125,0.009318452734523001,0.009318452734523001
0.7706298828125,0.009290359441476397,0.009290359441476397
0.770751953125,0.009262324067358699,0.0092623240673587
0.7708740234375,0.009234346558670373,0.009234346558670377
0.77099609375,0.009206426861855998,0.009206426861855998
0.7711181640625,0.009178564923304329,0.009178564923304329
0.771240234375,0.00915076068934837,0.00915076068934837
0.7713623046875,0.009123014106265422,0.009123014106265422
0.771484375,0.009095325120277165,0.009095325120277166
0.7716064453125,0.009067693677549718,0.009067693677549718
0.771728515625,0.009040119724193696,0.009040119724193696
0.7718505859375,0.009012603206264286,0.009012603206264286
0.77197265625,0.008985144069761315,0.008985144069761315
0.7720947265625,0.008957742260629306,0.008957742260629308
0.772216796875,0.008930397724757552,0.00893039772475755
0.7723388671875,0.008903110407980187,0.008903110407980187
0.7724609375,0.008875880256076238,0.008875880256076238
0.7725830078125,0.00884870721476972,0.008848707214769718
0.772705078125,0.008821591229729675,0.008821591229729675
0.7728271484375,0.00879453224657026,0.008794532246570258
0.77294921875,0.008767530210850808,0.008767530210850808
0.7730712890625,0.008740585068075908,0.008740585068075908
0.773193359375,0.008713696763695452,0.00871369676369545
0.7733154296875,0.00868686524310473,0.008686865243104731
0.7734375,0.008660090451644488,0.008660090451644488
0.7735595703125,0.008633372334600998,0.008633372334600998
0.773681640625,0.00860671083720614,0.00860671083720614
0.7738037109375,0.008580105904637453,0.008580105904637453
0.77392578125,0.008553557482018229,0.008553557482018229
0.7740478515625,0.008527065514417575,0.008527065514417575
0.774169921875,0.008500629946850479,0.00850062994685048
0.7742919921875,0.008474250724277904,0.008474250724277904
0.7744140625,0.008447927791606828,0.008447927791606828
0.7745361328125,0.008421661093690353,0.008421661093690353
0.774658203125,0.008395450575327756,0.008395450575327756
0.7747802734375,0.008369296181264576,0.008369296181264576
0.77490234375,0.008343197856192672,0.008343197856192672
0.7750244140625,0.008317155544750321,0.008317155544750321
0.775146484375,0.008291169191522275,0.008291169191522275
0.7752685546875,0.008265238741039843,0.008265238741039843
0.775390625,0.008239364137780971,0.008239364137780973
0.7755126953125,0.008213545326170314,0.008213545326170314
0.775634765625,0.008187782250579308,0.008187782250579307
0.7757568359375,0.008162074855326261,0.008162074855326261
0.77587890625,0.008136423084676415,0.008136423084676415
0.7760009765625,0.00811082688284204,0.00811082688284204
0.776123046875,0.008085286193982496,0.008085286193982496
0.7762451171875,0.008059800962204326,0.008059800962204326
0.7763671875,0.008034371131561318,0.008034371131561316
0.7764892578125,0.008008996646054601,0.008008996646054601
0.776611328125,0.007983677449632727,0.007983677449632727
0.7767333984375,0.007958413486191725,0.007958413486191725
0.77685546875,0.007933204699575215,0.007933204699575215
0.7769775390625,0.00790805103357446,0.007908051033574462
0.777099609375,0.00788295243192847,0.007882952431928473
0.7772216796875,0.007857908838324075,0.007857908838324074
0.77734375,0.007832920196395992,0.007832920196395992
0.7774658203125,0.007807986449726932,0.007807986449726932
0.777587890625,0.007783107541847669,0.007783107541847671
0.7777099609375,0.0077582834162371285,0.0077582834162371285
0.77783203125,0.007733514016322465,0.007733514016322466
0.7779541015625,0.007708799285479151,0.007708799285479151
0.778076171875,0.007684139167031052,0.007684139167031052
0.7781982421875,0.00765953360425053,0.007659533604250532
0.7783203125,0.0076349825403585125,0.0076349825403585125
0.7784423828125,0.007610485918524574,0.007610485918524574
0.778564453125,0.007586043681867039,0.007586043681867039
0.7786865234375,0.007561655773453059,0.007561655773453061
0.77880859375,0.007537322136298692,0.007537322136298692
0.7789306640625,0.0075130427133689994,0.0075130427133689994
0.779052734375,0.007488817447578134,0.007488817447578134
0.7791748046875,0.007464646281789414,0.007464646281789415
0.779296875,0.007440529158815431,0.007440529158815431
0.7794189453125,0.007416466021418118,0.007416466021418118
0.779541015625,0.007392456812308856,0.007392456812308858
0.7796630859375,0.0073685014741485515,0.00736850147414855
0.77978515625,0.007344599949547727,0.007344599949547727
0.7799072265625,0.007320752181066616,0.007320752181066615
0.780029296875,0.00729695811121525,0.00729695811121525
0.7801513671875,0.007273217682453552,0.007273217682453554
0.7802734375,0.00724953083719142,0.007249530837191422
0.7803955078125,0.007225897517788829,0.007225897517788829
0.780517578125,0.007202317666555917,0.007202317666555917
0.7806396484375,0.007178791225753072,0.00717879122575307
0.78076171875,0.007155318137591034,0.007155318137591033
0.7808837890625,0.007131898344230987,0.007131898344230987
0.781005859375,0.0071085317877846435,0.0071085317877846435
0.7811279296875,0.007085218410314353,0.007085218410314353
0.78125,0.007061958153833174,0.0070619581538331755
0.7813720703125,0.007038750960304996,0.007038750960304994
0.781494140625,0.007015596771644612,0.007015596771644611
0.7816162109375,0.006992495529717822,0.006992495529717822
0.78173828125,0.006969447176341535,0.006969447176341535
0.7818603515625,0.006946451653283854,0.006946451653283854
0.781982421875,0.006923508902264178,0.006923508902264178
0.7821044921875,0.006900618864953298,0.006900618864953299
0.7822265625,0.0068777814829734975,0.0068777814829734975
0.7823486328125,0.006854996697898641,0.006854996697898643
0.782470703125,0.0068322644512542885,0.006832264451254289
0.7825927734375,0.006809584684517774,0.006809584684517774
0.78271484375,0.00678695733911832,0.00678695733911832
0.7828369140625,0.006764382356437128,0.006764382356437128
0.782958984375,0.006741859677807482,0.006741859677807483
0.7830810546875,0.0067193892445148486,0.0067193892445148486
0.783203125,0.006696970997796978,0.006696970997796978
0.7833251953125,0.006674604878844,0.006674604878844
0.783447265625,0.006652290828798526,0.006652290828798526
0.7835693359375,0.006630028788755765,0.006630028788755765
0.78369140625,0.0066078186997636035,0.0066078186997636035
0.7838134765625,0.0065856605028227185,0.006585660502822721
0.783935546875,0.006563554138886691,0.006563554138886691
0.7840576171875,0.006541499548862085,0.006541499548862087
0.7841796875,0.006519496673608576,0.006519496673608576
0.7843017578125,0.006497545453939039,0.006497545453939039
0.784423828125,0.006475645830619655,0.006475645830619655
0.7845458984375,0.006453797744370027,0.006453797744370028
0.78466796875,0.0064320011358632734,0.006432001135863272
0.7847900390625,0.006410255945726135,0.006410255945726135
0.784912109375,0.006388562114539085,0.006388562114539087
0.7850341796875,0.006366919582836441,0.006366919582836441
0.78515625,0.006345328291106456,0.006345328291106456
0.7852783203125,0.006323788179791438,0.006323788179791442
0.785400390625,0.006302299189287864,0.006302299189287864
0.7855224609375,0.006280861259946459,0.00628086125994646
0.78564453125,0.006259474332072348,0.006259474332072349
0.7857666015625,0.006238138345925125,0.006238138345925125
0.785888671875,0.006216853241718988,0.006216853241718988
0.7860107421875,0.006195618959622836,0.006195618959622834
0.7861328125,0.0061744354397603824,0.0061744354397603824
0.7862548828125,0.0061533026222102705,0.006153302622210271
0.786376953125,0.006132220447006182,0.006132220447006181
0.7864990234375,0.006111188854136939,0.006111188854136939
0.78662109375,0.006090207783546633,0.006090207783546635
0.7867431640625,0.006069277175134727,0.006069277175134727
0.786865234375,0.006048396968756163,0.006048396968756163
0.7869873046875,0.00602756710422149,0.006027567104221491
0.787109375,0.006006787521296966,0.006006787521296967
0.7872314453125,0.005986058159704676,0.005986058159704676
0.787353515625,0.005965378959122645,0.005965378959122646
0.7874755859375,0.005944749859184958,0.0059447498591849585
0.78759765625,0.005924170799481866,0.005924170799481866
0.7877197265625,0.005903641719559911,0.005903641719559911
0.787841796875,0.005883162558922036,0.005883162558922035
0.7879638671875,0.005862733257027703,0.005862733257027704
0.7880859375,0.005842353753293015,0.005842353753293015
0.7882080078125,0.005822023987090826,0.005822023987090825
0.788330078125,0.00580174389775086,0.00580174389775086
0.7884521484375,0.005781513424559835,0.005781513424559835
0.78857421875,0.0057613325067615755,0.005761332506761576
0.7886962890625,0.005741201083557139,0.005741201083557137
0.788818359375,0.005721119094104924,0.005721119094104922
0.7889404296875,0.005701086477520797,0.005701086477520797
0.7890625,0.00568110317287822,0.00568110317287822
0.7891845703125,0.005661169119208359,0.005661169119208359
0.789306640625,0.005641284255500205,0.005641284255500208
0.7894287109375,0.0056214485207007146,0.0056214485207007146
0.78955078125,0.005601661853714904,0.005601661853714904
0.7896728515625,0.005581924193405995,0.005581924193405993
0.789794921875,0.005562235478595521,0.005562235478595521
0.7899169921875,0.005542595648063469,0.00554259564806347
0.7900390625,0.0055230046405483875,0.0055230046405483875
0.7901611328125,0.005503462394747514,0.005503462394747514
0.790283203125,0.0054839688493169055,0.005483968849316906
0.7904052734375,0.005464523942871558,0.005464523942871559
0.79052734375,0.005445127613985537,0.005445127613985537
0.7906494140625,0.005425779801192096,0.005425779801192096
0.790771484375,0.005406480442983811,0.005406480442983811
0.7908935546875,0.005387229477812705,0.0053872294778127055
0.791015625,0.005368026844090373,0.005368026844090375
0.7911376953125,0.0053488724801881125,0.0053488724801881125
0.791259765625,0.005329766324437047,0.005329766324437047
0.7913818359375,0.005310708315128262,0.005310708315128263
0.79150390625,0.00529169839051293,0.00529169839051293
0.7916259765625,0.005272736488802438,0.005272736488802437
0.791748046875,0.005253822548168521,0.005253822548168521
0.7918701171875,0.005234956506743391,0.005234956506743391
0.7919921875,0.0052161383026198705,0.0052161383026198705
0.7921142578125,0.005197367873851517,0.005197367873851518
0.792236328125,0.005178645158452761,0.005178645158452762
0.7923583984375,0.005159970094399041,0.005159970094399041
0.79248046875,0.005141342619626924,0.005141342619626924
0.7926025390625,0.00512276267203425,0.005122762672034248
0.792724609375,0.005104230189480257,0.005104230189480258
0.7928466796875,0.005085745109785731,0.005085745109785732
0.79296875,0.005067307370733116,0.005067307370733116
0.7930908203125,0.005048916910066668,0.005048916910066668
0.793212890625,0.005030573665492586,0.005030573665492587
0.7933349609375,0.00501227757467914,0.00501227757467914
0.79345703125,0.004994028575256817,0.004994028575256818
0.7935791015625,0.004975826604818453,0.004975826604818453
0.793701171875,0.004957671600919371,0.004957671600919371
0.7938232421875,0.004939563501077518,0.004939563501077518
0.7939453125,0.004921502242773603,0.004921502242773603
0.7940673828125,0.004903487763451236,0.004903487763451236
0.794189453125,0.0048855200005170655,0.0048855200005170655
0.7943115234375,0.004867598891340923,0.004867598891340923
0.79443359375,0.0048497243732559545,0.004849724373255953
0.7945556640625,0.0048318963835587625,0.004831896383558762
0.794677734375,0.004814114859509557,0.004814114859509557
0.7947998046875,0.004796379738332286,0.004796379738332286
0.794921875,0.004778690957214775,0.004778690957214774
0.7950439453125,0.004761048453308879,0.004761048453308878
0.795166015625,0.004743452163730616,0.004743452163730616
0.7952880859375,0.004725902025560321,0.00472590202556032
0.79541015625,0.004708397975842773,0.004708397975842775
0.7955322265625,0.004690939951587357,0.0046909399515873565
0.795654296875,0.00467352788976819,0.00467352788976819
0.7957763671875,0.004656161727324284,0.004656161727324286
0.7958984375,0.00463884140115968,0.004638841401159679
0.7960205078125,0.004621566848143589,0.004621566848143588
0.796142578125,0.004604338005110553,0.004604338005110553
0.7962646484375,0.004587154808860583,0.004587154808860582
0.79638671875,0.004570017196159305,0.004570017196159305
0.7965087890625,0.00455292510373811,0.00455292510373811
0.796630859375,0.0045358784682943,0.0045358784682943
0.7967529296875,0.004518877226491238,0.004518877226491238
0.796875,0.004501921314958499,0.004501921314958499
0.7969970703125,0.004485010670292014,0.004485010670292014
0.797119140625,0.004468145229054223,0.004468145229054223
0.7972412109375,0.004451324927774227,0.004451324927774227
0.79736328125,0.0044345497029479345,0.0044345497029479345
0.7974853515625,0.004417819491038215,0.004417819491038215
0.797607421875,0.004401134228475051,0.004401134228475051
0.7977294921875,0.004384493851655688,0.004384493851655689
0.7978515625,0.0043678982969447945,0.004367898296944793
0.7979736328125,0.004351347500674597,0.004351347500674597
0.798095703125,0.004334841399145057,0.004334841399145057
0.7982177734375,0.004318379928624009,0.00431837992862401
0.79833984375,0.0043019630253473195,0.0043019630253473195
0.7984619140625,0.00428559062551904,0.004285590625519039
0.798583984375,0.0042692626653115665,0.0042692626653115665
0.7987060546875,0.00425297908086579,0.00425297908086579
0.798828125,0.004236739808291261,0.004236739808291261
0.7989501953125,0.004220544783666332,0.004220544783666332
0.799072265625,0.004204393943038331,0.004204393943038331
0.7991943359375,0.0041882872224237085,0.0041882872224237085
0.79931640625,0.004172224557808198,0.004172224557808198
0.7994384765625,0.004156205885146975,0.004156205885146975
0.799560546875,0.004140231140364818,0.004140231140364818
0.7996826171875,0.004124300259356264,0.004124300259356263
0.7998046875,0.00410841317798577,0.00410841317798577
0.7999267578125,0.004092569832087879,0.004092569832087879
0.800048828125,0.00407677015746737,0.00407677015746737
0.8001708984375,0.004061014089899428,0.004061014089899428
0.80029296875,0.004045301565129802,0.004045301565129802
0.8004150390625,0.004029632518874969,0.004029632518874969
0.800537109375,0.004014006886822295,0.004014006886822295
0.8006591796875,0.0039984246046302,0.0039984246046302
0.80078125,0.0039828856079283225,0.0039828856079283225
0.8009033203125,0.003967389832317679,0.003967389832317679
0.801025390625,0.003951937213370834,0.003951937213370834
0.8011474609375,0.0039365276866320615,0.0039365276866320615
0.80126953125,0.003921161187617512,0.003921161187617513
0.8013916015625,0.003905837651815379,0.003905837651815379
0.801513671875,0.0038905570146860633,0.0038905570146860633
0.8016357421875,0.003875319211662343,0.003875319211662344
0.8017578125,0.00386012417814954,0.00386012417814954
0.8018798828125,0.0038449718495256846,0.0038449718495256846
0.802001953125,0.003829862161141689,0.003829862161141689
0.8021240234375,0.0038147950483215123,0.0038147950483215123
0.80224609375,0.003799770446362331,0.003799770446362331
0.8023681640625,0.003784788290534709,0.00378478829053471
0.802490234375,0.0037698485160827713,0.0037698485160827704
0.8026123046875,0.0037549510582243653,0.0037549510582243644
0.802734375,0.0037400958521512403,0.0037400958521512403
0.8028564453125,0.0037252828330292184,0.0037252828330292184
0.802978515625,0.0037105119359983627,0.0037105119359983636
0.8031005859375,0.003695783096173154,0.003695783096173154
0.80322265625,0.003681096248642659,0.003681096248642659
0.8033447265625,0.0036664513284707092,0.0036664513284707092
0.803466796875,0.0036518482706960715,0.003651848270696073
0.8035888671875,0.003637287010332625,0.003637287010332625
0.8037109375,0.0036227674823695326,0.0036227674823695326
0.8038330078125,0.003608289621771417,0.003608289621771418
0.803955078125,0.0035938533634785434,0.003593853363478544
0.8040771484375,0.003579458642406986,0.003579458642406986
0.80419921875,0.0035651053934488085,0.0035651053934488085
0.8043212890625,0.003550793551472246,0.003550793551472246
0.804443359375,0.0035365230513218753,0.0035365230513218753
0.8045654296875,0.003522293827818798,0.003522293827818798
0.8046875,0.0035081058157608175,0.0035081058157608175
0.8048095703125,0.0034939589499226203,0.0034939589499226207
0.804931640625,0.003479853165055952,0.003479853165055952
0.8050537109375,0.0034657883958897993,0.0034657883958897993
0.80517578125,0.0034517645771305716,0.0034517645771305716
0.8052978515625,0.0034377816434622795,0.0034377816434622795
0.805419921875,0.0034238395295467204,0.0034238395295467204
0.8055419921875,0.0034099381700236553,0.003409938170023655
0.8056640625,0.0033960774995109963,0.003396077499510995
0.8057861328125,0.0033822574526049852,0.003382257452604985
0.805908203125,0.0033684779638803804,0.0033684779638803804
0.8060302734375,0.003354738967890638,0.003354738967890638
0.80615234375,0.0033410403991680996,0.0033410403991680987
0.8062744140625,0.0033273821922241726,0.0033273821922241726
0.806396484375,0.0033137642815495192,0.0033137642815495192
0.8065185546875,0.0033001866016142403,0.0033001866016142407
0.806640625,0.003286649086868063,0.003286649086868063
0.8067626953125,0.003273151671740526,0.003273151671740526
0.806884765625,0.003259694290641168,0.003259694290641168
0.8070068359375,0.0032462768779597134,0.0032462768779597134
0.80712890625,0.003232899368066264,0.003232899368066264
0.8072509765625,0.003219561695311484,0.003219561695311484
0.807373046875,0.00320626379402679,0.00320626379402679
0.8074951171875,0.0031930055985245425,0.0031930055985245425
0.8076171875,0.0031797870430982323,0.003179787043098233
0.8077392578125,0.003166608062022677,0.003166608062022677
0.807861328125,0.0031534685895542036,0.0031534685895542036
0.8079833984375,0.003140368559930846,0.003140368559930846
0.80810546875,0.0031273079073725362,0.0031273079073725362
0.8082275390625,0.0031142865660812942,0.0031142865660812947
0.808349609375,0.0031013044702414244,0.0031013044702414253
0.8084716796875,0.0030883615540197055,0.0030883615540197055
0.80859375,0.0030754577515655847,0.0030754577515655847
0.8087158203125,0.003062592997011374,0.003062592997011375
0.808837890625,0.003049767224472445,0.003049767224472445
0.8089599609375,0.0030369803680474197,0.0030369803680474197
0.80908203125,0.0030242323618183725,0.0030242323618183725
0.8092041015625,0.0030115231398510217,0.0030115231398510217
0.809326171875,0.002998852636194928,0.002998852636194928
0.8094482421875,0.0029862207848836884,0.0029862207848836884
0.8095703125,0.0029736275199351413,0.002973627519935141
0.8096923828125,0.002961072775351554,0.002961072775351555
0.809814453125,0.002948556485119833,0.002948556485119833
0.8099365234375,0.0029360785832117098,0.0029360785832117098
0.81005859375,0.0029236390035839535,0.0029236390035839535
0.8101806640625,0.0029112376801785586,0.0029112376801785586
0.810302734375,0.002898874546922956,0.0028988745469229553
0.8104248046875,0.002886549537730205,0.002886549537730205
0.810546875,0.0028742625864992006,0.0028742625864992006
0.8106689453125,0.0028620136271148722,0.0028620136271148727
0.810791015625,0.0028498025934483875,0.0028498025934483875
0.8109130859375,0.0028376294193573513,0.0028376294193573513
0.81103515625,0.002825494038686016,0.002825494038686016
0.8111572265625,0.002813396385265477,0.002813396385265477
0.811279296875,0.002801336392913883,0.002801336392913883
0.8114013671875,0.0027893139954366353,0.0027893139954366358
0.8115234375,0.0027773291266265975,0.0027773291266265975
0.8116455078125,0.0027653817202643004,0.0027653817202643004
0.811767578125,0.0027534717101181413,0.0027534717101181418
0.8118896484375,0.002741599029944601,0.002741599029944601
0.81201171875,0.002729763613488442,0.002729763613488442
0.8121337890625,0.0027179653944829196,0.0027179653944829196
0.812255859375,0.0027062043066499886,0.002706204306649989
0.8123779296875,0.0026944802837005136,0.0026944802837005136
0.8125,0.0026827932593344733,0.0026827932593344733
0.8126220703125,0.0026711431672411753,0.0026711431672411753
0.812744140625,0.002659529941099458,0.0026595299410994587
0.8128662109375,0.0026479535145779113,0.0026479535145779113
0.81298828125,0.0026364138213350766,0.0026364138213350766
0.8131103515625,0.002624910795019664,0.002624910795019664
0.813232421875,0.0026134443692707623,0.0026134443692707628
0.8133544921875,0.00260201447771805,0.0026020144777180506
0.8134765625,0.00259062105398201,0.0025906210539820094
0.8135986328125,0.002579264031674136,0.0025792640316741364
0.813720703125,0.002567943344397156,0.002567943344397156
0.8138427734375,0.0025566589257452377,0.0025566589257452377
0.81396484375,0.0025454107093042058,0.0025454107093042058
0.8140869140625,0.0025341986286517557,0.0025341986286517566
0.814208984375,0.0025230226173576713,0.002523022617357671
0.8143310546875,0.0025118826089840355,0.0025118826089840355
0.814453125,0.0025007785370854507,0.0025007785370854503
0.8145751953125,0.0024897103352092536,0.002489710335209253
0.814697265625,0.0024786779368957314,0.0024786779368957314
0.8148193359375,0.0024676812756783415,0.0024676812756783415
0.81494140625,0.002456720285083925,0.002456720285083925
0.8150634765625,0.00244579489863293,0.00244579489863293
0.815185546875,0.0024349050498396266,0.002434905049839627
0.8153076171875,0.002424050672212329,0.0024240506722123284
0.8154296875,0.00241323169925361,0.00241323169925361
0.8155517578125,0.002402448064460528,0.0024024480644605282
0.815673828125,0.002391699701324843,0.0023916997013248426
0.8157958984375,0.002380986543333237,0.002380986543333237
0.81591796875,0.00237030852396754,0.00237030852396754
0.8160400390625,0.002359665576704946,0.002359665576704945
0.816162109375,0.002349057635018239,0.0023490576350182384
0.8162841796875,0.0023384846323760144,0.0023384846323760144
0.81640625,0.0023279465022429044,0.0023279465022429035
0.8165283203125,0.002317443178079796,0.002317443178079796
0.816650390625,0.002306974593344063,0.0023069745933440634
0.8167724609375,0.002296540681489784,0.002296540681489784
0.81689453125,0.00228614137596797,0.0022861413759679705
0.8170166015625,0.002275776610226789,0.0022757766102267894
0.817138671875,0.002265446317711794,0.0022654463177117935
0.8172607421875,0.002255150431866145,0.002255150431866145
0.8173828125,0.002244888886130839,0.002244888886130839
0.8175048828125,0.0022346616139449376,0.0022346616139449376
0.817626953125,0.0022244685487457934,0.0022244685487457934
0.8177490234375,0.002214309623969276,0.0022143096239692762
0.81787109375,0.0022041847730500034,0.002204184773050003
0.8179931640625,0.0021940939294215686,0.002194093929421569
0.818115234375,0.0021840370265167734,0.0021840370265167734
0.8182373046875,0.002174013997767852,0.0021740139977678517
0.818359375,0.002164024776606705,0.0021640247766067044
0.8184814453125,0.0021540692964651274,0.0021540692964651274
0.818603515625,0.0021441474907750433,0.0021441474907750433
0.8187255859375,0.002134259292968737,0.0021342592929687364
0.81884765625,0.0021244046364790785,0.002124404636479079
0.8189697265625,0.0021145834547397647,0.0021145834547397647
0.819091796875,0.002104795681185546,0.0021047956811855455
0.8192138671875,0.0020950412492524617,0.0020950412492524626
0.8193359375,0.0020853200923780747,0.0020853200923780747
0.8194580078125,0.0020756321440017016,0.002075632144001702
0.819580078125,0.0020659773375646534,0.0020659773375646534
0.8197021484375,0.0020563556065104635,0.002056355606510463
0.81982421875,0.002046766884285127,0.002046766884285127
0.8199462890625,0.002037211104337337,0.002037211104337338
0.820068359375,0.002027688200118719,0.002027688200118719
0.8201904296875,0.002018198105084066,0.002018198105084066
0.8203125,0.0020087407526915794,0.00200874075269158
0.8204345703125,0.0019993160764031036,0.0019993160764031036
0.820556640625,0.001989924009684363,0.001989924009684363
0.8206787109375,0.001980564486005204,0.001980564486005204
0.82080078125,0.001971237438839831,0.001971237438839831
0.8209228515625,0.001961942801667044,0.001961942801667044
0.821044921875,0.0019526805079704813,0.0019526805079704813
0.8211669921875,0.0019434504912388569,0.0019434504912388569
0.8212890625,0.0019342526849662025,0.001934252684966203
0.8214111328125,0.001925087022652108,0.001925087022652108
0.821533203125,0.0019159534378019598,0.0019159534378019598
0.8216552734375,0.0019068518639271856,0.0019068518639271865
0.82177734375,0.001897782234545497,0.001897782234545497
0.8218994140625,0.0018887444831811268,0.0018887444831811263
0.822021484375,0.0018797385433650757,0.0018797385433650757
0.8221435546875,0.001870764348635357,0.0018707643486353565
0.822265625,0.0018618218325372343,0.0018618218325372343
0.8223876953125,0.001852910928623471,0.0018529109286234708
0.822509765625,0.0018440315704545715,0.0018440315704545715
0.8226318359375,0.001835183691599027,0.001835183691599027
0.82275390625,0.00182636722563356,0.00182636722563356
0.8228759765625,0.0018175821061433698,0.0018175821061433698
0.822998046875,0.00180882826672238,0.0018088282667223796
0.8231201171875,0.0018001056409734822,0.0018001056409734822
0.8232421875,0.0017914141625087838,0.0017914141625087843
0.8233642578125,0.0017827537649498573,0.0017827537649498573
0.823486328125,0.0017741243819279823,0.0017741243819279825
0.8236083984375,0.0017655259470843992,0.0017655259470843992
0.82373046875,0.0017569583940705536,0.0017569583940705536
0.8238525390625,0.0017484216565483463,0.0017484216565483463
0.823974609375,0.001739915668190382,0.0017399156681903824
0.8240966796875,0.00173144036268022,0.00173144036268022
0.82421875,0.0017229956737126197,0.0017229956737126197
0.8243408203125,0.0017145815349937968,0.0017145815349937968
0.824462890625,0.0017061978802416693,0.0017061978802416693
0.8245849609375,0.0016978446431861092,0.0016978446431861092
0.82470703125,0.0016895217575691951,0.0016895217575691953
0.8248291015625,0.0016812291571454625,0.0016812291571454627
0.824951171875,0.0016729667756821562,0.001672966775682156
0.8250732421875,0.0016647345469594833,0.0016647345469594833
0.8251953125,0.0016565324047708642,0.0016565324047708645
0.8253173828125,0.001648360282923188,0.0016483602829231883
0.825439453125,0.0016402181152370642,0.0016402181152370642
0.8255615234375,0.0016321058355470764,0.0016321058355470764
0.82568359375,0.001624023377702038,0.001624023377702038
0.8258056640625,0.0016159706755652459,0.0016159706755652459
0.825927734375,0.0016079476630147349,0.0016079476630147342
0.8260498046875,0.0015999542739435328,0.0015999542739435324
0.826171875,0.0015919904422599176,0.0015919904422599176
0.8262939453125,0.001584056101887673,0.001584056101887673
0.826416015625,0.0015761511867663429,0.0015761511867663424
0.8265380859375,0.0015682756308514892,0.0015682756308514892
0.82666015625,0.0015604293681149507,0.0015604293681149507
0.8267822265625,0.0015526123325450972,0.0015526123325450972
0.826904296875,0.0015448244581470897,0.0015448244581470897
0.8270263671875,0.001537065678943136,0.0015370656789431359
0.8271484375,0.0015293359289727528,0.0015293359289727528
0.8272705078125,0.0015216351422930204,0.0015216351422930204
0.827392578125,0.0015139632529788448,0.0015139632529788448
0.8275146484375,0.0015063201951232151,0.0015063201951232151
0.82763671875,0.0014987059028374649,0.0014987059028374649
0.8277587890625,0.0014911203102515311,0.0014911203102515311
0.827880859375,0.0014835633515142153,0.0014835633515142153
0.8280029296875,0.0014760349607934433,0.0014760349607934433
0.828125,0.0014685350722765278,0.0014685350722765278
0.8282470703125,0.0014610636201704279,0.0014610636201704279
0.828369140625,0.0014536205387020139,0.0014536205387020139
0.8284912109375,0.0014462057621183245,0.0014462057621183245
0.82861328125,0.0014388192246868347,0.0014388192246868347
0.8287353515625,0.0014314608606957144,0.0014314608606957142
0.828857421875,0.0014241306044540933,0.0014241306044540936
0.8289794921875,0.0014168283902923238,0.001416828390292324
0.8291015625,0.0014095541525622449,0.0014095541525622449
0.8292236328125,0.0014023078256374453,0.0014023078256374453
0.829345703125,0.0013950893439135291,0.0013950893439135291
0.8294677734375,0.0013878986418083782,0.0013878986418083784
0.82958984375,0.0013807356537624208,0.0013807356537624208
0.8297119140625,0.0013736003142388925,0.0013736003142388925
0.829833984375,0.0013664925577241045,0.0013664925577241043
0.8299560546875,0.0013594123187277074,0.001359412318727708
0.830078125,0.0013523595317829614,0.0013523595317829614
0.8302001953125,0.0013453341314469962,0.0013453341314469962
0.830322265625,0.0013383360523010835,0.0013383360523010835
0.8304443359375,0.0013313652289509005,0.001331365228950901
0.83056640625,0.0013244215960267999,0.0013244215960267999
0.8306884765625,0.0013175050881840747,0.0013175050881840745
0.830810546875,0.0013106156401032272,0.0013106156401032272
0.8309326171875,0.0013037531864902381,0.0013037531864902388
0.8310546875,0.0012969176620768348,0.0012969176620768348
0.8311767578125,0.001290109001620756,0.0012901090016207563
0.831298828125,0.0012833271399060283,0.0012833271399060283
0.8314208984375,0.0012765720117432285,0.0012765720117432287
0.83154296875,0.0012698435519697567,0.0012698435519697567
0.8316650390625,0.0012631416954501041,0.0012631416954501041
0.831787109375,0.0012564663770761263,0.0012564663770761268
0.8319091796875,0.0012498175317673104,0.0012498175317673104
0.83203125,0.001243195094471045,0.001243195094471045
0.8321533203125,0.001236599000162896,0.0012365990001628959
0.832275390625,0.0012300291838468719,0.0012300291838468716
0.8323974609375,0.0012234855805556989,0.0012234855805556989
0.83251953125,0.0012169681253510907,0.001216968125351091
0.8326416015625,0.0012104767533240226,0.0012104767533240223
0.832763671875,0.0012040113995949997,0.0012040113995949997
0.8328857421875,0.0011975719993143337,0.0011975719993143337
0.8330078125,0.0011911584876624123,0.0011911584876624123
0.8331298828125,0.0011847707998499742,0.0011847707998499742
0.833251953125,0.001178408871118381,0.001178408871118381
0.8333740234375,0.0011720726367398897,0.0011720726367398897
0.83349609375,0.0011657620320179298,0.00116576203201793
0.8336181640625,0.0011594769922873731,0.001159476992287373
0.833740234375,0.0011532174529148094,0.0011532174529148094
0.8338623046875,0.0011469833492988213,0.0011469833492988213
0.833984375,0.001140774616870258,0.0011407746168702584
0.8341064453125,0.0011345911910925115,0.0011345911910925117
0.834228515625,0.0011284330074617884,0.0011284330074617884
0.8343505859375,0.0011223000015073879,0.001122300001507388
0.83447265625,0.001116192108791977,0.0011161921087919772
0.8345947265625,0.0011101092649118641,0.0011101092649118641
0.834716796875,0.0011040514054972772,0.0011040514054972772
0.8348388671875,0.0010980184662126387,0.0010980184662126385
0.8349609375,0.0010920103827568412,0.001092010382756841
0.8350830078125,0.0010860270908635253,0.0010860270908635255
0.835205078125,0.0010800685263013551,0.001080068526301355
0.8353271484375,0.0010741346248742956,0.0010741346248742956
0.83544921875,0.0010682253224218903,0.0010682253224218899
0.8355712890625,0.0010623405548195357,0.0010623405548195357
0.835693359375,0.001056480257978763,0.0010564802579787632
0.8358154296875,0.001050644367847512,0.0010506443678475125
0.8359375,0.0010448328204104116,0.0010448328204104116
0.8360595703125,0.0010390455516890548,0.0010390455516890546
0.836181640625,0.0010332824977422799,0.0010332824977422799
0.8363037109375,0.001027543594666447,0.0010275435946664475
0.83642578125,0.0010218287785957179,0.0010218287785957179
0.8365478515625,0.0010161379857023321,0.0010161379857023323
0.836669921875,0.0010104711521968894,0.0010104711521968892
0.8367919921875,0.0010048282143286253,0.0010048282143286253
0.8369140625,0.0009992091083856924,0.0009992091083856924
0.8370361328125,0.0009936137706954402,0.00099361377069544
0.837158203125,0.0009880421376246913,0.0009880421376246915
0.8372802734375,0.0009824941455800257,0.0009824941455800257
0.83740234375,0.0009769697310080564,0.0009769697310080564
0.8375244140625,0.0009714688303957121,0.0009714688303957121
0.837646484375,0.0009659913802705155,0.0009659913802705155
0.8377685546875,0.0009605373172008652,0.0009605373172008652
0.837890625,0.0009551065777963142,0.0009551065777963142
0.8380126953125,0.0009496990987078521,0.0009496990987078521
0.838134765625,0.0009443148166281849,0.0009443148166281849
0.8382568359375,0.0009389536682920158,0.0009389536682920158
0.83837890625,0.000933615590476326,0.0009336155904763261
0.8385009765625,0.0009283005200006562,0.0009283005200006562
0.838623046875,0.0009230083937273871,0.0009230083937273871
0.8387451171875,0.0009177391485620211,0.0009177391485620211
0.8388671875,0.0009124927214534632,0.0009124927214534633
0.8389892578125,0.000907269049394304,0.0009072690493943038
0.839111328125,0.0009020680694210982,0.0009020680694210982
0.8392333984375,0.00089688971861465,0.0008968897186146499
0.83935546875,0.0008917339341002919,0.0008917339341002916
0.8394775390625,0.000886600653048168,0.000886600653048168
0.839599609375,0.0008814898126735161,0.000881489812673516
0.8397216796875,0.000876401350236949,0.000876401350236949
0.83984375,0.0008713352030447373,0.0008713352030447372
0.8399658203125,0.0008662913084490911,0.0008662913084490911
0.840087890625,0.0008612696038484432,0.000861269603848443
0.8402099609375,0.0008562700266877303,0.0008562700266877303
0.84033203125,0.0008512925144586769,0.0008512925144586769
0.8404541015625,0.0008463370047000762,0.0008463370047000762
0.840576171875,0.0008414034349980744,0.0008414034349980742
0.8406982421875,0.000836491742986452,0.0008364917429864522
0.8408203125,0.0008316018663469076,0.0008316018663469076
0.8409423828125,0.0008267337428093399,0.0008267337428093399
0.841064453125,0.0008218873101521312,0.0008218873101521312
0.8411865234375,0.0008170625062024298,0.0008170625062024298
0.84130859375,0.0008122592688364334,0.0008122592688364334
0.8414306640625,0.0008074775359796717,0.0008074775359796716
0.841552734375,0.0008027172456072896,0.0008027172456072898
0.8416748046875,0.0007979783357443307,0.0007979783357443307
0.841796875,0.0007932607444660197,0.0007932607444660197
0.8419189453125,0.0007885644098980455,0.0007885644098980455
0.842041015625,0.0007838892702168457,0.0007838892702168457
0.8421630859375,0.000779235263649888,0.0007792352636498882
0.84228515625,0.000774602328475955,0.000774602328475955
0.8424072265625,0.0007699904030254256,0.0007699904030254257
0.842529296875,0.0007653994256805604,0.0007653994256805606
0.8426513671875,0.0007608293348757834,0.0007608293348757834
0.8427734375,0.0007562800690979658,0.0007562800690979658
0.8428955078125,0.000751751566886709,0.0007517515668867087
0.843017578125,0.0007472437668346281,0.0007472437668346281
0.8431396484375,0.0007427566075876354,0.0007427566075876354
0.84326171875,0.0007382900278452228,0.0007382900278452228
0.8433837890625,0.0007338439663607461,0.0007338439663607461
0.843505859375,0.000729418361941707,0.000729418361941707
0.8436279296875,0.0007250131534500372,0.0007250131534500372
0.84375,0.0007206282798023814,0.0007206282798023814
0.8438720703125,0.0007162636799703798,0.0007162636799703798
0.843994140625,0.0007119192929809523,0.0007119192929809525
0.8441162109375,0.0007075950579165808,0.0007075950579165808
0.84423828125,0.0007032909139155917,0.0007032909139155917
0.8443603515625,0.00069900680017244,0.00069900680017244
0.844482421875,0.0006947426559379918,0.0006947426559379918
0.8446044921875,0.0006904984205198068,0.0006904984205198068
0.8447265625,0.0006862740332824215,0.0006862740332824215
0.8448486328125,0.0006820694336476318,0.0006820694336476319
0.844970703125,0.0006778845610947759,0.0006778845610947758
0.8450927734375,0.0006737193551610162,0.0006737193551610163
0.84521484375,0.000669573755441623,0.0006695737554416228
0.8453369140625,0.0006654477015902556,0.0006654477015902556
0.845458984375,0.0006613411333192462,0.0006613411333192462
0.8455810546875,0.0006572539903998807,0.0006572539903998805
0.845703125,0.0006531862126626818,0.0006531862126626818
0.8458251953125,0.000649137739997691,0.000649137739997691
0.845947265625,0.0006451085123547507,0.0006451085123547507
0.8460693359375,0.0006410984697437852,0.0006410984697437851
0.84619140625,0.000637107552235084,0.000637107552235084
0.8463134765625,0.000633135699959582,0.0006331356999595822
0.846435546875,0.0006291828531091426,0.0006291828531091426
0.8465576171875,0.0006252489519368375,0.0006252489519368375
0.8466796875,0.00062133393675723,0.0006213339367572299
0.8468017578125,0.0006174377479466533,0.0006174377479466533
0.846923828125,0.0006135603259434951,0.0006135603259434954
0.8470458984375,0.0006097016112484762,0.0006097016112484762
0.84716796875,0.0006058615444249316,0.0006058615444249316
0.8472900390625,0.0006020400660990919,0.0006020400660990918
0.847412109375,0.0005982371169603629,0.0005982371169603629
0.8475341796875,0.0005944526377616066,0.0005944526377616069
0.84765625,0.0005906865693194219,0.0005906865693194219
0.8477783203125,0.0005869388525144228,0.0005869388525144228
0.847900390625,0.0005832094282915201,0.0005832094282915201
0.8480224609375,0.0005794982376602,0.0005794982376602
0.84814453125,0.0005758052216948047,0.0005758052216948047
0.8482666015625,0.0005721303215348103,0.0005721303215348103
0.848388671875,0.000568473478385107,0.000568473478385107
0.8485107421875,0.000564834633516278,0.000564834633516278
0.8486328125,0.0005612137282648776,0.0005612137282648775
0.8487548828125,0.0005576107040337102,0.0005576107040337105
0.848876953125,0.0005540255022921096,0.0005540255022921096
0.8489990234375,0.000550458064576215,0.0005504580645762151
0.84912109375,0.0005469083324892509,0.000546908332489251
0.8492431640625,0.000543376247701804,0.000543376247701804
0.849365234375,0.0005398617519521006,0.0005398617519521006
0.8494873046875,0.0005363647870462844,0.0005363647870462843
0.849609375,0.000532885294858693,0.0005328852948586931
0.8497314453125,0.0005294232173321355,0.0005294232173321355
0.849853515625,0.0005259784964781679,0.0005259784964781679
0.8499755859375,0.0005225510743773704,0.0005225510743773704
0.85009765625,0.0005191408931796231,0.0005191408931796232
0.8502197265625,0.0005157478951043823,0.0005157478951043823
0.850341796875,0.0005123720224409548,0.0005123720224409548
0.8504638671875,0.0005090132175487752,0.0005090132175487752
0.8505859375,0.0005056714228576787,0.0005056714228576788
0.8507080078125,0.0005023465808681779,0.0005023465808681779
0.850830078125,0.0004990386341517357,0.0004990386341517357
0.8509521484375,0.0004957475253510405,0.0004957475253510405
0.85107421875,0.0004924731971802797,0.0004924731971802797
0.8511962890625,0.0004892155924254134,0.0004892155924254133
0.851318359375,0.0004859746539444475,0.0004859746539444475
0.8514404296875,0.0004827503246677074,0.0004827503246677074
0.8515625,0.00047954254759810977,0.00047954254759811
0.8516845703125,0.0004763512658114358,0.0004763512658114357
0.851806640625,0.0004731764224566024,0.0004731764224566024
0.8519287109375,0.0004700179607559349,0.0004700179607559349
0.85205078125,0.00046687582400543784,0.0004668758240054379
0.8521728515625,0.0004637499555750664,0.0004637499555750664
0.852294921875,0.00046064029890899674,0.00046064029890899674
0.8524169921875,0.00045754679752589697,0.0004575467975258969
0.8525390625,0.0004544693950191966,0.00045446939501919654
0.8526611328125,0.0004514080350573568,0.0004514080350573569
0.852783203125,0.0004483626613841397,0.0004483626613841398
0.8529052734375,0.00044533321781887694,0.0004453332178188769
0.85302734375,0.00044231964825673854,0.00044231964825673854
0.8531494140625,0.0004393218966690015,0.0004393218966690015
0.853271484375,0.0004363399071033167,0.00043633990710331667
0.8533935546875,0.0004333736236839777,0.0004333736236839777
0.853515625,0.0004304229906121871,0.0004304229906121871
0.8536376953125,0.00042748795216632267,0.00042748795216632267
0.853759765625,0.0004245684527022049,0.00042456845270220494
0.8538818359375,0.0004216644366533623,0.0004216644366533623
0.85400390625,0.0004187758485312963,0.0004187758485312963
0.8541259765625,0.0004159026329257474,0.00041590263292574746
0.854248046875,0.0004130447345049591,0.00041304473450495913
0.8543701171875,0.00041020209801594234,0.00041020209801594234
0.8544921875,0.00040737466828473913,0.00040737466828473913
0.8546142578125,0.00040456239021668635,0.00040456239021668635
0.854736328125,0.00040176520879667813,0.00040176520879667813
0.8548583984375,0.0003989830690894285,0.00039898306908942846
0.85498046875,0.00039621591623973355,0.00039621591623973355
0.8551025390625,0.0003934636954727327,0.00039346369547273277
0.855224609375,0.0003907263520941702,0.0003907263520941703
0.8553466796875,0.0003880038314906555,0.0003880038314906555
0.85546875,0.0003852960791299229,0.0003852960791299229
0.8555908203125,0.0003826030405610923,0.0003826030405610924
0.855712890625,0.00037992466141492746,0.00037992466141492746
0.8558349609375,0.000377260887404095,0.000377260887404095
0.85595703125,0.0003746116643234228,0.0003746116643234228
0.8560791015625,0.0003719769380501572,0.0003719769380501572
0.856201171875,0.0003693566545442206,0.0003693566545442206
0.8563232421875,0.0003667507598484679,0.0003667507598484679
0.8564453125,0.00036415920008894294,0.00036415920008894294
0.8565673828125,0.0003615819214751337,0.0003615819214751337
0.856689453125,0.0003590188703002274,0.00035901887030022757
0.8568115234375,0.0003564699929413659,0.0003564699929413659
0.85693359375,0.0003539352358598984,0.0003539352358598983
0.8570556640625,0.00035141454560163574,0.00035141454560163574
0.857177734375,0.0003489078687971033,0.0003489078687971033
0.8572998046875,0.000346415152161793,0.0003464151521617931
0.857421875,0.00034393634249641554,0.00034393634249641554
0.8575439453125,0.000341471386687151,0.000341471386687151
0.857666015625,0.0003390202317059001,0.00033902023170590017
0.8577880859375,0.0003365828246105341,0.0003365828246105341
0.85791015625,0.000334159112545144,0.000334159112545144
0.8580322265625,0.00033174904274028944,0.00033174904274028955
0.858154296875,0.00032935256251324767,0.00032935256251324767
0.8582763671875,0.00032696961926826035,0.00032696961926826035
0.8583984375,0.0003246001604967811,0.0003246001604967811
0.8585205078125,0.0003222441337777216,0.0003222441337777216
0.858642578125,0.0003199014867776982,0.0003199014867776982
0.8587646484375,0.0003175721672512762,0.0003175721672512763
0.85888671875,0.000315256123041215,0.000315256123041215
0.8590087890625,0.00031295330207871175,0.00031295330207871175
0.859130859375,0.00031066365238364475,0.00031066365238364475
0.8592529296875,0.00030838712206481624,0.00030838712206481624
0.859375,0.0003061236593201941,0.0003061236593201941
0.8594970703125,0.00030387321243715323,0.0003038732124371533
0.859619140625,0.0003016357297927167,0.0003016357297927167
0.8597412109375,0.0002994111598537947,0.0002994111598537947
0.85986328125,0.00029719945117742485,0.00029719945117742485
0.8599853515625,0.0002950005524110104,0.00029500055241101034
0.860107421875,0.00029281441229255775,0.00029281441229255775
0.8602294921875,0.0002906409796509147,0.00029064097965091475
0.8603515625,0.00028848020340600594,0.00028848020340600594
0.8604736328125,0.00028633203256906933,0.00028633203256906933
0.860595703125,0.0002841964162428908,0.00028419641624289086
0.8607177734375,0.00028207330362203917,0.00028207330362203917
0.86083984375,0.00027996264399309916,0.00027996264399309916
0.8609619140625,0.0002778643867349047,0.0002778643867349047
0.861083984375,0.000275778481318771,0.000275778481318771
0.8612060546875,0.0002737048773087261,0.0002737048773087261
0.861328125,0.00027164352436174105,0.00027164352436174116
0.8614501953125,0.0002695943722279607,0.0002695943722279607
0.861572265625,0.000267557370750932,0.000267557370750932
0.8616943359375,0.0002655324698678326,0.00026553246986783265
0.86181640625,0.0002635196196096988,0.0002635196196096988
0.8619384765625,0.0002615187701016521,0.0002615187701016522
0.862060546875,0.00025952987156312515,0.00025952987156312515
0.8621826171875,0.0002575528743080873,0.00025755287430808733
0.8623046875,0.0002555877287452685,0.0002555877287452685
0.8624267578125,0.00025363438537838353,0.00025363438537838364
0.862548828125,0.00025169279480635455,0.00025169279480635466
0.8626708984375,0.0002497629077235329,0.00024976290772353295
0.86279296875,0.00024784467491992067,0.00024784467491992067
0.8629150390625,0.00024593804728139073,0.00024593804728139073
0.863037109375,0.00024404297578990632,0.00024404297578990627
0.8631591796875,0.00024215941152373968,0.00024215941152373974
0.86328125,0.00024028730565769018,0.00024028730565769018
0.8634033203125,0.00023842660946330076,0.00023842660946330076
0.863525390625,0.00023657727430907426,0.00023657727430907426
0.8636474609375,0.0002347392516606889,0.0002347392516606889
0.86376953125,0.00023291249308121198,0.00023291249308121198
0.8638916015625,0.00023109695023131423,0.00023109695023131423
0.864013671875,0.00022929257486948147,0.00022929257486948147
0.8641357421875,0.00022749931885222702,0.00022749931885222702
0.8642578125,0.0002257171341343021,0.00022571713413430214
0.8643798828125,0.0002239459727689059,0.00022394597276890593
0.864501953125,0.0002221857869078945,0.00022218578690789444
0.8646240234375,0.00022043652880198862,0.00022043652880198868
0.86474609375,0.00021869815080098154,0.00021869815080098148
0.8648681640625,0.00021697060535394428,0.00021697060535394428
0.864990234375,0.00021525384500943183,0.00021525384500943178
0.8651123046875,0.00021354782241568665,0.00021354782241568668
0.865234375,0.00021185249032084274,0.00021185249032084274
0.8653564453125,0.00021016780157312752,0.00021016780157312752
0.865478515625,0.00020849370912106357,0.0002084937091210636
0.8656005859375,0.000206830166013669,0.00020683016601366904
0.86572265625,0.00020517712540065716,0.00020517712540065716
0.8658447265625,0.00020353454053263488,0.00020353454053263485
0.865966796875,0.00020190236476130014,0.0002019023647613002
0.8660888671875,0.00020028055153963886,0.00020028055153963886
0.8662109375,0.00019866905442211997,0.00019866905442212
0.8663330078125,0.00019706782706489044,0.00019706782706489047
0.866455078125,0.00019547682322596855,0.00019547682322596855
0.8665771484375,0.0001938959967654364,0.00019389599676543647
0.86669921875,0.00019232530164563162,0.00019232530164563165
0.8668212890625,0.00019076469193133762,0.00019076469193133762
0.866943359375,0.000189214121789973,0.00018921412178997307
0.8670654296875,0.00018767354549178024,0.00018767354549178026
0.8671875,0.00018614291741001268,0.00018614291741001274
0.8673095703125,0.00018462219202112104,0.00018462219202112104
0.867431640625,0.00018311132390493842,0.00018311132390493842
0.8675537109375,0.00018161026774486476,0.00018161026774486476
0.86767578125,0.00018011897832804962,0.00018011897832804965
0.8677978515625,0.0001786374105455744,0.00017863741054557436
0.867919921875,0.00017716551939263298,0.00017716551939263295
0.8680419921875,0.00017570325996871185,0.00017570325996871188
0.8681640625,0.00017425058747776878,0.00017425058747776875
0.8682861328125,0.00017280745722841008,0.00017280745722841008
0.868408203125,0.0001713738246340676,0.0001713738246340676
0.8685302734375,0.00016994964521317376,0.00016994964521317374
0.86865234375,0.0001685348745893359,0.00016853487458933587
0.8687744140625,0.00016712946849150952,0.00016712946849150952
0.868896484375,0.00016573338275417018,0.00016573338275417018
0.8690185546875,0.00016434657331748425,0.00016434657331748425
0.869140625,0.0001629689962274788,0.00016296899622747886
0.8692626953125,0.00016160060763621012,0.0001616006076362101
0.869384765625,0.00016024136380193081,0.00016024136380193081
0.8695068359375,0.0001588912210892565,0.0001588912210892565
0.86962890625,0.00015755013596933037,0.00015755013596933037
0.8697509765625,0.00015621806501998748,0.00015621806501998748
0.869873046875,0.000154894964925917,0.000154894964925917
0.8699951171875,0.00015358079247882408,0.00015358079247882408
0.8701171875,0.00015227550457758984,0.00015227550457758984
0.8702392578125,0.00015097905822843052,0.00015097905822843057
0.870361328125,0.00014969141054505563,0.00014969141054505563
0.8704833984375,0.0001484125187488241,0.0001484125187488241
0.87060546875,0.00014714234016890003,0.00014714234016890003
0.8707275390625,0.0001458808322424069,0.00014588083224240694
0.870849609375,0.00014462795251458035,0.00014462795251458038
0.8709716796875,0.00014338365863892003,0.00014338365863892003
0.87109375,0.00014214790837733995,0.00014214790837733992
0.8712158203125,0.00014092065960031786,0.00014092065960031783
0.871337890625,0.00013970187028704306,0.00013970187028704306
0.8714599609375,0.00013849149852556317,0.00013849149852556317
0.87158203125,0.00013728950251292945,0.00013728950251292943
0.8717041015625,0.0001360958405553411,0.0001360958405553411
0.871826171875,0.00013491047106828786,0.00013491047106828786
0.8719482421875,0.00013373335257669183,0.00013373335257669186
0.8720703125,0.00013256444371504761,0.00013256444371504761
0.8721923828125,0.00013140370322756116,0.00013140370322756116
0.872314453125,0.00013025108996828766,0.00013025108996828766
0.8724365234375,0.00012910656290126773,0.00012910656290126773
0.87255859375,0.0001279700811006624,0.00012797008110066244
0.8726806640625,0.00012684160375088697,0.00012684160375088695
0.872802734375,0.00012572109014674304,0.00012572109014674307
0.8729248046875,0.00012460849969354995,0.00012460849969354992
0.873046875,0.00012350379190727406,0.0001235037919072741
0.8731689453125,0.0001224069264146574,0.0001224069264146574
0.873291015625,0.00012131786295334437,0.0001213178629533444
0.8734130859375,0.00012023656137200744,0.00012023656137200744
0.87353515625,0.00011916298163047147,0.0001191629816304715
0.8736572265625,0.0001180970837998364,0.0001180970837998364
0.873779296875,0.00011703882806259884,0.00011703882806259886
0.8739013671875,0.00011598817471277215,0.00011598817471277215
0.8740234375,0.00011494508415600505,0.00011494508415600507
0.8741455078125,0.00011390951690969912,0.00011390951690969914
0.874267578125,0.0001128814336031245,0.00011288143360312448
0.8743896484375,0.00011186079497753437,0.00011186079497753437
0.87451171875,0.0001108475618862782,0.00011084756188627822
0.8746337890625,0.00010984169529491331,0.00010984169529491331
0.874755859375,0.00010884315628131503,0.00010884315628131501
0.8748779296875,0.00010785190603578554,0.00010785190603578552
0.875,0.00010686790586116129,0.0001068679058611613
0.8751220703125,0.00010589111717291886,0.00010589111717291885
0.875244140625,0.00010492150149927935,0.00010492150149927937
0.8753662109375,0.00010395902048131155,0.00010395902048131154
0.87548828125,0.00010300363587303328,0.0001030036358730333
0.8756103515625,0.00010205530954151172,0.00010205530954151172
0.875732421875,0.00010111400346696178,0.00010111400346696179
0.8758544921875,0.00010017967974284338,0.00010017967974284338
0.8759765625,9.925230057595705e-05,9.925230057595703e-05
0.8760986328125,9.833182828653802e-05,9.833182828653805e-05
0.876220703125,9.741822530834912e-05,9.741822530834916e-05
0.8763427734375,9.651145418877173e-05,9.651145418877174e-05
0.87646484375,9.561147758889541e-05,9.56114775888954e-05
0.8765869140625,9.471825828360622e-05,9.471825828360622e-05
0.876708984375,9.383175916167331e-05,9.38317591616733e-05
0.8768310546875,9.295194322583401e-05,9.295194322583397e-05
0.876953125,9.207877359287735e-05,9.207877359287733e-05
0.8770751953125,9.121221349372627e-05,9.121221349372626e-05
0.877197265625,9.035222627351809e-05,9.035222627351809e-05
0.8773193359375,8.94987753916834e-05,8.949877539168341e-05
0.87744140625,8.86518244220236e-05,8.865182442202361e-05
0.8775634765625,8.78113370527868e-05,8.78113370527868e-05
0.877685546875,8.697727708674194e-05,8.697727708674194e-05
0.8778076171875,8.61496084412519e-05,8.614960844125191e-05
0.8779296875,8.532829514834436e-05,8.532829514834437e-05
0.8780517578125,8.451330135478166e-05,8.451330135478167e-05
0.878173828125,8.370459132212867e-05,8.370459132212864e-05
0.8782958984375,8.290212942681932e-05,8.290212942681932e-05
0.87841796875,8.210588016022159e-05,8.210588016022158e-05
0.8785400390625,8.131580812870056e-05,8.131580812870054e-05
0.878662109375,8.05318780536803e-05,8.05318780536803e-05
0.8787841796875,7.975405477170381e-05,7.97540547717038e-05
0.87890625,7.89823032344916e-05,7.89823032344916e-05
0.8790283203125,7.821658850899845e-05,7.821658850899845e-05
0.879150390625,7.745687577746873e-05,7.745687577746875e-05
0.8792724609375,7.670313033749001e-05,7.670313033749003e-05
0.87939453125,7.595531760204503e-05,7.595531760204503e-05
0.8795166015625,7.521340309956203e-05,7.521340309956203e-05
0.879638671875,7.447735247396359e-05,7.447735247396359e-05
0.8797607421875,7.374713148471359e-05,7.374713148471359e-05
0.8798828125,7.302270600686276e-05,7.302270600686276e-05
0.8800048828125,7.230404203109238e-05,7.230404203109237e-05
0.880126953125,7.159110566375647e-05,7.159110566375646e-05
0.8802490234375,7.088386312692228e-05,7.088386312692228e-05
0.88037109375,7.018228075840908e-05,7.018228075840906e-05
0.8804931640625,6.948632501182527e-05,6.948632501182527e-05
0.880615234375,6.879596245660397e-05,6.879596245660397e-05
0.8807373046875,6.81111597780367e-05,6.81111597780367e-05
0.880859375,6.743188377730554e-05,6.743188377730554e-05
0.8809814453125,6.675810137151361e-05,6.675810137151361e-05
0.881103515625,6.608977959371375e-05,6.608977959371373e-05
0.8812255859375,6.542688559293555e-05,6.542688559293555e-05
0.88134765625,6.47693866342109e-05,6.47693866342109e-05
0.8814697265625,6.411725009859733e-05,6.411725009859733e-05
0.881591796875,6.34704434832002e-05,6.347044348320018e-05
0.8817138671875,6.282893440119282e-05,6.282893440119282e-05
0.8818359375,6.219269058183507e-05,6.219269058183507e-05
0.8819580078125,6.156167987049011e-05,6.156167987049011e-05
0.882080078125,6.093587022863949e-05,6.09358702286395e-05
0.8822021484375,6.031522973389653e-05,6.031522973389653e-05
0.88232421875,5.969972658001795e-05,5.9699726580017965e-05
0.8824462890625,5.908932907691378e-05,5.908932907691378e-05
0.882568359375,5.848400565065541e-05,5.848400565065541e-05
0.8826904296875,5.7883724843482214e-05,5.788372484348223e-05
0.8828125,5.728845531380604e-05,5.728845531380604e-05
0.8829345703125,5.669816583621423e-05,5.669816583621423e-05
0.883056640625,5.611282530147078e-05,5.611282530147078e-05
0.8831787109375,5.553240271651575e-05,5.5532402716515764e-05
0.88330078125,5.495686720446298e-05,5.495686720446297e-05
0.8834228515625,5.43861880045959e-05,5.43861880045959e-05
0.883544921875,5.382033447236178e-05,5.382033447236178e-05
0.8836669921875,5.3259276079364034e-05,5.3259276079364034e-05
0.8837890625,5.270298241335282e-05,5.270298241335282e-05
0.8839111328125,5.2151423178213916e-05,5.215142317821391e-05
0.884033203125,5.1604568193955715e-05,5.160456819395572e-05
0.8841552734375,5.106238739669455e-05,5.106238739669454e-05
0.88427734375,5.0524850838638076e-05,5.0524850838638076e-05
0.8843994140625,4.999192868806713e-05,4.999192868806713e-05
0.884521484375,4.9463591229315496e-05,4.9463591229315496e-05
0.8846435546875,4.893980886274809e-05,4.893980886274808e-05
0.884765625,4.8420552104737275e-05,4.842055210473728e-05
0.8848876953125,4.790579158763738e-05,4.7905791587637374e-05
0.885009765625,4.739549805975742e-05,4.739549805975742e-05
0.8851318359375,4.6889642385332046e-05,4.6889642385332046e-05
0.88525390625,4.638819554449059e-05,4.63881955444906e-05
0.8853759765625,4.5891128633224466e-05,4.589112863322446e-05
0.885498046875,4.539841286335257e-05,4.539841286335257e-05
0.8856201171875,4.491001956248506e-05,4.491001956248506e-05
0.8857421875,4.442592017398511e-05,4.442592017398512e-05
0.8858642578125,4.3946086256929106e-05,4.3946086256929106e-05
0.885986328125,4.34704894860647e-05,4.34704894860647e-05
0.8861083984375,4.299910165176737e-05,4.299910165176737e-05
0.88623046875,4.253189465999488e-05,4.253189465999489e-05
0.8863525390625,4.206884053224016e-05,4.206884053224016e-05
0.886474609375,4.16099114054821e-05,4.16099114054821e-05
0.8865966796875,4.1155079532134725e-05,4.1155079532134725e-05
0.88671875,4.070431727999448e-05,4.070431727999448e-05
0.8868408203125,4.0257597132185574e-05,4.0257597132185574e-05
0.886962890625,3.981489168710363e-05,3.981489168710363e-05
0.8870849609375,3.937617365835743e-05,3.937617365835743e-05
0.88720703125,3.894141587470884e-05,3.894141587470884e-05
0.8873291015625,3.851059128001084e-05,3.851059128001084e-05
0.887451171875,3.808367293314383e-05,3.808367293314383e-05
0.8875732421875,3.766063400794991e-05,3.766063400794991e-05
0.8876953125,3.724144779316555e-05,3.724144779316554e-05
0.8878173828125,3.682608769235216e-05,3.682608769235216e-05
0.887939453125,3.641452722382505e-05,3.641452722382505e-05
0.8880615234375,3.600674002058034e-05,3.600674002058034e-05
0.88818359375,3.5602699830220124e-05,3.5602699830220124e-05
0.8883056640625,3.5202380514875806e-05,3.520238051487582e-05
0.888427734375,3.480575605112953e-05,3.480575605112953e-05
0.8885498046875,3.441280052993371e-05,3.441280052993371e-05
0.888671875,3.4023488156528854e-05,3.4023488156528854e-05
0.8887939453125,3.363779325035936e-05,3.3637793250359364e-05
0.888916015625,3.325569024498762e-05,3.3255690244987624e-05
0.8890380859375,3.287715368800613e-05,3.287715368800614e-05
0.88916015625,3.250215824094781e-05,3.2502158240947806e-05
0.8892822265625,3.213067867919449e-05,3.2130678679194494e-05
0.889404296875,3.176268989188345e-05,3.1762689891883454e-05
0.8895263671875,3.139816688181222e-05,3.139816688181222e-05
0.8896484375,3.1037084765341415e-05,3.1037084765341415e-05
0.8897705078125,3.0679418772295746e-05,3.0679418772295746e-05
0.889892578125,3.032514424586322e-05,3.0325144245863228e-05
0.8900146484375,2.9974236642492424e-05,2.9974236642492424e-05
0.89013671875,2.9626671531787955e-05,2.9626671531787948e-05
0.8902587890625,2.9282424596404004e-05,2.9282424596404004e-05
0.890380859375,2.8941471631936094e-05,2.8941471631936094e-05
0.8905029296875,2.8603788546810955e-05,2.8603788546810955e-05
0.890625,2.8269351362174497e-05,2.8269351362174503e-05
0.8907470703125,2.793813621177798e-05,2.793813621177799e-05
0.890869140625,2.7610119341862308e-05,2.7610119341862308e-05
0.8909912109375,2.7285277111040447e-05,2.7285277111040447e-05
0.89111328125,2.6963585990178035e-05,2.6963585990178045e-05
0.8912353515625,2.664502256227207e-05,2.664502256227207e-05
0.891357421875,2.6329563522327795e-05,2.6329563522327795e-05
0.8914794921875,2.6017185677233685e-05,2.6017185677233695e-05
0.8916015625,2.5707865945634686e-05,2.570786594563469e-05
0.8917236328125,2.5401581357803416e-05,2.540158135780341e-05
0.891845703125,2.5098309055509665e-05,2.5098309055509665e-05
0.8919677734375,2.479802629188807e-05,2.479802629188808e-05
0.89208984375,2.4500710431303757e-05,2.4500710431303757e-05
0.8922119140625,2.420633894921633e-05,2.420633894921633e-05
0.892333984375,2.3914889432041884e-05,2.3914889432041884e-05
0.8924560546875,2.36263395770133e-05,2.36263395770133e-05
0.892578125,2.334066719203854e-05,2.3340667192038532e-05
0.8927001953125,2.3057850195557215e-05,2.3057850195557215e-05
0.892822265625,2.2777866616395323e-05,2.277786661639532e-05
0.8929443359375,2.250069459361802e-05,2.2500694593618016e-05
0.89306640625,2.2226312376380713e-05,2.2226312376380717e-05
0.8931884765625,2.1954698323778235e-05,2.1954698323778235e-05
0.893310546875,2.1685830904692174e-05,2.1685830904692178e-05
0.8934326171875,2.1419688697636435e-05,2.1419688697636435e-05
0.8935546875,2.1156250390600905e-05,2.1156250390600905e-05
0.8936767578125,2.089549478089336e-05,2.0895494780893366e-05
0.893798828125,2.0637400774979497e-05,2.0637400774979497e-05
0.8939208984375,2.0381947388321178e-05,2.0381947388321178e-05
0.89404296875,2.012911374521282e-05,2.0129113745212823e-05
0.8941650390625,1.9878879078616028e-05,1.9878879078616028e-05
0.894287109375,1.963122272999236e-05,1.9631222729992357e-05
0.8944091796875,1.9386124149134292e-05,1.9386124149134295e-05
0.89453125,1.9143562893994443e-05,1.9143562893994443e-05
0.8946533203125,1.8903518630512866e-05,1.8903518630512866e-05
0.894775390625,1.866597113244267e-05,1.8665971132442673e-05
0.8948974609375,1.8430900281173776e-05,1.843090028117378e-05
0.89501953125,1.81982860655549e-05,1.8198286065554902e-05
0.8951416015625,1.796810858171371e-05,1.7968108581713714e-05
0.895263671875,1.7740348032875268e-05,1.7740348032875268e-05
0.8953857421875,1.7514984729178606e-05,1.7514984729178606e-05
0.8955078125,1.7291999087491595e-05,1.7291999087491592e-05
0.8956298828125,1.707137163122397e-05,1.7071371631223966e-05
0.895751953125,1.6853082990138652e-05,1.6853082990138652e-05
0.8958740234375,1.6637113900161255e-05,1.6637113900161255e-05
0.89599609375,1.6423445203187828e-05,1.6423445203187828e-05
0.8961181640625,1.6212057846890865e-05,1.621205784689087e-05
0.896240234375,1.600293288452355e-05,1.600293288452355e-05
0.8963623046875,1.579605147472222e-05,1.5796051474722216e-05
0.896484375,1.5591394881307124e-05,1.5591394881307124e-05
0.8966064453125,1.5388944473081428e-05,1.538894447308143e-05
0.896728515625,1.5188681723628464e-05,1.5188681723628464e-05
0.8968505859375,1.4990588211107243e-05,1.4990588211107243e-05
0.89697265625,1.479464561804627e-05,1.4794645618046274e-05
0.8970947265625,1.460083573113563e-05,1.4600835731135626e-05
0.897216796875,1.44091404410173e-05,1.4409140441017303e-05
0.8973388671875,1.4219541742073838e-05,1.4219541742073838e-05
0.8974609375,1.4032021732215285e-05,1.4032021732215285e-05
0.8975830078125,1.3846562612664392e-05,1.3846562612664399e-05
0.897705078125,1.3663146687740186e-05,1.366314668774019e-05
0.8978271484375,1.348175636463976e-05,1.348175636463976e-05
0.89794921875,1.3302374153218449e-05,1.330237415321845e-05
0.8980712890625,1.3124982665768301e-05,1.3124982665768304e-05
0.898193359375,1.2949564616794868e-05,1.2949564616794864e-05
0.8983154296875,1.2776102822792314e-05,1.2776102822792311e-05
0.8984375,1.2604580202016899e-05,1.2604580202016899e-05
0.8985595703125,1.2434979774258761e-05,1.2434979774258761e-05
0.898681640625,1.2267284660612075e-05,1.2267284660612071e-05
0.8988037109375,1.2101478083243541e-05,1.2101478083243541e-05
0.89892578125,1.193754336515927e-05,1.193754336515927e-05
0.8990478515625,1.1775463929969998e-05,1.177546392997e-05
0.899169921875,1.1615223301654702e-05,1.1615223301654702e-05
0.8992919921875,1.145680510432256e-05,1.1456805104322559e-05
0.8994140625,1.1300193061973353e-05,1.1300193061973353e-05
0.8995361328125,1.1145370998256209e-05,1.114537099825621e-05
0.899658203125,1.0992322836226765e-05,1.0992322836226765e-05
0.8997802734375,1.0841032598102752e-05,1.0841032598102752e-05
0.89990234375,1.0691484405017969e-05,1.0691484405017969e-05
0.9000244140625,1.0543662476774698e-05,1.0543662476774698e-05
0.900146484375,1.0397551131594535e-05,1.0397551131594533e-05
0.9002685546875,1.0253134785867658e-05,1.025313478586766e-05
0.900390625,1.011039795390056e-05,1.0110397953900559e-05
0.9005126953125,9.969325247662194e-06,9.969325247662194e-06
0.900634765625,9.829901376528615e-06,9.829901376528615e-06
0.9007568359375,9.692111147026063e-06,9.692111147026063e-06
0.90087890625,9.555939462572537e-06,9.555939462572537e-06
0.9010009765625,9.421371323217845e-06,9.421371323217844e-06
0.901123046875,9.288391825382126e-06,9.288391825382126e-06
0.9012451171875,9.156986161592925e-06,9.156986161592923e-06
0.9013671875,9.027139620220694e-06,9.027139620220696e-06
0.9014892578125,8.898837585212895e-06,8.898837585212895e-06
0.901611328125,8.772065535826552e-06,8.772065535826557e-06
0.9017333984375,8.646809046359393e-06,8.646809046359393e-06
0.90185546875,8.523053785879484e-06,8.523053785879484e-06
0.9019775390625,8.40078551795346e-06,8.40078551795346e-06
0.902099609375,8.279990100373268e-06,8.279990100373268e-06
0.9022216796875,8.160653484881525e-06,8.160653484881527e-06
0.90234375,8.042761716895412e-06,8.042761716895412e-06
0.9024658203125,7.92630093522917e-06,7.92630093522917e-06
0.902587890625,7.811257371815194e-06,7.811257371815194e-06
0.9027099609375,7.697617351423728e-06,7.697617351423728e-06
0.90283203125,7.5853672913811795e-06,7.5853672913811795e-06
0.9029541015625,7.474493701287033e-06,7.474493701287033e-06
0.903076171875,7.364983182729438e-06,7.364983182729438e-06
0.9031982421875,7.256822428999396e-06,7.256822428999396e-06
0.9033203125,7.149998224803629e-06,7.149998224803627e-06
0.9034423828125,7.044497445976097e-06,7.044497445976097e-06
0.903564453125,6.940307059188198e-06,6.940307059188198e-06
0.9036865234375,6.83741412165764e-06,6.83741412165764e-06
0.90380859375,6.735805780856e-06,6.735805780856e-06
0.9039306640625,6.6354692742150155e-06,6.635469274215015e-06
0.904052734375,6.536391928831546e-06,6.536391928831546e-06
0.9041748046875,6.438561161171303e-06,6.438561161171304e-06
0.904296875,6.341964476771274e-06,6.341964476771274e-06
0.9044189453125,6.246589469940915e-06,6.2465894699409175e-06
0.904541015625,6.152423823462109e-06,6.1524238234621084e-06
0.9046630859375,6.059455308287847e-06,6.059455308287847e-06
0.90478515625,5.967671783239736e-06,5.967671783239736e-06
0.9049072265625,5.87706119470427e-06,5.877061194704272e-06
0.905029296875,5.7876115763279025e-06,5.7876115763279025e-06
0.9051513671875,5.6993110487109334e-06,5.699311048710931e-06
0.9052734375,5.612147819100212e-06,5.612147819100212e-06
0.9053955078125,5.526110181080695e-06,5.526110181080695e-06
0.905517578125,5.441186514265819e-06,5.441186514265819e-06
0.9056396484375,5.357365283986741e-06,5.357365283986743e-06
0.90576171875,5.274635040980471e-06,5.274635040980473e-06
0.9058837890625,5.192984421076845e-06,5.192984421076845e-06
0.906005859375,5.112402144884413e-06,5.112402144884413e-06
0.9061279296875,5.032877017475238e-06,5.032877017475237e-06
0.90625,4.954397928068587e-06,4.954397928068587e-06
0.9063720703125,4.876953849713579e-06,4.876953849713579e-06
0.906494140625,4.800533838970743e-06,4.800533838970743e-06
0.9066162109375,4.725127035592553e-06,4.725127035592553e-06
0.90673828125,4.650722662202918e-06,4.65072266220292e-06
0.9068603515625,4.5773100239756505e-06,4.5773100239756505e-06
0.906982421875,4.504878508311924e-06,4.504878508311926e-06
0.9071044921875,4.4334175845167376e-06,4.4334175845167376e-06
0.9072265625,4.362916803474391e-06,4.362916803474392e-06
0.9073486328125,4.293365797322991e-06,4.293365797322991e-06
0.907470703125,4.224754279127998e-06,4.224754279127999e-06
0.9075927734375,4.1570720425548316e-06,4.1570720425548316e-06
0.90771484375,4.090308961540532e-06,4.090308961540532e-06
0.9078369140625,4.024454989964512e-06,4.024454989964512e-06
0.907958984375,3.959500161318406e-06,3.9595001613184065e-06
0.9080810546875,3.895434588375012e-06,3.895434588375012e-06
0.908203125,3.832248462856362e-06,3.832248462856363e-06
0.9083251953125,3.769932055100935e-06,3.769932055100935e-06
0.908447265625,3.708475713729995e-06,3.708475713729995e-06
0.9085693359375,3.6478698653131177e-06,3.6478698653131177e-06
0.90869140625,3.588105014032868e-06,3.588105014032868e-06
0.9088134765625,3.5291717413486793e-06,3.5291717413486793e-06
0.908935546875,3.4710607056599337e-06,3.4710607056599337e-06
0.9090576171875,3.413762641968254e-06,3.413762641968254e-06
0.9091796875,3.35726836153903e-06,3.35726836153903e-06
0.9093017578125,3.3015687515621886e-06,3.301568751562188e-06
0.909423828125,3.2466547748122155e-06,3.2466547748122155e-06
0.9095458984375,3.1925174693074684e-06,3.1925174693074684e-06
0.90966796875,3.1391479479687525e-06,3.139147947968753e-06
0.9097900390625,3.0865373982772165e-06,3.086537398277217e-06
0.909912109375,3.034677081931554e-06,3.034677081931554e-06
0.9100341796875,2.9835583345045406e-06,2.9835583345045406e-06
0.91015625,2.9331725650989144e-06,2.9331725650989144e-06
0.9102783203125,2.8835112560026137e-06,2.883511256002615e-06
0.910400390625,2.8345659623433955e-06,2.8345659623433955e-06
0.9105224609375,2.786328311742829e-06,2.786328311742829e-06
0.91064453125,2.7387900039697127e-06,2.738790003969713e-06
0.9107666015625,2.6919428105928943e-06,2.6919428105928948e-06
0.910888671875,2.6457785746335283e-06,2.645778574633529e-06
0.9110107421875,2.6002892102167896e-06,2.6002892102167896e-06
0.9111328125,2.5554667022230344e-06,2.5554667022230344e-06
0.9112548828125,2.511303105938463e-06,2.511303105938463e-06
0.911376953125,2.4677905467052533e-06,2.4677905467052537e-06
0.9114990234375,2.42492121957122e-06,2.42492121957122e-06
0.91162109375,2.3826873889389878e-06,2.3826873889389878e-06
0.9117431640625,2.341081388214714e-06,2.3410813882147145e-06
0.911865234375,2.3000956194563607e-06,2.3000956194563607e-06
0.9119873046875,2.259722553021531e-06,2.2597225530215313e-06
0.912109375,2.219954727214911e-06,2.219954727214911e-06
0.9122314453125,2.1807847479352906e-06,2.180784747935291e-06
0.912353515625,2.1422052883222204e-06,2.1422052883222204e-06
0.9124755859375,2.104209088402288e-06,2.1042090884022886e-06
0.91259765625,2.066788954735055e-06,2.066788954735055e-06
0.9127197265625,2.029937760058644e-06,2.029937760058644e-06
0.912841796875,1.993648442935023e-06,1.9936484429350228e-06
0.9129638671875,1.9579140073949728e-06,1.957914007394973e-06
0.9130859375,1.9227275225827713e-06,1.922727522582771e-06
0.9132080078125,1.8880821224006029e-06,1.8880821224006025e-06
0.913330078125,1.8539710051527195e-06,1.8539710051527195e-06
0.9134521484375,1.8203874331893515e-06,1.820387433189352e-06
0.91357421875,1.7873247325504003e-06,1.7873247325504005e-06
0.9136962890625,1.7547762926089221e-06,1.7547762926089221e-06
0.913818359375,1.7227355657144176e-06,1.7227355657144176e-06
0.9139404296875,1.6911960668359486e-06,1.691196066835949e-06
0.9140625,1.6601513732050956e-06,1.6601513732050958e-06
0.9141845703125,1.6295951239587655e-06,1.6295951239587655e-06
0.914306640625,1.5995210197818809e-06,1.5995210197818809e-06
0.9144287109375,1.5699228225499518e-06,1.5699228225499522e-06
0.91455078125,1.5407943549715567e-06,1.5407943549715567e-06
0.9146728515625,1.5121295002307415e-06,1.5121295002307415e-06
0.914794921875,1.48392220162936e-06,1.48392220162936e-06
0.9149169921875,1.4561664622293662e-06,1.4561664622293662e-06
0.9150390625,1.428856344495079e-06,1.4288563444950793e-06
0.9151611328125,1.4019859699354315e-06,1.4019859699354315e-06
0.915283203125,1.3755495187462261e-06,1.3755495187462263e-06
0.9154052734375,1.349541229452409e-06,1.3495412294524093e-06
0.91552734375,1.3239553985503795e-06,1.3239553985503795e-06
0.9156494140625,1.2987863801503525e-06,1.2987863801503525e-06
0.915771484375,1.2740285856187932e-06,1.2740285856187932e-06
0.9158935546875,1.2496764832209329e-06,1.2496764832209329e-06
0.916015625,1.2257245977633897e-06,1.2257245977633897e-06
0.9161376953125,1.2021675102369068e-06,1.2021675102369068e-06
0.916259765625,1.1789998574592277e-06,1.1789998574592275e-06
0.9163818359375,1.1562163317181195e-06,1.156216331718119e-06
0.91650390625,1.1338116804145683e-06,1.1338116804145683e-06
0.9166259765625,1.111780705706157e-06,1.111780705706157e-06
0.916748046875,1.0901182641506445e-06,1.0901182641506445e-06
0.9168701171875,1.068819266349763e-06,1.0688192663497626e-06
0.9169921875,1.047878676593248e-06,1.047878676593248e-06
0.9171142578125,1.0272915125031221e-06,1.0272915125031223e-06
0.917236328125,1.0070528446782435e-06,1.0070528446782435e-06
0.9173583984375,9.871577963391368e-07,9.871577963391368e-07
0.91748046875,9.676015429731277e-07,9.67601542973128e-07
0.9176025390625,9.483793119797912e-07,9.48379311979791e-07
0.917724609375,9.294863823167341e-07,9.294863823167339e-07
0.9178466796875,9.109180841457256e-07,9.109180841457256e-07
0.91796875,8.926697984791965e-07,8.926697984791964e-07
0.9180908203125,8.747369568271167e-07,8.747369568271167e-07
0.918212890625,8.571150408442747e-07,8.571150408442747e-07
0.9183349609375,8.397995819779703e-07,8.397995819779703e-07
0.91845703125,8.227861611161382e-07,8.227861611161385e-07
0.9185791015625,8.060704082359212e-07,8.060704082359212e-07
0.918701171875,7.896480020527044e-07,7.896480020527044e-07
0.9188232421875,7.735146696696318e-07,7.735146696696318e-07
0.9189453125,7.576661862276189e-07,7.57666186227619e-07
0.9190673828125,7.420983745558759e-07,7.420983745558759e-07
0.919189453125,7.268071048229621e-07,7.268071048229621e-07
0.9193115234375,7.117882941883824e-07,7.117882941883824e-07
0.91943359375,6.97037906454748e-07,6.97037906454748e-07
0.9195556640625,6.825519517205102e-07,6.825519517205102e-07
0.919677734375,6.683264860332902e-07,6.683264860332902e-07
0.9197998046875,6.543576110438153e-07,6.543576110438153e-07
0.919921875,6.406414736604819e-07,6.406414736604819e-07
0.9200439453125,6.271742657045573e-07,6.271742657045573e-07
0.920166015625,6.139522235660392e-07,6.139522235660392e-07
0.9202880859375,6.009716278601869e-07,6.009716278601869e-07
0.92041015625,5.882288030847398e-07,5.882288030847398e-07
0.9205322265625,5.757201172778414e-07,5.757201172778414e-07
0.920654296875,5.634419816766792e-07,5.634419816766793e-07
0.9207763671875,5.513908503768631e-07,5.513908503768631e-07
0.9208984375,5.395632199925505e-07,5.395632199925505e-07
0.9210205078125,5.279556293173398e-07,5.279556293173399e-07
0.921142578125,5.165646589859431e-07,5.165646589859431e-07
0.9212646484375,5.05386931136656e-07,5.053869311366562e-07
0.92138671875,4.94419109074639e-07,4.944191090746391e-07
0.9215087890625,4.83657896936025e-07,4.83657896936025e-07
0.921630859375,4.7310003935286864e-07,4.7310003935286874e-07
0.9217529296875,4.627423211189541e-07,4.62742321118954e-07
0.921875,4.525815668564717e-07,4.525815668564717e-07
0.9219970703125,4.426146406835841e-07,4.4261464068358424e-07
0.922119140625,4.328384458828924e-07,4.328384458828922e-07
0.9222412109375,4.232499245708176e-07,4.2324992457081754e-07
0.92236328125,4.138460573679158e-07,4.138460573679158e-07
0.9224853515625,4.046238630701359e-07,4.046238630701359e-07
0.922607421875,3.9558039832103805e-07,3.9558039832103805e-07
0.9227294921875,3.8671275728498735e-07,3.867127572849873e-07
0.9228515625,3.7801807132133416e-07,3.780180713213341e-07
0.9229736328125,3.694935086595994e-07,3.6949350865959935e-07
0.923095703125,3.6113627407567477e-07,3.611362740756747e-07
0.9232177734375,3.5294360856905473e-07,3.5294360856905473e-07
0.92333984375,3.449127890411138e-07,3.4491278904111396e-07
0.9234619140625,3.370411279744414e-07,3.370411279744414e-07
0.923583984375,3.293259731132495e-07,3.293259731132496e-07
0.9237060546875,3.2176470714486706e-07,3.217647071448671e-07
0.923828125,3.1435474738233264e-07,3.1435474738233264e-07
0.9239501953125,3.0709354544810105e-07,3.0709354544810105e-07
0.924072265625,2.999785869588761e-07,2.999785869588761e-07
0.9241943359375,2.9300739121158217e-07,2.9300739121158217e-07
0.92431640625,2.8617751087048936e-07,2.8617751087048936e-07
0.9244384765625,2.794865316555036e-07,2.794865316555036e-07
0.924560546875,2.72932072031635e-07,2.7293207203163503e-07
0.9246826171875,2.665117828996587e-07,2.665117828996587e-07
0.9248046875,2.6022334728797755e-07,2.6022334728797755e-07
0.9249267578125,2.5406448004570345e-07,2.5406448004570345e-07
0.925048828125,2.4803292753696527e-07,2.4803292753696527e-07
0.9251708984375,2.4212646733646013e-07,2.4212646733646013e-07
0.92529296875,2.3634290792625575e-07,2.3634290792625575e-07
0.9254150390625,2.3068008839385957e-07,2.3068008839385963e-07
0.925537109375,2.2513587813156464e-07,2.2513587813156464e-07
0.9256591796875,2.1970817653708414e-07,2.1970817653708416e-07
0.92578125,2.14394912715487e-07,2.1439491271548704e-07
0.9259033203125,2.0919404518244557e-07,2.091940451824456e-07
0.926025390625,2.0410356156880648e-07,2.0410356156880648e-07
0.9261474609375,1.9912147832649657e-07,1.9912147832649657e-07
0.92626953125,1.9424584043577477e-07,1.9424584043577477e-07
0.9263916015625,1.8947472111384066e-07,1.8947472111384066e-07
0.926513671875,1.8480622152481082e-07,1.8480622152481082e-07
0.9266357421875,1.8023847049107353e-07,1.8023847049107353e-07
0.9267578125,1.7576962420603232e-07,1.7576962420603235e-07
0.9268798828125,1.7139786594824938e-07,1.7139786594824938e-07
0.927001953125,1.6712140579699762e-07,1.6712140579699756e-07
0.9271240234375,1.629384803492335e-07,1.629384803492335e-07
0.92724609375,1.588473524379989e-07,1.5884735243799888e-07
0.9273681640625,1.5484631085226266e-07,1.5484631085226268e-07
0.927490234375,1.5093367005821137e-07,1.5093367005821137e-07
0.9276123046875,1.4710776992199857e-07,1.4710776992199857e-07
0.927734375,1.4336697543396256e-07,1.4336697543396256e-07
0.9278564453125,1.3970967643432066e-07,1.3970967643432066e-07
0.927978515625,1.3613428734035036e-07,1.361342873403503e-07
0.9281005859375,1.326392468750653e-07,1.326392468750653e-07
0.92822265625,1.292230177973955e-07,1.2922301779739547e-07
0.9283447265625,1.2588408663387926e-07,1.2588408663387924e-07
0.928466796875,1.2262096341187689e-07,1.2262096341187689e-07
0.9285888671875,1.1943218139431284e-07,1.1943218139431284e-07
0.9287109375,1.1631629681595504e-07,1.1631629681595504e-07
0.9288330078125,1.1327188862123963e-07,1.132718886212396e-07
0.928955078125,1.1029755820364801e-07,1.1029755820364803e-07
0.9290771484375,1.0739192914664482e-07,1.0739192914664484e-07
0.92919921875,1.0455364696618303e-07,1.0455364696618303e-07
0.9293212890625,1.0178137885478445e-07,1.0178137885478445e-07
0.929443359375,9.907381342720217e-08,9.907381342720215e-08
0.9295654296875,9.642966046767186e-08,9.642966046767186e-08
0.9296875,9.384765067875881e-08,9.384765067875881e-08
0.9298095703125,9.132653543180694e-08,9.132653543180694e-08
0.929931640625,8.886508651899654e-08,8.886508651899657e-08
0.9300537109375,8.646209590701671e-08,8.646209590701671e-08
0.93017578125,8.411637549235816e-08,8.411637549235816e-08
0.9302978515625,8.182675685823312e-08,8.182675685823312e-08
0.930419921875,7.959209103312688e-08,7.959209103312689e-08
0.9305419921875,7.741124825098737e-08,7.741124825098737e-08
0.9306640625,7.528311771305738e-08,7.528311771305738e-08
0.9307861328125,7.320660735135499e-08,7.320660735135499e-08
0.930908203125,7.118064359380691e-08,7.118064359380691e-08
0.9310302734375,6.920417113103939e-08,6.92041711310394e-08
0.93115234375,6.72761526848316e-08,6.727615268483161e-08
0.9312744140625,6.539556877823528e-08,6.53955687782353e-08
0.931396484375,6.356141750736558e-08,6.356141750736558e-08
0.9315185546875,6.17727143148662e-08,6.177271431486621e-08
0.931640625,6.002849176505367e-08,6.002849176505367e-08
0.9317626953125,5.8327799320743236e-08,5.8327799320743236e-08
0.931884765625,5.666970312176097e-08,5.666970312176097e-08
0.9320068359375,5.505328576514434e-08,5.5053285765144335e-08
0.93212890625,5.3477646087034896e-08,5.347764608703489e-08
0.9322509765625,5.194189894626584e-08,5.194189894626584e-08
0.932373046875,5.0445175009646956e-08,5.044517500964697e-08
0.9324951171875,4.8986620538949626e-08,4.8986620538949626e-08
0.9326171875,4.756539717959405e-08,4.7565397179594053e-08
0.9327392578125,4.6180681751040996e-08,4.6180681751040996e-08
0.932861328125,4.483166603888968e-08,4.483166603888968e-08
0.9329833984375,4.351755658868394e-08,4.351755658868393e-08
0.93310546875,4.223757450142777e-08,4.223757450142777e-08
0.9332275390625,4.099095523081195e-08,4.099095523081195e-08
0.933349609375,3.977694838215267e-08,3.9776948382152675e-08
0.9334716796875,3.859481751304333e-08,3.859481751304333e-08
0.93359375,3.744383993572013e-08,3.744383993572012e-08
0.9337158203125,3.6323306521141996e-08,3.6323306521141996e-08
0.933837890625,3.5232521504785564e-08,3.5232521504785564e-08
0.9339599609375,3.417080229415496e-08,3.417080229415496e-08
0.93408203125,3.313747927800677e-08,3.313747927800677e-08
0.9342041015625,3.213189563728985e-08,3.213189563728985e-08
0.934326171875,3.115340715779966e-08,3.1153407157799666e-08
0.9344482421875,3.020138204454651e-08,3.020138204454651e-08
0.9345703125,2.9275200737837053e-08,2.9275200737837053e-08
0.9346923828125,2.8374255731068113e-08,2.8374255731068113e-08
0.934814453125,2.749795139023156e-08,2.749795139023156e-08
0.9349365234375,2.664570377512914e-08,2.664570377512914e-08
0.93505859375,2.5816940462295633e-08,2.5816940462295637e-08
0.9351806640625,2.5011100369628698e-08,2.5011100369628698e-08
0.935302734375,2.4227633582723475e-08,2.4227633582723475e-08
0.9354248046875,2.346600118291004e-08,2.346600118291004e-08
0.935546875,2.272567507699127e-08,2.272567507699127e-08
0.9356689453125,2.200613782867892e-08,2.200613782867892e-08
0.935791015625,2.1306882491725035e-08,2.1306882491725038e-08
0.9359130859375,2.0627412444746192e-08,2.0627412444746192e-08
0.93603515625,1.9967241227737388e-08,1.9967241227737388e-08
0.9361572265625,1.9325892380272523e-08,1.9325892380272523e-08
0.936279296875,1.8702899281388074e-08,1.8702899281388074e-08
0.9364013671875,1.8097804991146575e-08,1.8097804991146572e-08
0.9365234375,1.7510162093875988e-08,1.7510162093875994e-08
0.9366455078125,1.693953254308141e-08,1.693953254308141e-08
0.936767578125,1.6385487508024667e-08,1.6385487508024667e-08
0.9368896484375,1.5847607221967993e-08,1.584760722196799e-08
0.93701171875,1.5325480832077092e-08,1.5325480832077092e-08
0.9371337890625,1.481870625097915e-08,1.481870625097915e-08
0.937255859375,1.4326890009971018e-08,1.4326890009971025e-08
0.9373779296875,1.3849647113872684e-08,1.3849647113872684e-08
0.9375,1.3386600897520885e-08,1.3386600897520883e-08
0.9376220703125,1.2937382883897715e-08,1.2937382883897715e-08
0.937744140625,1.2501632643888711e-08,1.2501632643888713e-08
0.9378662109375,1.2078997657664909e-08,1.2078997657664909e-08
0.93798828125,1.1669133177683054e-08,1.1669133177683054e-08
0.9381103515625,1.1271702093298139e-08,1.1271702093298139e-08
0.938232421875,1.0886374796982148e-08,1.088637479698215e-08
0.9383544921875,1.0512829052142779e-08,1.0512829052142779e-08
0.9384765625,1.01507498625358e-08,1.0150749862535796e-08
0.9385986328125,9.799829343264433e-09,9.799829343264433e-09
0.938720703125,9.459766593359153e-09,9.459766593359153e-09
0.9388427734375,9.130267569930975e-09,9.130267569930976e-09
0.93896484375,8.811044963891268e-09,8.81104496389127e-09
0.9390869140625,8.501818077230974e-09,8.501818077230974e-09
0.939208984375,8.202312701851849e-09,8.20231270185185e-09
0.9393310546875,7.912260999942415e-09,7.912260999942415e-09
0.939453125,7.631401385890894e-09,7.631401385890896e-09
0.9395751953125,7.359478409727531e-09,7.359478409727531e-09
0.939697265625,7.0962426420883325e-09,7.096242642088333e-09
0.9398193359375,6.841450560692296e-09,6.841450560692296e-09
0.93994140625,6.594864438323936e-09,6.5948644383239365e-09
0.9400634765625,6.356252232312877e-09,6.356252232312878e-09
0.940185546875,6.125387475502071e-09,6.125387475502071e-09
0.9403076171875,5.9020491686961335e-09,5.9020491686961335e-09
0.9404296875,5.686021674581132e-09,5.6860216745811326e-09
0.9405517578125,5.477094613107015e-09,5.4770946131070155e-09
0.940673828125,5.275062758323823e-09,5.2750627583238244e-09
0.9407958984375,5.0797259366626e-09,5.0797259366626e-09
0.94091796875,4.890888926651888e-09,4.890888926651889e-09
0.9410400390625,4.708361360060536e-09,4.708361360060535e-09
0.941162109375,4.531957624457437e-09,4.531957624457437e-09
0.9412841796875,4.3614967671787146e-09,4.3614967671787146e-09
0.94140625,4.196802400692751e-09,4.196802400692751e-09
0.9415283203125,4.037702609353359e-09,4.037702609353359e-09
0.941650390625,3.88402985753129e-09,3.884029857531291e-09
0.9417724609375,3.73562089911416e-09,3.73562089911416e-09
0.94189453125,3.5923166883647886e-09,3.5923166883647886e-09
0.9420166015625,3.4539622921278423e-09,3.4539622921278423e-09
0.942138671875,3.320406803374595e-09,3.320406803374595e-09
0.9422607421875,3.1915032560754842e-09,3.1915032560754842e-09
0.9423828125,3.0671085413901046e-09,3.067108541390105e-09
0.9425048828125,2.9470833251641734e-09,2.947083325164174e-09
0.942626953125,2.8312919667228956e-09,2.8312919667228952e-09
0.9427490234375,2.7196024389501086e-09,2.719602438950109e-09
0.94287109375,2.6118862496425014e-09,2.6118862496425023e-09
0.9429931640625,2.5080183641281014e-09,2.5080183641281014e-09
0.943115234375,2.4078771291381783e-09,2.4078771291381783e-09
0.9432373046875,2.3113441979216414e-09,2.3113441979216414e-09
0.943359375,2.2183044565909096e-09,2.2183044565909096e-09
0.9434814453125,2.128645951688208e-09,2.128645951688208e-09
0.943603515625,2.042259818961152e-09,2.0422598189611525e-09
0.9437255859375,1.9590402133364353e-09,1.9590402133364353e-09
0.94384765625,1.8788842400803754e-09,1.8788842400803754e-09
0.9439697265625,1.8016918871350204e-09,1.8016918871350208e-09
0.944091796875,1.727365958618464e-09,1.727365958618464e-09
0.9442138671875,1.6558120094779644e-09,1.6558120094779644e-09
0.9443359375,1.5869382812844362e-09,1.5869382812844362e-09
0.9444580078125,1.5206556391568073e-09,1.5206556391568075e-09
0.944580078125,1.4568775098047274e-09,1.4568775098047272e-09
0.9447021484375,1.39551982067805e-09,1.39551982067805e-09
0.94482421875,1.3365009402114953e-09,1.3365009402114957e-09
0.9449462890625,1.279741619152852e-09,1.279741619152852e-09
0.945068359375,1.2251649329630546e-09,1.225164932963055e-09
0.9451904296875,1.1726962252764586e-09,1.1726962252764586e-09
0.9453125,1.122263052409578e-09,1.122263052409578e-09
0.9454345703125,1.0737951289065735e-09,1.0737951289065737e-09
0.945556640625,1.0272242741097206e-09,1.0272242741097206e-09
0.9456787109375,9.824843597430968e-10,9.824843597430968e-10
0.94580078125,9.395112584977066e-10,9.395112584977066e-10
0.9459228515625,8.98242793606251e-10,8.982427936062512e-10
0.946044921875,8.586186893957453e-10,8.586186893957453e-10
0.9461669921875,8.205805228061785e-10,8.205805228061785e-10
0.9462890625,7.840716758634127e-10,7.840716758634127e-10
0.9464111328125,7.490372890945199e-10,7.490372890945199e-10
0.946533203125,7.154242158737517e-10,7.154242158737517e-10
0.9466552734375,6.831809776873522e-10,6.831809776873523e-10
0.94677734375,6.522577203054277e-10,6.522577203054279e-10
0.9468994140625,6.226061708491007e-10,6.226061708491008e-10
0.947021484375,5.941795957411887e-10,5.941795957411886e-10
0.9471435546875,5.669327595286684e-10,5.669327595286684e-10
0.947265625,5.408218845652004e-10,5.408218845652003e-10
0.9473876953125,5.158046115420166e-10,5.158046115420166e-10
0.947509765625,4.918399608554939e-10,4.918399608554939e-10
0.9476318359375,4.688882947997666e-10,4.688882947997666e-10
0.94775390625,4.4691128057276015e-10,4.4691128057276015e-10
0.9478759765625,4.25871854084058e-10,4.25871854084058e-10
0.947998046875,4.057341845530542e-10,4.057341845530542e-10
0.9481201171875,3.864636398858734e-10,3.864636398858734e-10
0.9482421875,3.6802675281958824e-10,3.6802675281958824e-10
0.9483642578125,3.5039118782229736e-10,3.503911878222974e-10
0.948486328125,3.335257087376806e-10,3.335257087376806e-10
0.9486083984375,3.174001471626865e-10,3.1740014716268644e-10
0.94873046875,3.0198537154706164e-10,3.019853715470616e-10
0.9488525390625,2.872532570034803e-10,2.8725325700348034e-10
0.948974609375,2.7317665581708753e-10,2.731766558170876e-10
0.9490966796875,2.597293686433225e-10,2.597293686433225e-10
0.94921875,2.468861163829496e-10,2.4688611638294964e-10
0.9493408203125,2.346225127232828e-10,2.346225127232827e-10
0.949462890625,2.2291503733465129e-10,2.2291503733465129e-10
0.9495849609375,2.1174100971121934e-10,2.117410097112194e-10
0.94970703125,2.0107856364533847e-10,2.0107856364533847e-10
0.9498291015625,1.909066223246787e-10,1.9090662232467867e-10
0.949951171875,1.8120487404145642e-10,1.8120487404145642e-10
0.9500732421875,1.7195374850314722e-10,1.7195374850314724e-10
0.9501953125,1.631343937341464e-10,1.631343937341464e-10
0.9503173828125,1.5472865355791635e-10,1.5472865355791632e-10
0.950439453125,1.4671904564923697e-10,1.4671904564923697e-10
0.9505615234375,1.3908874014625337e-10,1.3908874014625337e-10
0.95068359375,1.3182153881209877e-10,1.3182153881209877e-10
0.9508056640625,1.2490185473595027e-10,1.2490185473595027e-10
0.950927734375,1.1831469256346145e-10,1.1831469256346147e-10
0.9510498046875,1.1204562924660047e-10,1.1204562924660045e-10
0.951171875,1.0608079530300967e-10,1.0608079530300967e-10
0.9512939453125,1.004068565750926e-10,1.0040685657509258e-10
0.951416015625,9.501099647912251e-11,9.501099647912251e-11
0.9515380859375,8.988089873476056e-11,8.988089873476056e-11
0.95166015625,8.500473056546208e-11,8.500473056546208e-11
0.9517822265625,8.037112636034627e-11,8.03711263603463e-11
0.951904296875,7.596917178819784e-11,7.596917178819784e-11
0.9520263671875,7.17883883543669e-11,7.178838835436688e-11
0.9521484375,6.781871839143133e-11,6.781871839143134e-11
0.9522705078125,6.405051047458398e-11,6.405051047458398e-11
0.952392578125,6.047450525280737e-11,6.047450525280737e-11
0.9525146484375,5.7081821686999706e-11,5.7081821686999706e-11
0.95263671875,5.386394368631737e-11,5.3863943686317354e-11
0.9527587890625,5.081270713410215e-11,5.081270713410214e-11
0.952880859375,4.792028729486492e-11,4.792028729486492e-11
0.9530029296875,4.5179186593901793e-11,4.5179186593901793e-11
0.953125,4.258222276122412e-11,4.258222276122412e-11
0.9532470703125,4.012251733158923e-11,4.012251733158922e-11
0.953369140625,3.7793484492525426e-11,3.7793484492525426e-11
0.9534912109375,3.558882027235196e-11,3.558882027235196e-11
0.95361328125,3.350249206030174e-11,3.350249206030174e-11
0.9537353515625,3.152872845096336e-11,3.152872845096337e-11
0.953857421875,2.9662009405366917e-11,2.966200940536692e-11
0.9539794921875,2.7897056721147327e-11,2.789705672114732e-11
0.9541015625,2.622882480432817e-11,2.622882480432817e-11
0.9542236328125,2.4652491735378267e-11,2.4652491735378267e-11
0.954345703125,2.3163450622303428e-11,2.3163450622303428e-11
0.9544677734375,2.1757301233645546e-11,2.1757301233645546e-11
0.95458984375,2.0429841904371313e-11,2.0429841904371313e-11
0.9547119140625,1.9177061707743382e-11,1.9177061707743385e-11
0.954833984375,1.7995132886376585e-11,1.7995132886376585e-11
0.9549560546875,1.6880403535792633e-11,1.6880403535792633e-11
0.955078125,1.582939053389654e-11,1.582939053389654e-11
0.9552001953125,1.483877270990852e-11,1.483877270990852e-11
0.955322265625,1.3905384246394738e-11,1.3905384246394741e-11
0.9554443359375,1.302620830815061e-11,1.3026208308150612e-11
0.95556640625,1.2198370891799461e-11,1.2198370891799464e-11
0.9556884765625,1.1419134890079089e-11,1.1419134890079089e-11
0.955810546875,1.068589436489757e-11,1.068589436489757e-11
0.9559326171875,9.996169023348392e-12,9.996169023348392e-12
0.9560546875,9.347598890983294e-12,9.347598890983294e-12
0.9561767578125,8.73793917674892e-12,8.73793917674892e-12
0.956298828125,8.16505532410086e-12,8.16505532410086e-12
0.9564208984375,7.626918242915357e-12,7.626918242915355e-12
0.95654296875,7.121599716925265e-12,7.121599716925265e-12
0.9566650390625,6.647267981512544e-12,6.647267981512544e-12
0.956787109375,6.20218346679444e-12,6.202183466794439e-12
0.9569091796875,5.7846947010450086e-12,5.7846947010450086e-12
0.95703125,5.393234369597165e-12,5.393234369597164e-12
0.9571533203125,5.0263155244733e-12,5.026315524473301e-12
0.957275390625,4.682527940094676e-12,4.682527940094676e-12
0.9573974609375,4.360534610520998e-12,4.360534610520998e-12
0.95751953125,4.059068383772063e-12,4.059068383772064e-12
0.9576416015625,3.776928728882845e-12,3.776928728882844e-12
0.957763671875,3.5129786314420982e-12,3.5129786314420986e-12
0.9578857421875,3.2661416134621797e-12,3.2661416134621797e-12
0.9580078125,3.0353988735245367e-12,3.0353988735245367e-12
0.9581298828125,2.819786543241047e-12,2.8197865432410463e-12
0.958251953125,2.6183930561660554e-12,2.6183930561660554e-12
0.9583740234375,2.4303566253876394e-12,2.430356625387639e-12
0.95849609375,2.254862826119178e-12,2.254862826119179e-12
0.9586181640625,2.0911422797037937e-12,2.0911422797037945e-12
0.958740234375,1.9384684355345726e-12,1.9384684355345726e-12
0.9588623046875,1.7961554474826995e-12,1.7961554474826995e-12
0.958984375,1.6635561415136789e-12,1.663556141513679e-12
0.9591064453125,1.5400600712586846e-12,1.5400600712586846e-12
0.959228515625,1.4250916583937473e-12,1.4250916583937473e-12
0.9593505859375,1.3181084147639449e-12,1.318108414763945e-12
0.95947265625,1.2185992432729763e-12,1.2185992432729765e-12
0.9595947265625,1.1260828146404635e-12,1.126082814640464e-12
0.959716796875,1.0401060172100474e-12,1.0401060172100474e-12
0.9598388671875,9.60242477070768e-13,9.60242477070768e-13
0.9599609375,8.860911458323748e-13,8.86091145832375e-13
0.9600830078125,8.172749534720658e-13,8.172749534720658e-13
0.960205078125,7.534395237456979e-13,7.534395237456979e-13
0.9603271484375,6.942519497307513e-13,6.942519497307514e-13
0.96044921875,6.393996271412414e-13,6.393996271412415e-13
0.9605712890625,5.885891431263544e-13,5.885891431263544e-13
0.960693359375,5.415452183348437e-13,5.415452183348437e-13
0.9608154296875,4.980097000961367e-13,4.980097000961366e-13
0.9609375,4.577406046366786e-13,4.577406046366786e-13
0.9610595703125,4.2051120631628237e-13,4.205112063162822e-13
0.961181640625,3.8610917193414133e-13,3.8610917193414133e-13
0.9613037109375,3.5433573821771877e-13,3.543357382177186e-13
0.96142578125,3.250049306699326e-13,3.250049306699326e-13
0.9615478515625,2.9794282201093126e-13,2.9794282201093126e-13
0.961669921875,2.729868285102832e-13,2.729868285102832e-13
0.9617919921875,2.499850425636099e-13,2.4998504256360994e-13
0.9619140625,2.287955999245602e-13,2.287955999245602e-13
0.9620361328125,2.0928608005857635e-13,2.0928608005857638e-13
0.962158203125,1.9133293813913557e-13,1.9133293813913557e-13
0.9622802734375,1.7482096726007468e-13,1.7482096726007468e-13
0.96240234375,1.5964278948923132e-13,1.5964278948923132e-13
0.9625244140625,1.456983744389663e-13,1.456983744389663e-13
0.962646484375,1.3289458407818249e-13,1.3289458407818249e-13
0.9627685546875,1.2114474255823334e-13,1.2114474255823334e-13
0.962890625,1.1036822987163451e-13,1.1036822987163454e-13
0.9630126953125,1.0049009820775844e-13,1.0049009820775844e-13
0.963134765625,9.144070991372809e-14,9.144070991372809e-14
0.9632568359375,8.315539601153581e-14,8.315539601153583e-14
0.96337890625,7.557413426401563e-14,7.557413426401564e-14
0.9635009765625,6.864124582270477e-14,6.864124582270477e-14
0.963623046875,6.23051095298591e-14,6.23051095298591e-14
0.9637451171875,5.651789298495161e-14,5.651789298495162e-14
0.9638671875,5.123529952289991e-14,5.123529952289992e-14
0.9639892578125,4.6416330287055027e-14,4.6416330287055046e-14
0.964111328125,4.2023060614655955e-14,4.2023060614655936e-14
0.9642333984375,3.802042998602943e-14,3.802042998602943e-14
0.96435546875,3.437604482131222e-14,3.437604482131221e-14
0.9644775390625,3.105999343990899e-14,3.105999343990898e-14
0.964599609375,2.80446725282947e-14,2.80446725282947e-14
0.9647216796875,2.530462449114223e-14,2.530462449114223e-14
0.96484375,2.2816385089124844e-14,2.2816385089124847e-14
0.9649658203125,2.0558340794128024e-14,2.0558340794128024e-14
0.965087890625,1.8510595319025477e-14,1.8510595319025477e-14
0.9652099609375,1.6654844804650564e-14,1.6654844804650564e-14
0.96533203125,1.4974261171146053e-14,1.4974261171146044e-14
0.9654541015625,1.3453383164523283e-14,1.3453383164523285e-14
0.965576171875,1.2078014652026408e-14,1.2078014652026408e-14
0.9656982421875,1.0835129741798299e-14,1.0835129741798299e-14
0.9658203125,9.7127843234042e-15,9.7127843234042e-15
0.9659423828125,8.700033646005766e-15,8.700033646005766e-15
0.966064453125,7.786855570414105e-15,7.786855570414105e-15
0.9661865234375,6.964079149905584e-15,6.9640791499055855e-15
0.96630859375,6.223318212579201e-15,6.2233182125792e-15
0.9664306640625,5.556909635190176e-15,5.556909635190176e-15
0.966552734375,4.957856014830955e-15,4.957856014830955e-15
0.9666748046875,4.419772460569071e-15,4.419772460569071e-15
0.966796875,3.936837242211013e-15,3.936837242211013e-15
0.9669189453125,3.5037460477629247e-15,3.5037460477629255e-15
0.967041015625,3.1156696149222866e-15,3.1156696149222866e-15
0.9671630859375,2.7682145150796833e-15,2.7682145150796833e-15
0.96728515625,2.4573868808559327e-15,2.4573868808559327e-15
0.9674072265625,2.179558880166446e-15,2.179558880166446e-15
0.967529296875,1.9314377512111576e-15,1.9314377512111576e-15
0.9676513671875,1.7100372236532914e-15,1.7100372236532914e-15
0.9677734375,1.5126511615925528e-15,1.5126511615925524e-15
0.9678955078125,1.336829273776203e-15,1.336829273776203e-15
0.968017578125,1.1803547458430857e-15,1.1803547458430855e-15
0.9681396484375,1.0412236582787965e-15,1.0412236582787965e-15
0.96826171875,9.176260621922238e-16,9.176260621922238e-16
0.9683837890625,8.079285930218394e-16,8.079285930218393e-16
0.968505859375,7.106585098611767e-16,7.106585098611769e-16
0.9686279296875,6.244890552732985e-16,6.244890552732986e-16
0.96875,5.482260372599363e-16,5.482260372599363e-16
0.9688720703125,4.807955414780232e-16,4.807955414780232e-16
0.968994140625,4.212326878699783e-16,4.212326878699784e-16
0.9691162109375,3.686713516093216e-16,3.6867135160932154e-16
0.96923828125,3.223347736746332e-16,3.223347736746333e-16
0.9693603515625,2.8152699146676084e-16,2.815269914667609e-16
0.969482421875,2.4562502469038883e-16,2.456250246903889e-16
0.9696044921875,2.1407175624508912e-16,2.1407175624508912e-16
0.9697265625,1.8636945212584907e-16,1.8636945212584905e-16
0.9698486328125,1.6207386833152074e-16,1.6207386833152076e-16
0.969970703125,1.4078889653395294e-16,1.4078889653395297e-16
0.9700927734375,1.2216170378266797e-16,1.2216170378266797e-16
0.97021484375,1.0587832482135037e-16,1.0587832482135037e-16
0.9703369140625,9.16596686842629e-17,9.16596686842629e-17
0.970458984375,7.925790413373946e-17,7.925790413373946e-17
0.9705810546875,6.845319120450412e-17,6.845319120450411e-17
0.970703125,5.905072864670783e-17,5.905072864670783e-17
0.9708251953125,5.087808941688528e-17,5.0878089416885253e-17
0.970947265625,4.3782818563752945e-17,4.3782818563752945e-17
0.9710693359375,3.763026990278052e-17,3.763026990278052e-17
0.97119140625,3.230165977829155e-17,3.230165977829155e-17
0.9713134765625,2.769231798265761e-17,2.7692317982657622e-17
0.971435546875,2.3710117546764027e-17,2.3710117546764027e-17
0.9715576171875,2.0274066641829753e-17,2.0274066641829756e-17
0.9716796875,1.7313047247009517e-17,1.731304724700952e-17
0.9718017578125,1.4764686546820042e-17,1.4764686546820042e-17
0.971923828125,1.2574348233821864e-17,1.2574348233821864e-17
0.9720458984375,1.0694232011355065e-17,1.0694232011355065e-17
0.97216796875,9.082570624369294e-18,9.082570624369294e-18
0.9722900390625,7.702914699112032e-18,7.702914699112032e-18
0.972412109375,6.52349654996665e-18,6.52349654996665e-18
0.9725341796875,5.516664919110007e-18,5.5166649191100104e-18
0.97265625,4.6583833566684395e-18,4.658383356668439e-18
0.9727783203125,3.9277856302133424e-18,3.9277856302133424e-18
0.972900390625,3.3067821770273092e-18,3.3067821770273092e-18
0.9730224609375,2.7797121846220067e-18,2.7797121846220067e-18
0.97314453125,2.3330364083032287e-18,2.3330364083032287e-18
0.9732666015625,1.9550663127371564e-18,1.9550663127371564e-18
0.973388671875,1.6357255608425717e-18,1.635725560842572e-18
0.9735107421875,1.3663402710798277e-18,1.3663402710798279e-18
0.9736328125,1.1394548262961432e-18,1.1394548262961434e-18
0.9737548828125,9.48670346498849e-19,9.486703464988494e-19
0.973876953125,7.885032368651225e-19,7.885032368651225e-19
0.9739990234375,6.542614933901773e-19,6.542614933901773e-19
0.97412109375,5.419366940950267e-19,5.419366940950265e-19
0.9742431640625,4.481098257751231e-19,4.481098257751231e-19
0.974365234375,3.6986929684129535e-19,3.6986929684129535e-19
0.9744873046875,3.0473966771473885e-19,3.0473966771473885e-19
0.974609375,2.506197931873876e-19,2.506197931873876e-19
0.9747314453125,2.057292177228203e-19,2.057292177228203e-19
0.974853515625,1.6856179630887803e-19,1.6856179630887805e-19
0.9749755859375,1.3784563152911207e-19,1.3784563152911212e-19
0.97509765625,1.1250852323998608e-19,1.1250852323998608e-19
0.9752197265625,9.164822177095179e-20,9.16482217709518e-20
0.975341796875,7.45068599602421e-20,7.45068599602421e-20
0.9754638671875,6.044901457004882e-20,6.044901457004883e-20
0.9755859375,4.894291458026424e-20,4.894291458026424e-20
0.9757080078125,3.954437335507494e-20,3.954437335507494e-20
0.975830078125,3.188307445676399e-20,3.188307445676398e-20
0.9759521484375,2.5650887626722444e-20,2.5650887626722444e-20
0.97607421875,2.0591932785415114e-20,2.0591932785415114e-20
0.9761962890625,1.6494146385669997e-20,1.6494146385669997e-20
0.976318359375,1.3182136600367373e-20,1.3182136600367376e-20
0.9764404296875,1.0511142101924511e-20,1.0511142101924514e-20
0.9765625,8.36193401847686e-21,8.36193401847686e-21
0.9766845703125,6.6365224114361624e-21,6.636522411436161e-21
0.976806640625,5.254547655046501e-21,5.254547655046501e-21
0.9769287109375,4.150253720417349e-21,4.150253720417349e-21
0.97705078125,3.2699548527908198e-21,3.2699548527908205e-21
0.9771728515625,2.5699197314356283e-21,2.5699197314356283e-21
0.977294921875,2.014608140431671e-21,2.014608140431671e-21
0.9774169921875,1.5752046558690487e-21,1.5752046558690487e-21
0.9775390625,1.2284020492258386e-21,1.2284020492258384e-21
0.9776611328125,9.553941769491747e-22,9.553941769491747e-22
0.977783203125,7.410442138856704e-22,7.410442138856705e-22
0.9779052734375,5.731993185471112e-22,5.731993185471114e-22
0.97802734375,4.421273022043811e-22,4.4212730220438115e-22
0.9781494140625,3.4005470946642714e-22,3.400547094664271e-22
0.978271484375,2.6078899167954e-22,2.6078899167953996e-22
0.9783935546875,1.9941024211624168e-22,1.9941024211624173e-22
0.978515625,1.520203301446799e-22,1.520203301446799e-22
0.9786376953125,1.1553927871089452e-22,1.1553927871089452e-22
0.978759765625,8.754042647668413e-23,8.754042647668413e-23
0.9788818359375,6.611734723130877e-23,6.611734723130875e-23
0.97900390625,4.977670333023095e-23,4.9776703330230974e-23
0.9791259765625,3.735222037791424e-23,3.735222037791424e-23
0.979248046875,2.793581611793547e-23,2.7935816117935475e-23
0.9793701171875,2.0822622506582263e-23,2.0822622506582266e-23
0.9794921875,1.546722772982881e-23,1.5467227729828812e-23
0.9796142578125,1.1448952938806936e-23,1.1448952938806936e-23
0.979736328125,8.444382531709852e-24,8.444382531709852e-24
0.9798583984375,6.205700397279176e-24,6.205700397279176e-24
0.97998046875,4.543659149925509e-24,4.54365914992551e-24
0.9801025390625,3.314234788994898e-24,3.314234788994898e-24
0.980224609375,2.408203669041423e-24,2.4082036690414226e-24
0.9803466796875,1.7430291518685255e-24,1.7430291518685255e-24
0.98046875,1.256567698501504e-24,1.256567698501504e-24
0.9805908203125,9.022033800840589e-25,9.022033800840587e-25
0.980712890625,6.450999659078353e-25,6.450999659078353e-25
0.9808349609375,4.593243250218955e-25,4.593243250218955e-25
0.98095703125,3.256467158348448e-25,3.256467158348448e-25
0.9810791015625,2.2986500662015054e-25,2.2986500662015045e-25
0.981201171875,1.6153292716141488e-25,1.6153292716141486e-25
0.9813232421875,1.1299871003285505e-25,1.1299871003285507e-25
0.9814453125,7.868126174541769e-26,7.868126174541769e-26
0.9815673828125,5.452739038639617e-26,5.452739038639617e-26
0.981689453125,3.7606488148541757e-26,3.7606488148541757e-26
0.9818115234375,2.5809139066825276e-26,2.5809139066825276e-26
0.98193359375,1.7623972313020763e-26,1.7623972313020763e-26
0.9820556640625,1.1973175082750331e-26,1.1973175082750335e-26
0.982177734375,8.091789984385107e-27,8.091789984385107e-27
0.9822998046875,5.439548432162574e-27,5.439548432162574e-27
0.982421875,3.6367714723330524e-27,3.6367714723330524e-27
0.9825439453125,2.4179910811008136e-27,2.4179910811008136e-27
0.982666015625,1.5985569356583005e-27,1.5985569356583005e-27
0.9827880859375,1.0507128170206901e-27,1.0507128170206906e-27
0.98291015625,6.865445803580236e-28,6.865445803580236e-28
0.9830322265625,4.4588923978229245e-28,4.4588923978229245e-28
0.983154296875,2.878073774073066e-28,2.878073774073067e-28
0.9832763671875,1.846014134670242e-28,1.846014134670242e-28
0.9833984375,1.176429925948541e-28,1.176429925948541e-28
0.9835205078125,7.447886288177463e-29,7.447886288177464e-29
0.983642578125,4.6835168514010886e-29,4.6835168514010886e-29
0.9837646484375,2.9249432217604804e-29,2.92494322176048e-29
0.98388671875,1.8138498533403722e-29,1.8138498533403725e-29
0.9840087890625,1.1167448102282915e-29,1.1167448102282912e-29
0.984130859375,6.825010049000993e-30,6.825010049000995e-30
0.9842529296875,4.1397602776354956e-30,4.1397602776354956e-30
0.984375,2.4916849233636395e-30,2.4916849233636392e-30
0.9844970703125,1.4879151715760486e-30,1.4879151715760486e-30
0.984619140625,8.81351034538155e-31,8.813510345381552e-31
0.9847412109375,5.177514766485083e-31,5.177514766485084e-31
0.98486328125,3.0158430201148314e-31,3.0158430201148305e-31
0.9849853515625,1.7414922192498375e-31,1.7414922192498373e-31
0.985107421875,9.96706516723354e-32,9.96706516723354e-32
0.9852294921875,5.652629119281502e-32,5.652629119281502e-32
0.9853515625,3.175940976698054e-32,3.1759409766980545e-32
0.9854736328125,1.7673846694276074e-32,1.7673846694276066e-32
0.985595703125,9.739149096281797e-33,9.739149096281799e-33
0.9857177734375,5.312918539979049e-33,5.31291853997905e-33
0.98583984375,2.8684989776054683e-33,2.868498977605468e-33
0.9859619140625,1.5323885994262647e-33,1.5323885994262647e-33
0.986083984375,8.097574984640422e-34,8.09757498464042e-34
0.9862060546875,4.231436335099946e-34,4.231436335099944e-34
0.986328125,2.1859381226844444e-34,2.185938122684444e-34
0.9864501953125,1.1160173124192291e-34,1.1160173124192291e-34
0.986572265625,5.629216285765542e-35,5.629216285765543e-35
0.9866943359375,2.804301487015693e-35,2.804301487015692e-35
0.98681640625,1.3792777437538508e-35,1.379277743753851e-35
0.9869384765625,6.695359956880224e-36,6.695359956880223e-36
0.987060546875,3.206493641096173e-36,3.206493641096175e-36
0.9871826171875,1.514446861515667e-36,1.514446861515667e-36
0.9873046875,7.0513364905035585e-37,7.05133649050356e-37
0.9874267578125,3.235209414961912e-37,3.235209414961912e-37
0.987548828125,1.4620414083436504e-37,1.4620414083436516e-37
0.9876708984375,6.505019775291501e-38,6.505019775291498e-38
0.98779296875,2.8481760124976276e-38,2.848176012497628e-38
0.9879150390625,1.2266020874440097e-38,1.2266020874440097e-38
0.988037109375,5.1932601745779736e-39,5.193260174577976e-39
0.9881591796875,2.160467704731807e-39,2.160467704731807e-39
0.98828125,8.82651189705288e-40,8.826511897052873e-40
0.9884033203125,3.539292059229504e-40,3.5392920592295032e-40
0.988525390625,1.3921032645666173e-40,1.3921032645666167e-40
0.9886474609375,5.367659685384006e-41,5.367659685384005e-41
0.98876953125,2.027570606728387e-41,2.027570606728388e-41
0.9888916015625,7.498099163738494e-42,7.498099163738495e-42
0.989013671875,2.7127153363867943e-42,2.712715336386795e-42
0.9891357421875,9.59433851644858e-43,9.594338516448576e-43
0.9892578125,3.314736555530781e-43,3.3147365555307803e-43
0.9893798828125,1.1177796372039956e-43,1.1177796372039952e-43
0.989501953125,3.6759563044309324e-44,3.6759563044309324e-44
0.9896240234375,1.1778989151476257e-44,1.1778989151476255e-44
0.98974609375,3.674240396772658e-45,3.674240396772657e-45
0.9898681640625,1.1146229370484888e-45,1.1146229370484897e-45
0.989990234375,3.2850934920535976e-46,3.2850934920535976e-46
0.9901123046875,9.39644453585649e-47,9.39644453585649e-47
0.990234375,2.605487632728074e-47,2.605487632728074e-47
0.9903564453125,6.995408789561838e-48,6.995408789561836e-48
0.990478515625,1.8163461096142192e-48,1.8163461096142186e-48
0.9906005859375,4.554917128276951e-49,4.554917128276951e-49
0.99072265625,1.1017015093901928e-49,1.1017015093901926e-49
0.9908447265625,2.5663893796821e-50,2.5663893796821013e-50
0.990966796875,5.749049132243111e-51,5.749049132243109e-51
0.9910888671875,1.2364824176907513e-51,1.236482417690751e-51
0.9912109375,2.548961453840995e-52,2.5489614538409953e-52
0.9913330078125,5.027424618810338e-53,5.027424618810339e-53
0.991455078125,9.469217800424466e-54,9.469217800424464e-54
0.9915771484375,1.6998109349049585e-54,1.6998109349049588e-54
0.99169921875,2.901922591831806e-55,2.9019225918318087e-55
0.9918212890625,4.701058052349503e-56,4.701058052349503e-56
0.991943359375,7.209363291105976e-57,7.209363291105981e-57
0.9920654296875,1.0439822770011791e-57,1.043982277001179e-57
0.9921875,1.4237023646717863e-58,1.4237023646717863e-58
0.9923095703125,1.823207935283609e-59,1.8232079352836088e-59
0.992431640625,2.185874946570767e-60,2.1858749465707674e-60
0.9925537109375,2.4455770013341603e-61,2.4455770013341607e-61
0.99267578125,2.5445178761221883e-62,2.5445178761221883e-62
0.9927978515625,2.4529997734584435e-63,2.4529997734584424e-63
0.992919921875,2.1824624841796495e-64,2.1824624841796516e-64
0.9930419921875,1.78452589913591e-65,1.784525899135909e-65
0.9931640625,1.334948756786301e-66,1.334948756786302e-66
0.9932861328125,9.092187649739995e-68,9.092187649739995e-68
0.993408203125,5.608864370370825e-69,5.608864370370821e-69
0.9935302734375,3.1164098706644765e-70,3.116409870664477e-70
0.99365234375,1.5502112448591222e-71,1.5502112448591222e-71
0.9937744140625,6.859025703069443e-73,6.859025703069436e-73
0.993896484375,2.680539682405371e-74,2.680539682405371e-74
0.9940185546875,9.182793323579855e-76,9.182793323579859e-76
0.994140625,2.7349552480106687e-77,2.734955248010669e-77
0.9942626953125,7.018995844964434e-79,7.018995844964443e-79
0.994384765625,1.5372306096487152e-80,1.537230609648716e-80
0.9945068359375,2.8428786444085945e-82,2.842878644408593e-82
0.99462890625,4.388665040219245e-84,4.388665040219246e-84
0.9947509765625,5.584651774686957e-86,5.584651774686962e-86
0.994873046875,5.777818649797803e-88,5.777818649797801e-88
0.9949951171875,4.787038421237703e-90,4.7870384212377035e-90
0.9951171875,3.1237748073279394e-92,3.123774807327939e-92
0.9952392578125,1.5762907934559466e-94,1.5762907934559471e-94
0.995361328125,6.027438750541039e-97,6.027438750541036e-97
0.9954833984375,1.7077093742458159e-99,1.7077093742458159e-99
0.99560546875,3.496563394754845e-102,3.4965633947548457e-102
0.9957275390625,5.0319787452636905e-105,5.0319787452636936e-105
0.995849609375,4.9341218751882346e-108,4.9341218751882285e-108
0.9959716796875,3.183635787589587e-111,3.183635787589583e-111
0.99609375,1.2997436165444648e-114,1.299743616544464e-114
0.9962158203125,3.212151572697583e-118,3.2121515726975814e-118
0.996337890625,4.5704681958876075e-122,4.570468195887611e-122
0.9964599609375,3.536483764177463e-126,3.536483764177457e-126
0.99658203125,1.3941537821653453e-130,1.3941537821653475e-130
0.9967041015625,2.5981614242623874e-135,2.598161424262389e-135
0.996826171875,2.099553382029625e-140,2.099553382029625e-140
0.9969482421875,6.655532967850515e-146,6.655532967850512e-146
0.9970703125,7.363343560247803e-152,7.363343560247803e-152
0.9971923828125,2.4786818918163556e-158,2.4786818918163556e-158
0.997314453125,2.1587795079352816e-165,2.1587795079352835e-165
0.9974365234375,4.010690600567084e-173,4.010690600567084e-173
0.99755859375,1.2608908637893327e-181,1.260890863789333e-181
0.9976806640625,5.068050634146132e-191,5.068050634146132e-191
0.997802734375,1.8489381516305137e-201,1.8489381516305122e-201
0.9979248046875,4.009933756338181e-213,4.0099337563381846e-213
0.998046875,3.0462719222006716e-226,3.046271922200668e-226
0.9981689453125,4.1482037737161985e-241,4.1482037737161885e-241
0.998291015625,4.27904785485885e-258,4.27904785485884e-258
0.9984130859375,1.0841735481187485e-277,1.0841735481187515e-277
0.99853515625,1.5030738656859805e-300,1.5030738656859792e-300
0.9986572265625,0.0,0.0
0.998779296875,0.0,0.0
0.9989013671875,0.0,0.0
0.9990234375,0.0,0.0
0.9991455078125,0.0,0.0
0.999267578125,0.0,0.0
0.9993896484375,0.0,0.0
0.99951171875,0.0,0.0
0.9996337890625,0.0,0.0
0.999755859375,0.0,0.0
0.9998779296875,0.0,0.0
1.0,0.0,0.0
